tipo,N. Albo,Categoria,Fondo Pensione,Società,Linea/Comparto,Classificazione Covip,Performance 1Y,Performance 3Y,Performance 5Y,Performance 10Y,Performance 20Y,ISC 2 Anni,ISC 5 Anni,ISC 10 Anni,ISC 35 Anni,Garanzia,Costi di Adesione,Costi annui di Gestione,Costi di Gestione Finanziaria,Costi di Anticipazione,Costi di Trasferimento,Costi di Riscatto,Costi di Riallocazione della Posizione,Costi di Riallocazione del Flusso Contributivo,Costi di Erogazione,Benchmark,Composizione Patrimonio: Azionario,Composizione Patrimonio: Obbligazionario,Data inizio quotazione,Sostenibilità,rating,Sito Web,Categoria/Contratto di Riferimento
"PIP","5006","Piano Individuale Pensionistico (PIP)","ALLEATA PREVIDENZA - PIANO INDIVIDUALE PENSIONISTICO DI TIPO ASSICURATIVO - FONDO PENSIONE","ALLEANZA ASSICURAZIONI S.P.A.","ALLEATA GARANTITA","Garantito","1.59","1.36","1.29","1.54","","4.16","2.48","1.89","1.45","Sì","10 euro","1,30% trattenuto dal rendimento annuo","1,30% annuo","non previste","50 euro","non previste","non previste","non previste","1,90% mensile, 1,60% bimestrale, 1,50% trimestrale, 1,45% quadrimestrale, 1,40% semestrale, 1,35% annuale della rendita","tasso di rendimento medio dei titoli di Stato e delle obbligazioni","11,25%","88,75%","11/05/2007","NO","3","https://www.alleanza.it/previdenza-complementare/alleata-previdenza/",""
"PIP","5006","Piano Individuale Pensionistico (PIP)","ALLEATA PREVIDENZA - PIANO INDIVIDUALE PENSIONISTICO DI TIPO ASSICURATIVO - FONDO PENSIONE","ALLEANZA ASSICURAZIONI S.P.A.","ALLEATA BILANCIATA","Bilanciato","7.87","0.3","2.29","1.94","","4.49","2.81","2.22","1.79","Sì","10 euro","1,55% del patrimonio annuo","1,55% annuo","non previste","50 euro","non previste","non previste","non previste","1,90% mensile, 1,60% bimestrale, 1,50% trimestrale, 1,45% quadrimestrale, 1,40% semestrale, 1,35% annuale della rendita","35% ICE BofAML Euro Government Index, 10% ICE Euro Corporate Optimized ESG Tilt Index “Best-in-Class”, 5% ICE Euro High Yield Optimized ESG Tilt Index “Best-in-Class”, 50% MSCI ACWI ESG Leaders EUR NR","47,63%","52,37%","04/05/2007","SÌ","3","https://www.alleanza.it/previdenza-complementare/alleata-previdenza/",""
"PIP","5006","Piano Individuale Pensionistico (PIP)","ALLEATA PREVIDENZA - PIANO INDIVIDUALE PENSIONISTICO DI TIPO ASSICURATIVO - FONDO PENSIONE","ALLEANZA ASSICURAZIONI S.P.A.","ALLEATA AZIONARIA","Azionario","11.66","2.25","5","3.88","","4.71","3.03","2.44","2.01","Sì","10 euro","1,75% del patrimonio annuo","1,75% annuo","non previste","50 euro","non previste","non previste","non previste","1,90% mensile, 1,60% bimestrale, 1,50% trimestrale, 1,45% quadrimestrale, 1,40% semestrale, 1,35% annuale della rendita","10,0% ICE BofAML Euro Government Index, 5,0% ICE Euro Corporate Optimized ESG Tilt Index “Best-in-Class”, 85,0% MSCI ACWI ESG Leaders EUR NR","79,23%","20,77%","04/05/2007","SÌ","3","https://www.alleanza.it/previdenza-complementare/alleata-previdenza/",""
"PIP","5101","Piano Individuale Pensionistico (PIP)","PIANO PENSIONE MONEYFARM - PIANO INDIVIDUALE PENSIONISTICO DI TIPO ASSICURATIVO - FONDO PENSIONE","ALLIANZ GLOBAL LIFE DAC","MFM LINEA PRUDENTE","Bilanciato","2.39","-1.89","-0.03","","","1.62","1.48","1.42","1.37","","","","","","","","","","","","","","","","2","https://www.allianzgloballife.com/it_IT/prodotti/piano-pensione-moneyfarm.html",""
"PIP","5101","Piano Individuale Pensionistico (PIP)","PIANO PENSIONE MONEYFARM - PIANO INDIVIDUALE PENSIONISTICO DI TIPO ASSICURATIVO - FONDO PENSIONE","ALLIANZ GLOBAL LIFE DAC","MFM LINEA MODERATA","Bilanciato","5.18","-1.58","1.93","","","1.62","1.48","1.42","1.37","","","","","","","","","","","","","","","","3","https://www.allianzgloballife.com/it_IT/prodotti/piano-pensione-moneyfarm.html",""
"PIP","5101","Piano Individuale Pensionistico (PIP)","PIANO PENSIONE MONEYFARM - PIANO INDIVIDUALE PENSIONISTICO DI TIPO ASSICURATIVO - FONDO PENSIONE","ALLIANZ GLOBAL LIFE DAC","MFM LINEA BILANCIATA","Bilanciato","8.15","-0.12","3.84","","","1.62","1.48","1.42","1.37","","","","","","","","","","","","","","","","3","https://www.allianzgloballife.com/it_IT/prodotti/piano-pensione-moneyfarm.html",""
"PIP","5101","Piano Individuale Pensionistico (PIP)","PIANO PENSIONE MONEYFARM - PIANO INDIVIDUALE PENSIONISTICO DI TIPO ASSICURATIVO - FONDO PENSIONE","ALLIANZ GLOBAL LIFE DAC","MFM LINEA ORIZZONTE","Bilanciato","10.08","0.37","5.17","","","1.62","1.48","1.42","1.37","","","","","","","","","","","","","","","","4","https://www.allianzgloballife.com/it_IT/prodotti/piano-pensione-moneyfarm.html",""
"PIP","5101","Piano Individuale Pensionistico (PIP)","PIANO PENSIONE MONEYFARM - PIANO INDIVIDUALE PENSIONISTICO DI TIPO ASSICURATIVO - FONDO PENSIONE","ALLIANZ GLOBAL LIFE DAC","MFM LINEA FUTURO","Bilanciato","11.44","0.76","5.92","","","1.62","1.48","1.42","1.37","","","","","","","","","","","","","","","","4","https://www.allianzgloballife.com/it_IT/prodotti/piano-pensione-moneyfarm.html",""
"PIP","5101","Piano Individuale Pensionistico (PIP)","PIANO PENSIONE MONEYFARM - PIANO INDIVIDUALE PENSIONISTICO DI TIPO ASSICURATIVO - FONDO PENSIONE","ALLIANZ GLOBAL LIFE DAC","MFM LINEA AZIONARIA","Bilanciato","12.83","0.88","8.35","","","1.62","1.48","1.42","1.37","","","","","","","","","","","","","","","","5","https://www.allianzgloballife.com/it_IT/prodotti/piano-pensione-moneyfarm.html",""
"PIP","5101","Piano Individuale Pensionistico (PIP)","PIANO PENSIONE MONEYFARM - PIANO INDIVIDUALE PENSIONISTICO DI TIPO ASSICURATIVO - FONDO PENSIONE","ALLIANZ GLOBAL LIFE DAC","MFM LINEA INTRAPRENDENTE","Azionario","","","","","","1.62","1.48","1.42","1.37","","","","","","","","","","","","","","","","3","https://www.allianzgloballife.com/it_IT/prodotti/piano-pensione-moneyfarm.html",""
"PIP","5024","Piano Individuale Pensionistico (PIP)","ELIOS PREVIDENZA 2007 - PIANO INDIVIDUALE PENSIONISTICO DI TIPO ASSICURATIVO - FONDO PENSIONE","ALLIANZ S.P.A.","FONDO PROTETTO 2007","Garantito","2.54","0.67","-0.31","-0.47","","3.87","2.28","1.84","1.58","Sì","50 euro","1,5% commissione di gestione annua","1,5% commissione di gestione","non previste","50 euro","non previste","non previste","non previste","caricamento in base alla periodicità: 1,125% (annuale), 1,50% (semestrale), 2,25% (trimestrale), 3,00% (bimestrale), 5,25% (mensile)","80% JPM EMU 1-3 Total Return in Euro, 10% MSCI EMU LARGE CAP INDEX TOTAL RETURN, 10% MTS BOT","limite massimo 30%","prevalente","07/06/2007","non adotta una politica di investimento che promuove caratteristiche ambientali o sociali o ha come obiettivo investimenti sostenibili","2","https://www.allianz.it/content/dam/onemarketing/azit/allianz-it/prodotti/antonvenetavita/allegati/48rvp2_CC_4292_mar_2023_def.pdf",""
"PIP","5024","Piano Individuale Pensionistico (PIP)","ELIOS PREVIDENZA 2007 - PIANO INDIVIDUALE PENSIONISTICO DI TIPO ASSICURATIVO - FONDO PENSIONE","ALLIANZ S.P.A.","FONDO ARMONICO 2007","Bilanciato","4.14","2.08","1.44","1.26","","3.87","2.28","1.84","1.58","Sì","50 euro","1,5% commissione di gestione annua; 5% commissione di incentivo (High Watermark)","1,5% commissione di gestione; 5% commissione di incentivo","non previste","50 euro","non previste","non previste","non previste","caricamento in base alla periodicità: 1,125% (annuale), 1,50% (semestrale), 2,25% (trimestrale), 3,00% (bimestrale), 5,25% (mensile)","60% JPM EMU 1-3 Total Return in Euro, 30% MSCI EMU LARGE CAP INDEX TOTAL RETURN, 10% MTS BOT","massimo 50%","titoli di debito e capitale","07/06/2007","non adotta una politica di investimento che promuove caratteristiche ambientali o sociali o ha come obiettivo investimenti sostenibili","3","https://www.allianz.it/content/dam/onemarketing/azit/allianz-it/prodotti/antonvenetavita/allegati/48rvp2_CC_4292_mar_2023_def.pdf",""
"PIP","5024","Piano Individuale Pensionistico (PIP)","ELIOS PREVIDENZA 2007 - PIANO INDIVIDUALE PENSIONISTICO DI TIPO ASSICURATIVO - FONDO PENSIONE","ALLIANZ S.P.A.","FONDO ATTIVO 2007","Bilanciato","6.44","3.26","2.55","2.16","","3.87","2.28","1.84","1.58","Sì","50 euro","1,5% commissione di gestione annua; 5% commissione di incentivo (High Watermark)","1,5% commissione di gestione; 5% commissione di incentivo","non previste","50 euro","non previste","non previste","non previste","caricamento in base alla periodicità: 1,125% (annuale), 1,50% (semestrale), 2,25% (trimestrale), 3,00% (bimestrale), 5,25% (mensile)","40% JPM EMU 1-3 Total Return in Euro, 50% MSCI EMU LARGE CAP INDEX TOTAL RETURN, 10% MTS BOT","massimo 70%","prevalentemente verso titoli di capitale","07/06/2007","non adotta una politica di investimento che promuove caratteristiche ambientali o sociali o ha come obiettivo investimenti sostenibili","3","https://www.allianz.it/content/dam/onemarketing/azit/allianz-it/prodotti/antonvenetavita/allegati/48rvp2_CC_4292_mar_2023_def.pdf",""
"PIP","5094","Piano Individuale Pensionistico (PIP)","ORIZZONTE PREVIDENZA - PIANO INDIVIDUALE PENSIONISTICO DI TIPO ASSICURATIVO - FONDO PENSIONE","ALLIANZ S.P.A.","FORMULA SICURA","Garantito","0.55","0.47","0.53","0.85","","2.16","1.62","1.53","1.5","Sì","non previste","1,50%","1,50%","non previste","50 euro","non previste","non previste","non previste","1,80% - 3,30% in base alla periodicità","nessuno","2%","98%","10/04/2007","NO","2","https://www.allianz.it/le-soluzioni-per-te/previdenza/piani-individuali/orizzonte-previdenza.html",""
"PIP","5094","Piano Individuale Pensionistico (PIP)","ORIZZONTE PREVIDENZA - PIANO INDIVIDUALE PENSIONISTICO DI TIPO ASSICURATIVO - FONDO PENSIONE","ALLIANZ S.P.A.","FORMULA MODERATA","Bilanciato","4.24","-1.12","-0.05","0.12","","2.66","2.13","2.03","2","Sì","non previste","2,00%","2,00%","non previste","50 euro","non previste","non previste","non previste","1,80% - 3,30% in base alla periodicità","nessuno","49%","51%","10/04/2007","NO","2","https://www.allianz.it/le-soluzioni-per-te/previdenza/piani-individuali/orizzonte-previdenza.html",""
"PIP","5094","Piano Individuale Pensionistico (PIP)","ORIZZONTE PREVIDENZA - PIANO INDIVIDUALE PENSIONISTICO DI TIPO ASSICURATIVO - FONDO PENSIONE","ALLIANZ S.P.A.","FORMULA EQUILIBRATA","Bilanciato","6.79","0.14","1.23","1.26","","2.96","2.43","2.33","2.3","Sì","non previste","2,30%","2,30%","non previste","50 euro","non previste","non previste","non previste","1,80% - 3,30% in base alla periodicità","nessuno","72%","28%","10/04/2007","NO","3","https://www.allianz.it/le-soluzioni-per-te/previdenza/piani-individuali/orizzonte-previdenza.html",""
"PIP","5094","Piano Individuale Pensionistico (PIP)","ORIZZONTE PREVIDENZA - PIANO INDIVIDUALE PENSIONISTICO DI TIPO ASSICURATIVO - FONDO PENSIONE","ALLIANZ S.P.A.","FORMULA ATTIVA","Bilanciato","10.62","1.17","2.94","2.52","","3.16","2.63","2.53","2.5","Sì","non previste","2,50%","2,50%","non previste","50 euro","non previste","non previste","non previste","1,80% - 3,30% in base alla periodicità","nessuno","78%","22%","10/04/2007","NO","3","https://www.allianz.it/le-soluzioni-per-te/previdenza/piani-individuali/orizzonte-previdenza.html",""
"PIP","5094","Piano Individuale Pensionistico (PIP)","ORIZZONTE PREVIDENZA - PIANO INDIVIDUALE PENSIONISTICO DI TIPO ASSICURATIVO - FONDO PENSIONE","ALLIANZ S.P.A.","FORMULA SERENA","Bilanciato","4.04","-1.65","","","","2.16","1.62","1.53","1.5","Sì","non previste","1,50%","1,50%","non previste","50 euro","non previste","non previste","non previste","1,80% - 3,30% in base alla periodicità","nessuno","19%","81%","29/03/2021","NO","2","https://www.allianz.it/le-soluzioni-per-te/previdenza/piani-individuali/orizzonte-previdenza.html",""
"PIP","5094","Piano Individuale Pensionistico (PIP)","ORIZZONTE PREVIDENZA - PIANO INDIVIDUALE PENSIONISTICO DI TIPO ASSICURATIVO - FONDO PENSIONE","ALLIANZ S.P.A.","OBBLIGAZIONARIO","Obbligazionario Puro","0.45","-2.03","","","","2.46","1.93","1.83","1.8","Sì","non previste","1,80%","1,80%","non previste","50 euro","non previste","non previste","non previste","1,80% - 3,30% in base alla periodicità","100% Barclays Euro-Aggregate 1-10 Year TR Index Value Unhedged EUR","0%","100%","29/03/2021","NO","2","https://www.allianz.it/le-soluzioni-per-te/previdenza/piani-individuali/orizzonte-previdenza.html",""
"PIP","5094","Piano Individuale Pensionistico (PIP)","ORIZZONTE PREVIDENZA - PIANO INDIVIDUALE PENSIONISTICO DI TIPO ASSICURATIVO - FONDO PENSIONE","ALLIANZ S.P.A.","BILANCIATO","Bilanciato","9.25","0.82","","","","2.96","2.43","2.33","2.3","Sì","non previste","2,30%","2,30%","non previste","50 euro","non previste","non previste","non previste","1,80% - 3,30% in base alla periodicità","50% Barclays Euro-Aggregate 1-10 Year TR Index Value Unhedged EUR, 50% MSCI World Net TR Index (EUR)","41%","59%","29/03/2021","NO","2","https://www.allianz.it/le-soluzioni-per-te/previdenza/piani-individuali/orizzonte-previdenza.html",""
"PIP","5094","Piano Individuale Pensionistico (PIP)","ORIZZONTE PREVIDENZA - PIANO INDIVIDUALE PENSIONISTICO DI TIPO ASSICURATIVO - FONDO PENSIONE","ALLIANZ S.P.A.","AZIONARIO GLOBALE","Azionario","13.8","2.24","","","","3.16","2.63","2.53","2.5","Sì","non previste","2,50%","2,50%","non previste","50 euro","non previste","non previste","non previste","1,80% - 3,30% in base alla periodicità","90% MSCI World Net TR Index (EUR), 10% Barclays Euro-Aggregate 1-10 Year TR Index Value Unhedged EUR","97%","3%","29/03/2021","NO","3","https://www.allianz.it/le-soluzioni-per-te/previdenza/piani-individuali/orizzonte-previdenza.html",""
"PIP","5036","Piano Individuale Pensionistico (PIP)","PIANO INDIVIDUALE PENSIONISTICO DI TIPO ASSICURATIVO - PROGRESSIVE PENSION PLAN - PROGRAMMA DINAMICO - FONDO PENSIONE","ARCA VITA S.P.A.","CONTROL","Obbligazionario Misto","3.58","-0.99","0.1","0.95","","3.53","2.13","1.79","1.6","Sì","24,00 euro","1,45% del patrimonio","1,45%","Non previste","100,00 euro","Non previste","Non previste","Non previste","50,00 euro","ML UME Corpo & Large Cap 6,44%; JPM EMU Aggregate 51,56%; JPM Euro 3 mesi 17,79%; JPM (Titoli di Stato) USA 6,44%; MSCI USA 6,75%; MSCI Giappone 0,89%; MSCI Pacifico ex Giappone 0,89%; MSCI Europa 8,88%; MSCI Emerging Market Free 0,36%","18,96%","81,04%","21/03/2001","non adotta una politica di investimento che promuove caratteristiche ambientali o sociali","2","https://www.arcassicura.it/progressive-pension-plan",""
"PIP","5036","Piano Individuale Pensionistico (PIP)","PIANO INDIVIDUALE PENSIONISTICO DI TIPO ASSICURATIVO - PROGRESSIVE PENSION PLAN - PROGRAMMA DINAMICO - FONDO PENSIONE","ARCA VITA S.P.A.","MEDIUM","Bilanciato","8.36","1.52","3.4","3.66","","3.87","2.47","2.13","1.94","Sì","24,00 euro","1,75% del patrimonio","1,76%","Non previste","100,00 euro","Non previste","Non previste","Non previste","50,00 euro","ML UME Corpo & Large Cap 3,42%; JPM EMU Aggregate 27,39%; JPM Euro 3 mesi 5,00%; JPM (Titoli di Stato) USA 3,42%; MSCI USA 23,09%; MSCI Giappone 3,04%; MSCI Pacifico ex Giappone 3,04%; MSCI Europa 30,38%; MSCI Emerging Market Free 1,22%","63,33%","36,67%","21 marzo 2001","non adotta una politica di investimento che promuove caratteristiche ambientali o sociali","3","https://www.arcassicura.it/progressive-pension-plan",""
"PIP","5036","Piano Individuale Pensionistico (PIP)","PIANO INDIVIDUALE PENSIONISTICO DI TIPO ASSICURATIVO - PROGRESSIVE PENSION PLAN - PROGRAMMA DINAMICO - FONDO PENSIONE","ARCA VITA S.P.A.","POWER","Azionario","10.65","2.79","5","4.9","","4.1","2.7","2.36","2.17","Sì","24,00 euro","1,95% del patrimonio","1,96%","Non previste","100,00 euro","Non previste","Non previste","Non previste","50,00 euro","ML UME Corpo & Large Cap 1,25%; JPM EMU Aggregate 9,96%; JPM Euro 3 mesi 5,00%; JPM (Titoli di Stato) USA 1,25%; MSCI USA 31,37%; MSCI Giappone 4,13%; MSCI Pacifico ex Giappone 4,12%; MSCI Europa 41,27%; MSCI Emerging Market Free 1,65%","86,14%","13,86%","21 marzo 2001","non adotta una politica di investimento che promuove caratteristiche ambientali o sociali","4","https://www.arcassicura.it/progressive-pension-plan",""
"PIP","5103","Piano Individuale Pensionistico (PIP)","ATHORA FUTURO PREVIDENZA - PIANO INDIVIDUALE PENSIONISTICO DI TIPO ASSICURATIVO - FONDO PENSIONE","ATHORA ITALIA S.P.A.","ATHORA ITALIA - LINEA VALORE","Garantito","2.09","","","","","3.62","2.43","1.98","1.63","Sì","","","","","","","","","","","","","","","3","https://www.athora.it/soluzioni/prodotti/athora-futuro-previdenza/",""
"PIP","5103","Piano Individuale Pensionistico (PIP)","ATHORA FUTURO PREVIDENZA - PIANO INDIVIDUALE PENSIONISTICO DI TIPO ASSICURATIVO - FONDO PENSIONE","ATHORA ITALIA S.P.A.","ATHORA FUTURO AZIONARIO","Azionario","4.02","","","","","4.21","3.03","2.58","2.23","","","","","","","","","","","","","","","","4","https://www.athora.it/soluzioni/prodotti/athora-futuro-previdenza/",""
"PIP","5103","Piano Individuale Pensionistico (PIP)","ATHORA FUTURO PREVIDENZA - PIANO INDIVIDUALE PENSIONISTICO DI TIPO ASSICURATIVO - FONDO PENSIONE","ATHORA ITALIA S.P.A.","ATHORA FUTURO FLESSIBILE","Bilanciato","2.45","","","","","3.91","2.73","2.28","1.93","","","","","","","","","","","","","","","","3","https://www.athora.it/soluzioni/prodotti/athora-futuro-previdenza/",""
"PIP","5069","Piano Individuale Pensionistico (PIP)","AXA PROGETTO PENSIONE PIU' - PIANO INDIVIDUALE PENSIONISTICO DI TIPO ASSICURATIVO - FONDO PENSIONE","AXA ASSICURAZIONI S.P.A.","GESTIRIV PREVIDENZA","Garantito","0.73","0.64","0.88","1.35","","4.12","2.55","1.98","1.55","Sì","Non previste","1,40% come prelievo sul rendimento annuale della gestione interna separata","1,40%","70€","50€","non previste","non previste","non previste","1,25% della rendita","Tasso di rendimento medio dei titoli di Stato e delle obbligazioni","0,00%","100,00%","30/11/2007","non presi in considerazione","3","https://www.axa.it/documents/715551/1483885/Nota+Informativa_axa+prog+pensione+piu_marzo+2020.pdf/03255112-3298-cf98-fcbd-b4e1a79f16d2?t=1588236083782",""
"PIP","5069","Piano Individuale Pensionistico (PIP)","AXA PROGETTO PENSIONE PIU' - PIANO INDIVIDUALE PENSIONISTICO DI TIPO ASSICURATIVO - FONDO PENSIONE","AXA ASSICURAZIONI S.P.A.","AXA PREVIDENZA ASSOLUTO","Bilanciato","2.82","-1.08","-0.59","-0.1","","4.12","2.55","1.98","1.55","Sì","Non previste","1,40% del patrimonio del fondo interno, su base annua","1,40%","70€","50€","non previste","non previste","non previste","1,25% della rendita","","10,06%","89,94%","22/11/2007","","2","https://www.axa.it/documents/715551/1483885/Nota+Informativa_axa+prog+pensione+piu_marzo+2020.pdf/03255112-3298-cf98-fcbd-b4e1a79f16d2?t=1588236083782",""
"PIP","5069","Piano Individuale Pensionistico (PIP)","AXA PROGETTO PENSIONE PIU' - PIANO INDIVIDUALE PENSIONISTICO DI TIPO ASSICURATIVO - FONDO PENSIONE","AXA ASSICURAZIONI S.P.A.","AXA PREVIDENZA EUROPA","Azionario","5.92","2.36","4.22","4.39","","4.12","2.55","1.98","1.55","Sì","Non previste","1,40% del patrimonio del fondo interno, su base annua","1,40%","70€","50€","non previste","non previste","non previste","1,25% della rendita","100% MSCI Europe in Euro","100,00%","0,00%","22/11/2007","","4","https://www.axa.it/documents/715551/1483885/Nota+Informativa_axa+prog+pensione+piu_marzo+2020.pdf/03255112-3298-cf98-fcbd-b4e1a79f16d2?t=1588236083782",""
"PIP","5069","Piano Individuale Pensionistico (PIP)","AXA PROGETTO PENSIONE PIU' - PIANO INDIVIDUALE PENSIONISTICO DI TIPO ASSICURATIVO - FONDO PENSIONE","AXA ASSICURAZIONI S.P.A.","AXA PREVIDENZA INTERNAZIONALE","Azionario","19.85","6.69","9.41","8.39","","4.12","2.55","1.98","1.55","Sì","Non previste","1,40% del patrimonio del fondo interno, su base annua","1,40%","70€","50€","non previste","non previste","non previste","1,25% della rendita","100% MSCI World in Euro","100,00%","0,00%","22/11/2007","","5","https://www.axa.it/documents/715551/1483885/Nota+Informativa_axa+prog+pensione+piu_marzo+2020.pdf/03255112-3298-cf98-fcbd-b4e1a79f16d2?t=1588236083782",""
"PIP","5091","Piano Individuale Pensionistico (PIP)","MIA PENSIONE - PIANO INDIVIDUALE PENSIONISTICO DI TIPO ASSICURATIVO - FONDO PENSIONE","AXA ASSICURAZIONI S.P.A.","GESTIRIV PREVIDENZA","Garantito","0.64","0.43","0.5","0.89","","4.57","2.82","2.17","1.68","Sì","non previste","1,30%","1,50%","€ 70","€ 50","€ 70 (in caso di decesso non previste)","Non previste","Non previste","1,25% della rendita annua","Tasso di rendimento medio dei titoli di stato.","0,15%","99,85%","30/11/2007","Il comparto adotta una politica di investimento che promuove caratteristiche ambientali.","2","https://www.axa.it/previdenza-complementare",""
"PIP","5091","Piano Individuale Pensionistico (PIP)","MIA PENSIONE - PIANO INDIVIDUALE PENSIONISTICO DI TIPO ASSICURATIVO - FONDO PENSIONE","AXA ASSICURAZIONI S.P.A.","PREVIDENZA EURO SMALL CAP","Azionario","0.8","-2.91","1.66","3.92","","5.26","3.52","2.88","2.38","Sì","non previste","2,20%","2,28%","€ 70","€ 50","€ 70 (in caso di decesso non previste)","Non previste","Non previste","1,25% della rendita annua","100% EURO STOXX SMALL in EURO.","100,00%","0,00%","24/05/2014","Il comparto non adotta una politica di investimento che promuove caratteristiche ambientali o sociali o ha come obiettivo investimenti sostenibili.","3","https://www.axa.it/previdenza-complementare",""
"PIP","5091","Piano Individuale Pensionistico (PIP)","MIA PENSIONE - PIANO INDIVIDUALE PENSIONISTICO DI TIPO ASSICURATIVO - FONDO PENSIONE","AXA ASSICURAZIONI S.P.A.","PREVIDENZA MEGATREND","Azionario","5.91","2.77","4.64","4","","5.26","3.52","2.88","2.38","Sì","non previste","2,20%","2,32%","€ 70","€ 50","€ 70 (in caso di decesso non previste)","Non previste","Non previste","1,25% della rendita annua","20% MSCI World/Health Care 10/40 NR EUR; 20% S&P North American Natural Resources TR; 20% FTSE Macquarie Global Infrastructure 100; 20% MSCI World Materials TR; 20% MSCI World Utilities.","100,00%","0,00%","30/06/2009","Il comparto non adotta una politica di investimento che promuove caratteristiche ambientali o sociali o ha come obiettivo investimenti sostenibili.","3","https://www.axa.it/previdenza-complementare",""
"PIP","5010","Piano Individuale Pensionistico (PIP)","AXA MPS PREVIDENZA ATTIVA - PIANO INDIVIDUALE PENSIONISTICO DI TIPO ASSICURATIVO - FONDO PENSIONE","AXA MPS ASSICURAZIONI VITA S.P.A.","MPV PREVIDENZA","Garantito","0.64","0.7","0.75","1.03","","3.06","2.24","1.93","1.69","Sì","non previste","1,60% trattenuto dal rendimento annuo di MPV PREVIDENZA, con un minimo del 20% del rendimento stesso","1,60% trattenuto dal rendimento annuo","non previste","€ 20","non previste","non previste","non previste","1,25% della rendita annua","il comparto non ha benchmark","1,83%","98,17%","21/09/2007","Promuove caratteristiche ambientali o sociali","3","https://www.axa-mps.it/piano-individuale-pensionistico",""
"PIP","5010","Piano Individuale Pensionistico (PIP)","AXA MPS PREVIDENZA ATTIVA - PIANO INDIVIDUALE PENSIONISTICO DI TIPO ASSICURATIVO - FONDO PENSIONE","AXA MPS ASSICURAZIONI VITA S.P.A.","MPV PREVIDENZA EQUILIBRATO","Bilanciato","6.49","0.18","2.06","2.5","","3.61","2.79","2.48","2.24","Sì","non previste","2,15% del patrimonio su base annua","2,26% (dato 2025)","non previste","€ 20","non previste","non previste","non previste","1,25% della rendita annua","25% MSCI Europe; 13% MSCI USA; 4% MSCI Emerging Markets; 8% MSCI AC Pacific; 24% JPM Emu Global Government Bond Index LC; 12% Merrill Lynch Emu Large Cap Investment Grade; 4% Merrill Lynch European Currency HY; 10% ML Euro Treasury Bill","54,16%","45,84%","15/07/2009","NO, non ne tiene conto","3","https://www.axa-mps.it/piano-individuale-pensionistico",""
"PIP","5010","Piano Individuale Pensionistico (PIP)","AXA MPS PREVIDENZA ATTIVA - PIANO INDIVIDUALE PENSIONISTICO DI TIPO ASSICURATIVO - FONDO PENSIONE","AXA MPS ASSICURAZIONI VITA S.P.A.","MPV PREVIDENZA AGGRESSIVO","Azionario","9.66","1.89","4.64","4.49","","3.85","3.04","2.73","2.49","Sì","non previste","2,40% del patrimonio su base annua","2,53% (dato 2025)","non previste","€ 20","non previste","non previste","non previste","1,25% della rendita annua","45% MSCI Europe; 21% MSCI USA; 12% MSCI Emerging Markets; 12% MSCI AC Pacific; 5% JPM Emu Global Government Bond Index LC; 5% ML Euro Treasury Bill","95,45%","4,55%","30/06/2009","NO, non ne tiene conto","4","https://www.axa-mps.it/piano-individuale-pensionistico",""
"PIP","5011","Piano Individuale Pensionistico (PIP)","AXA MPS PREVIDENZA PERSONALE - PIANO INDIVIDUALE PENSIONISTICO DI TIPO ASSICURATIVO - FONDO PENSIONE","AXA MPS ASSICURAZIONI VITA S.P.A.","MPV PREVIDENZA","Garantito","0.7","0.78","0.83","1.11","","3.69","2.55","2.05","1.65","Sì","Non previste","1,50% trattenuto dal rendimento annuo di MPV PREVIDENZA, con un minimo del 20% del rendimento stesso","Incluso nella gestione","Non previste","€ 10","Non previste","Non previste","Non previste","1,25% della rendita annua (spese di pagamento)","Non ha benchmark in quanto si prefigge uno stile di gestione “total return”","1,83%","98,17%","21/09/2007","SI, promuove CARATTERISTICHE AMBIENTALI O SOCIALI","3","https://www.axa-mps.it/piano-individuale-pensionistico",""
"PIP","5011","Piano Individuale Pensionistico (PIP)","AXA MPS PREVIDENZA PERSONALE - PIANO INDIVIDUALE PENSIONISTICO DI TIPO ASSICURATIVO - FONDO PENSIONE","AXA MPS ASSICURAZIONI VITA S.P.A.","MPV PREVIDENZA EQUILIBRATO","Bilanciato","6.49","0.18","2.06","2.5","","4.33","3.2","2.71","2.31","Sì","Non previste","2,15% del patrimonio su base annua","Incluso nella gestione","Non previste","€ 10","Non previste","Non previste","Non previste","1,25% della rendita annua (spese di pagamento)","25% MSCI Europe; 13% MSCI USA; 4% MSCI Emerging Markets; 8% MSCI AC Pacific; 24% JPM Emu Global Government Bond Index LC; 12% Merrill Lynch Emu Large Cap Investment Grade; 4% Merrill Lynch European Currency HY; 10% ML Euro Treasury Bill","45,84%","54,16%","15/07/2009","NO, non ne tiene conto","3","https://www.axa-mps.it/piano-individuale-pensionistico",""
"PIP","5011","Piano Individuale Pensionistico (PIP)","AXA MPS PREVIDENZA PERSONALE - PIANO INDIVIDUALE PENSIONISTICO DI TIPO ASSICURATIVO - FONDO PENSIONE","AXA MPS ASSICURAZIONI VITA S.P.A.","MPV PREVIDENZA AGGRESSIVO","Azionario","9.66","1.89","4.64","4.49","","4.57","3.45","2.96","2.56","Sì","Non previste","2,40% del patrimonio su base annua","Incluso nella gestione","Non previste","€ 10","Non previste","Non previste","Non previste","1,25% della rendita annua (spese di pagamento)","45% MSCI Europe; 21% MSCI USA; 12% MSCI Emerging Markets; 12% MSCI AC Pacific; 5% JPM Emu Global Government Bond Index LC; 5% ML Euro Treasury Bill","95,45%","4,55%","30/06/2009","NO, non ne tiene conto","4","https://www.axa-mps.it/piano-individuale-pensionistico",""
"PIP","5047","Piano Individuale Pensionistico (PIP)","MODUS. PIANO INDIVIDUALE PENSIONISTICO DI TIPO ASSICURATIVO - FONDO PENSIONE","BCC VITA S.P.A.","BCC VITA GARANTITA PIP","Garantito","0.51","0.81","0.82","1.04","","4.8","3.15","2.39","1.75","Sì","Non previsti","1,50% del rendimento annuo","Incluso nel costo annuo di gestione","Non previste","Non previste","75€","Gratuita la prima, poi 25€","Gratuita la prima, poi 25€","1,25% sulla rendita","Tasso di rendimento medio dei titoli di Stato e delle obbligazioni","2,52%","95,09%","01/03/2007","Non adotta una politica di investimento che promuove caratteristiche ambientali o sociali","3","https://bccvita.it/previdenza-complementare/",""
"PIP","5047","Piano Individuale Pensionistico (PIP)","MODUS. PIANO INDIVIDUALE PENSIONISTICO DI TIPO ASSICURATIVO - FONDO PENSIONE","BCC VITA S.P.A.","BCC VITA EQUITY AMERICA PIP","Azionario","22.86","6.18","11.07","8.79","","6.43","4.81","4.06","3.43","Sì","Non previsti","3,10% del patrimonio","Incluso","Non previste","Non previste","75€","Gratuita la prima, poi 25€","Gratuita la prima, poi 25€","1,25% sulla rendita","Standard & Poor’S 500","100%","0%","01/03/2007","Non adotta una politica di investimento che promuove caratteristiche ambientali o sociali","5","https://bccvita.it/previdenza-complementare/",""
"PIP","5047","Piano Individuale Pensionistico (PIP)","MODUS. PIANO INDIVIDUALE PENSIONISTICO DI TIPO ASSICURATIVO - FONDO PENSIONE","BCC VITA S.P.A.","BCC VITA EQUITY EUROPA PIP","Azionario","4.08","0.22","2.14","2.67","","6.44","4.82","4.07","3.44","Sì","Non previsti","3,10% del patrimonio","Incluso","Non previste","Non previste","75€","Gratuita la prima, poi 25€","Gratuita la prima, poi 25€","1,25% sulla rendita","DJ STOXX 600","100%","0%","01/03/2007","Non adotta una politica di investimento che promuove caratteristiche ambientali o sociali","3","https://bccvita.it/previdenza-complementare/",""
"PIP","5047","Piano Individuale Pensionistico (PIP)","MODUS. PIANO INDIVIDUALE PENSIONISTICO DI TIPO ASSICURATIVO - FONDO PENSIONE","BCC VITA S.P.A.","BCC VITA EQUITY ASIA PIP","Azionario","8.58","-3.05","0.24","3.23","","6.43","4.81","4.06","3.43","Sì","Non previsti","3,10% del patrimonio","Incluso","Non previste","Non previste","75€","Gratuita la prima, poi 25€","Gratuita la prima, poi 25€","1,25% sulla rendita","MSCI Ac ASIA inc Japan","100%","0%","01/03/2007","Non adotta una politica di investimento che promuove caratteristiche ambientali o sociali","3","https://bccvita.it/previdenza-complementare/",""
"PIP","5047","Piano Individuale Pensionistico (PIP)","MODUS. PIANO INDIVIDUALE PENSIONISTICO DI TIPO ASSICURATIVO - FONDO PENSIONE","BCC VITA S.P.A.","BCC VITA WORLD GLOBAL BOND PIP","Obbligazionario Misto","-0.02","-4.01","-2.87","-1.52","","5.02","3.37","2.61","1.97","Sì","Non previsti","1,65% del patrimonio","Incluso","Non previste","Non previste","75€","Gratuita la prima, poi 25€","Gratuita la prima, poi 25€","1,25% sulla rendita","40% JPMORGAN GLOBAL GOVT BOND EMU LC e 60% JPMORGAN GOVT BOND LOCAL Unhedged GBI Global","0%","100%","01/03/2007","Non adotta una politica di investimento che promuove caratteristiche ambientali o sociali","2","https://bccvita.it/previdenza-complementare/",""
"PIP","5090","Piano Individuale Pensionistico (PIP)","BNL PIANOPENSIONE - PIANO INDIVIDUALE PENSIONISTICO DI TIPO ASSICURATIVO - FONDO PENSIONE","BNP PARIBAS CARDIF VITA COMPAGNIA DI ASSICURAZIONE E RIASSICURAZIONE S.P.A","VALORPREVI","Garantito","0.81","0.68","0.66","0.69","","3.72","2.13","1.7","1.52","Sì","non previste","1,37% prelevata in occasione della rivalutazione","1,37% (inclusa nella commissione annua di gestione)","non previste","100 euro una tantum (salvo casi di esenzione)","non previste","25 euro per ogni operazione","non previste","1,25% della rendita erogata","Non indicato","4,74%","95,26%","12/05/2014","promuove CARATTERISTICHE AMBIENTALI O SOCIALI","2","https://bnl.it/it/Individui-e-Famiglie/Investimenti/Soluzioni-Previdenziali/Piano-Pensione",""
"PIP","5090","Piano Individuale Pensionistico (PIP)","BNL PIANOPENSIONE - PIANO INDIVIDUALE PENSIONISTICO DI TIPO ASSICURATIVO - FONDO PENSIONE","BNP PARIBAS CARDIF VITA COMPAGNIA DI ASSICURAZIONE E RIASSICURAZIONE S.P.A","VALORPLUS","Azionario","11.6","3.63","5.75","5.09","","3.82","2.23","1.81","1.55","Sì","non previste","1,47% del patrimonio","1,47% (inclusa nella commissione annua di gestione)","non previste","100 euro una tantum (salvo casi di esenzione)","non previste","25 euro per ogni operazione","non previste","1,25% della rendita erogata","40% Eurostoxx 50, 35% Standard & Poor's 500, 15% MSCI Emerging Markets, 10% €STR","89,77%","10,23%","21/05/2014","NO, non ne tiene conto","4","https://bnl.it/it/Individui-e-Famiglie/Investimenti/Soluzioni-Previdenziali/Piano-Pensione",""
"PIP","5055","Piano Individuale Pensionistico (PIP)","SENIORVITA VALORE FUTURO - PIANO INDIVIDUALE PENSIONISTICO DI TIPO ASSICURATIVO - FONDO PENSIONE","CNP UNICREDIT VITA S.P.A.","SENIORVITA PREVIDENZIALE","Garantito","1.03","0.65","0.59","0.75","","4.27","2.42","1.8","1.35","Sì","25,00 Euro","1,20% commissione di gestione annua prelevata dal rendimento della Gestione Separata.","1,20%","non previste","non previste","non previste","non previste","non previste","Caricamento variabile in base alla periodicità: 0% (annuale), 1,0% (semestrale), 1,5% (trimestrale), 2,0% (mensile). Costo di rivalutazione rendita: 1,25%.","Tasso di rendimento medio dei titoli di Stato e delle obbligazioni.","6,94%","93,06%","03/07/2007","Il comparto non adotta una politica di investimento che promuove caratteristiche ambientali o sociali o ha come obiettivo investimenti sostenibili.","2","",""
"PIP","5055","Piano Individuale Pensionistico (PIP)","SENIORVITA VALORE FUTURO - PIANO INDIVIDUALE PENSIONISTICO DI TIPO ASSICURATIVO - FONDO PENSIONE","CNP UNICREDIT VITA S.P.A.","PROGETTO SMART","Obbligazionario Misto","2.81","-1.95","-0.66","-0.11","","5.1","3.27","2.65","2.21","Sì","25,00 Euro","2,05% commissione di gestione annuo del patrimonio calcolata pro-rata temporis e prelevata con cadenza settimanale.","2,05%","non previste","non previste","non previste","non previste","non previste","Caricamento variabile in base alla periodicità: 0% (annuale), 1,0% (semestrale), 1,5% (trimestrale), 2,0% (mensile). Costo di rivalutazione rendita: 1,25%.","30% Fideuram Obbligazionari Euro Governativi Breve Termine, 55% Fideuram Obbligazionari Euro Governativi Medio / Lungo Termine, 15% Fideuram Azionari Internazionali.","93,15% (titoli di capitale)","0,00% (titoli di debito)","16/07/2013","Il comparto non adotta una politica di investimento che promuove caratteristiche ambientali o sociali o ha come obiettivo investimenti sostenibili.","2","",""
"PIP","5055","Piano Individuale Pensionistico (PIP)","SENIORVITA VALORE FUTURO - PIANO INDIVIDUALE PENSIONISTICO DI TIPO ASSICURATIVO - FONDO PENSIONE","CNP UNICREDIT VITA S.P.A.","PROGETTO MEDIUM","Bilanciato","5.44","-1.18","0.71","1.14","","5.35","3.52","2.9","2.46","Sì","25,00 Euro","2,30% commissione di gestione annuo del patrimonio calcolata pro-rata temporis e prelevata con cadenza settimanale.","2,30%","non previste","non previste","non previste","non previste","non previste","Caricamento variabile in base alla periodicità: 0% (annuale), 1,0% (semestrale), 1,5% (trimestrale), 2,0% (mensile). Costo di rivalutazione rendita: 1,25%.","15% Fideuram Obbligazionari Euro Governativi Breve Termine, 50% Fideuram Obbligazionari Euro Governativi Medio / Lungo Termine, 35% Fideuram Azionari Internazionali.","96,82% (titoli di capitale)","0,00% (titoli di debito)","16/07/2013","Il comparto non adotta una politica di investimento che promuove caratteristiche ambientali o sociali o ha come obiettivo investimenti sostenibili.","3","",""
"PIP","5055","Piano Individuale Pensionistico (PIP)","SENIORVITA VALORE FUTURO - PIANO INDIVIDUALE PENSIONISTICO DI TIPO ASSICURATIVO - FONDO PENSIONE","CNP UNICREDIT VITA S.P.A.","PROGETTO SPRINT","Azionario","8.02","-0.01","2.13","2.28","","5.45","3.62","3","2.56","Sì","25,00 Euro","2,40% commissione di gestione annuo del patrimonio calcolata pro-rata temporis e prelevata con cadenza settimanale.","2,40%","non previste","non previste","non previste","non previste","non previste","Caricamento variabile in base alla periodicità: 0% (annuale), 1,0% (semestrale), 1,5% (trimestrale), 2,0% (mensile). Costo di rivalutazione rendita: 1,25%.","10% Fideuram Obbligazionari Euro Governativi Breve Termine, 40% Fideuram Obbligazionari Euro Governativi Medio / Lungo Termine, 50% Fideuram Azionari Internazionali.","96,89% (titoli di capitale)","0,00% (titoli di debito)","16/07/2013","Il comparto non adotta una politica di investimento che promuove caratteristiche ambientali o sociali o ha come obiettivo investimenti sostenibili.","3","",""
"PIP","5055","Piano Individuale Pensionistico (PIP)","SENIORVITA VALORE FUTURO - PIANO INDIVIDUALE PENSIONISTICO DI TIPO ASSICURATIVO - FONDO PENSIONE","CNP UNICREDIT VITA S.P.A.","PROGETTO OPPORTUNITY","Azionario","13.38","2.49","5.11","4.81","","5.64","3.82","3.2","2.76","Sì","25,00 Euro","2,60% commissione di gestione annuo del patrimonio calcolata pro-rata temporis e prelevata con cadenza settimanale.","2,60%","non previste","non previste","non previste","non previste","non previste","Caricamento variabile in base alla periodicità: 0% (annuale), 1,0% (semestrale), 1,5% (trimestrale), 2,0% (mensile). Costo di rivalutazione rendita: 1,25%.","20% Fideuram Obbligazionari Euro Governativi Medio / Lungo Termine, 80% Fideuram Azionari Internazionali.","95,65% (titoli di capitale)","0,00% (titoli di debito)","16/07/2013","Il comparto non adotta una politica di investimento che promuove caratteristiche ambientali o sociali o ha come obiettivo investimenti sostenibili.","4","",""
"PIP","5085","Piano Individuale Pensionistico (PIP)","UNICREDIT PENSIONE PIP CNP - PIANO INDIVIDUALE PENSIONISTICO DI TIPO ASSICURATIVO - FONDO PENSIONE","CNP UNICREDIT VITA S.P.A.","SENIORVITA PREVIDENZIALE","Garantito","0.99","0.61","0.55","0.7","","2.96","2.1","1.7","1.38","Sì","","","","","","","","","","","","","","","2","",""
"PIP","5085","Piano Individuale Pensionistico (PIP)","UNICREDIT PENSIONE PIP CNP - PIANO INDIVIDUALE PENSIONISTICO DI TIPO ASSICURATIVO - FONDO PENSIONE","CNP UNICREDIT VITA S.P.A.","CNP PREVIDENZA EQUITY","Azionario","17.34","4.85","6.65","5.98","","3.95","3.1","2.71","2.38","","","","","","","","","","","","","","","","4","",""
"PIP","5027","Piano Individuale Pensionistico (PIP)","CNP TOP PENSION - PIANO INDIVIDUALE PENSIONISTICO DI TIPO ASSICURATIVO - FONDO PENSIONE","CNP VITA ASSICURA S.P.A.","GEPI","Garantito","0.76","0.99","1.32","1.69","","2.97","1.95","1.58","1.3","Sì","50 euro (spesa fissa applicata al primo versamento effettuato solo in caso di recesso)","1% sottratto (con cadenza annua) in misura fissa dal rendimento se non superiore al 3,30%; 30% del rendimento se compreso tra il 3,31% e il 3,99%; 1,20% sottratto in misura fissa dal rendimento se superiore al 3,99%","inclusi nelle commissioni riportate","25 euro (spesa fissa trattenuta da ciascuna anticipazione liquidata)","30 euro (spesa fissa trattenuta dall’importo trasferito)","non previste","non previste","non previste","1,25% del valore capitale della rendita (ridotto in caso di rate semestrali, trimestrali o mensili) + 0,75% di rendimento trattenuto + 5 euro per rata RITA","Non previsto (parametro di riferimento: Tasso di rendimento medio dei titoli di Stato e delle obbligazioni)","2%","98%","09/02/2006","NO, non ne tiene conto","3","https://gruppocnp.it/prodotti/pensione-piano-individuale/cnp-top-pension",""
"PIP","5027","Piano Individuale Pensionistico (PIP)","CNP TOP PENSION - PIANO INDIVIDUALE PENSIONISTICO DI TIPO ASSICURATIVO - FONDO PENSIONE","CNP VITA ASSICURA S.P.A.","CNP PIP AZIONARIO","Azionario","5.72","2.08","4.77","4.11","","3.76","2.75","2.38","2.1","Sì","50 euro (spesa fissa applicata al primo versamento effettuato solo in caso di recesso)","2,00% (percentuale su base annua, calcolata e prelevata dal patrimonio con cadenza giornaliera)","2,00% (percentuale su base annua, calcolata e prelevata dal patrimonio con cadenza giornaliera)","25 euro (spesa fissa trattenuta da ciascuna anticipazione liquidata)","30 euro (spesa fissa trattenuta dall’importo trasferito)","non previste","non previste","non previste","1,25% del valore capitale della rendita (ridotto in caso di rate semestrali, trimestrali o mensili) + 0,75% di rendimento trattenuto + 5 euro per rata RITA","100% DJ Stoxx Europe 600","96%","4%","21/05/2007","NO, non ne tiene conto","4","https://gruppocnp.it/prodotti/pensione-piano-individuale/cnp-top-pension",""
"PIP","5027","Piano Individuale Pensionistico (PIP)","CNP TOP PENSION - PIANO INDIVIDUALE PENSIONISTICO DI TIPO ASSICURATIVO - FONDO PENSIONE","CNP VITA ASSICURA S.P.A.","CNP PIP OBBLIGAZIONARIO","Obbligazionario Puro","0.76","-3.1","-2.05","-0.78","","3.26","2.25","1.88","1.6","Sì","50 euro (spesa fissa applicata al primo versamento effettuato solo in caso di recesso)","1,50% (percentuale su base annua, calcolata e prelevata dal patrimonio con cadenza giornaliera)","1,50% (percentuale su base annua, calcolata e prelevata dal patrimonio con cadenza giornaliera)","25 euro (spesa fissa trattenuta da ciascuna anticipazione liquidata)","30 euro (spesa fissa trattenuta dall’importo trasferito)","non previste","non previste","non previste","1,25% del valore capitale della rendita (ridotto in caso di rate semestrali, trimestrali o mensili) + 0,75% di rendimento trattenuto + 5 euro per rata RITA","90% JPM Euro Government Bond, 10% JPM Euro 3 Month Cash","0%","100%","21/05/2007","NO, non ne tiene conto","2","https://gruppocnp.it/prodotti/pensione-piano-individuale/cnp-top-pension",""
"PIP","5027","Piano Individuale Pensionistico (PIP)","CNP TOP PENSION - PIANO INDIVIDUALE PENSIONISTICO DI TIPO ASSICURATIVO - FONDO PENSIONE","CNP VITA ASSICURA S.P.A.","CNP PIP BILANCIATO","Bilanciato","3.47","-1.65","0.14","0.82","","3.61","2.6","2.23","1.95","Sì","50 euro (spesa fissa applicata al primo versamento effettuato solo in caso di recesso)","1,85% (percentuale su base annua, calcolata e prelevata dal patrimonio con cadenza giornaliera)","1,85% (percentuale su base annua, calcolata e prelevata dal patrimonio con cadenza giornaliera)","25 euro (spesa fissa trattenuta da ciascuna anticipazione liquidata)","30 euro (spesa fissa trattenuta dall’importo trasferito)","non previste","non previste","non previste","1,25% del valore capitale della rendita (ridotto in caso di rate semestrali, trimestrali o mensili) + 0,75% di rendimento trattenuto + 5 euro per rata RITA","12% S&P 500, 20% DJ Stoxx Europe 600, 30% JPM Euro Government Bond, 30% JPM Euro 6 Month Cash, 8% FTSE Developed Asia Pacific All Cap Index","38%","62%","05/09/2012","NO, non ne tiene conto","2","https://gruppocnp.it/prodotti/pensione-piano-individuale/cnp-top-pension",""
"PIP","5027","Piano Individuale Pensionistico (PIP)","CNP TOP PENSION - PIANO INDIVIDUALE PENSIONISTICO DI TIPO ASSICURATIVO - FONDO PENSIONE","CNP VITA ASSICURA S.P.A.","CNP PIP FLESSIBILE","Bilanciato","4.28","-0.78","-0.77","-0.76","","3.46","2.45","2.08","1.8","Sì","50 euro (spesa fissa applicata al primo versamento effettuato solo in caso di recesso)","1,70% (percentuale su base annua, calcolata e prelevata dal patrimonio con cadenza giornaliera)","1,70% (percentuale su base annua, calcolata e prelevata dal patrimonio con cadenza giornaliera)","25 euro (spesa fissa trattenuta da ciascuna anticipazione liquidata)","30 euro (spesa fissa trattenuta dall’importo trasferito)","non previste","non previste","non previste","1,25% del valore capitale della rendita (ridotto in caso di rate semestrali, trimestrali o mensili) + 0,75% di rendimento trattenuto + 5 euro per rata RITA","Non significativo","30%","70%","05/09/2012","NO, non ne tiene conto","2","https://gruppocnp.it/prodotti/pensione-piano-individuale/cnp-top-pension",""
"PIP","5087","Piano Individuale Pensionistico (PIP)","UNICREDIT FUTURO PIP CNP - PIANO INDIVIDUALE PENSIONISTICO DI TIPO ASSICURATIVO - FONDO PENSIONE","CNP VITA ASSICURA S.P.A.","GEPI","Garantito","0.54","0.78","1.11","1.5","","2.96","2.1","1.7","1.38","Sì","non previste","1,25% (in misura fissa dal rendimento)","1,25% annuo (come da prospetto costi fase accumulo)","non previste","non previste","non previste","non previste","non previste","5 euro per rata RITA","Non prevede un proprio benchmark; parametro di riferimento: Tasso di rendimento medio dei titoli di Stato e delle obbligazioni (Rendistato)","quota residuale","quota prevalente (circa 96%)","09/02/2006","Il Comparto non adotta una politica di investimento che promuove caratteristiche ambientali o sociali o ha come obiettivo investimenti sostenibili.","3","https://gruppocnp.it/prodotti/piano-individuale/unicredit-futuro-pip-cnp",""
"PIP","5087","Piano Individuale Pensionistico (PIP)","UNICREDIT FUTURO PIP CNP - PIANO INDIVIDUALE PENSIONISTICO DI TIPO ASSICURATIVO - FONDO PENSIONE","CNP VITA ASSICURA S.P.A.","CNP ASSICURAZIONE PREVIDENZA EQUITY","Azionario","16.52","4.24","9.41","7.38","","3.95","3.1","2.71","2.38","Sì","non previste","2,25% (base annua, prelevata dal patrimonio con cadenza settimanale)","2,25% annuo (commissione di gestione finanziaria)","non previste","non previste","non previste","non previste","non previste","5 euro per rata RITA","100% FTSE World Equity","indicativamente 100%","non previsto (investimento principale in OICR azionari)","16/07/2013","Il Comparto non adotta una politica di investimento che promuove caratteristiche ambientali o sociali o ha come obiettivo investimenti sostenibili.","5","https://gruppocnp.it/prodotti/piano-individuale/unicredit-futuro-pip-cnp",""
"PIP","5097","Piano Individuale Pensionistico (PIP)","CNP VALORE INTEGRATIVO - PIANO INDIVIDUALE PENSIONISTICO DI TIPO ASSICURATIVO - FONDO PENSIONE","CNP VITA ASSICURA S.P.A.","GEPI","Garantito","0.59","0.82","1.16","","","4.35","2.65","1.95","1.4","Sì","","","","","","","","","","","","","","","3","https://gruppocnp.it/prodotti/pensione-piano-individuale/cnp-valore-integrativo",""
"PIP","5097","Piano Individuale Pensionistico (PIP)","CNP VALORE INTEGRATIVO - PIANO INDIVIDUALE PENSIONISTICO DI TIPO ASSICURATIVO - FONDO PENSIONE","CNP VITA ASSICURA S.P.A.","CNP ASSICURAZIONE PREVIDENZA EQUITY","Azionario","16.52","4.24","9.41","","","5.33","3.64","2.96","2.41","","","","","","","","","","","","","","","","5","https://gruppocnp.it/prodotti/pensione-piano-individuale/cnp-valore-integrativo",""
"PIP","5097","Piano Individuale Pensionistico (PIP)","CNP VALORE INTEGRATIVO - PIANO INDIVIDUALE PENSIONISTICO DI TIPO ASSICURATIVO - FONDO PENSIONE","CNP VITA ASSICURA S.P.A.","CNP PIP AZIONARIO","Azionario","5.72","2.08","4.77","","","5.14","3.45","2.76","2.21","","","","","","","","","","","","","","","","4","https://gruppocnp.it/prodotti/pensione-piano-individuale/cnp-valore-integrativo",""
"PIP","5097","Piano Individuale Pensionistico (PIP)","CNP VALORE INTEGRATIVO - PIANO INDIVIDUALE PENSIONISTICO DI TIPO ASSICURATIVO - FONDO PENSIONE","CNP VITA ASSICURA S.P.A.","CNP PIP OBBLIGAZIONARIO","Obbligazionario Puro","0.76","-3.1","-2.05","","","4.65","2.95","2.25","1.71","","","","","","","","","","","","","","","","2","https://gruppocnp.it/prodotti/pensione-piano-individuale/cnp-valore-integrativo",""
"PIP","5097","Piano Individuale Pensionistico (PIP)","CNP VALORE INTEGRATIVO - PIANO INDIVIDUALE PENSIONISTICO DI TIPO ASSICURATIVO - FONDO PENSIONE","CNP VITA ASSICURA S.P.A.","CNP PIP BILANCIATO","Bilanciato","3.47","-1.65","0.14","","","4.99","3.3","2.61","2.06","","","","","","","","","","","","","","","","2","https://gruppocnp.it/prodotti/pensione-piano-individuale/cnp-valore-integrativo",""
"PIP","5097","Piano Individuale Pensionistico (PIP)","CNP VALORE INTEGRATIVO - PIANO INDIVIDUALE PENSIONISTICO DI TIPO ASSICURATIVO - FONDO PENSIONE","CNP VITA ASSICURA S.P.A.","CNP PIP FLESSIBILE","Bilanciato","4.28","-0.79","-0.77","","","4.84","3.15","2.46","1.91","","","","","","","","","","","","","","","","2","https://gruppocnp.it/prodotti/pensione-piano-individuale/cnp-valore-integrativo",""
"PIP","5053","Piano Individuale Pensionistico (PIP)","FEELGOOD - PIANO INDIVIDUALE PENSIONISTICO DI TIPO ASSICURATIVO - FONDO PENSIONE","COMPAGNIA ITALIANA DI PREVIDENZA, ASSICURAZIONI E RIASSICURAZIONI S.P.A.","ITALIANA LINEA PRUDENTE","Obbligazionario Puro","1.54","-3.16","-1.8","-0.04","1.81","1.56","0.85","0.58","0.38","Sì","10 euro","0,35% del patrimonio su base annua","0,35% annuo (Oneri di gestione finanziaria: per rendimento non retrocesso agli aderenti)","non previste","€ 15","€ 75","non previste","non previste","caricamento per spese di pagamento rendita pari all’1,25% dell’annualità di rendita","95% BLOOMBERG EUROAGGR TREASURY TR INDEX VALUE UNHEDGED EUR - 5% EUROPEAN CENTRAL BANK ESTR OIS","0%","100%","03/06/2003","non adotta una politica di investimento che promuove caratteristiche ambientali o sociali","2","https://www.italiana.it/risparmio/previdenza/feelgood",""
"PIP","5053","Piano Individuale Pensionistico (PIP)","FEELGOOD - PIANO INDIVIDUALE PENSIONISTICO DI TIPO ASSICURATIVO - FONDO PENSIONE","COMPAGNIA ITALIANA DI PREVIDENZA, ASSICURAZIONI E RIASSICURAZIONI S.P.A.","ITALIANA LINEA EQUILIBRIO","Bilanciato","2.09","-0.7","0.84","1.34","1.72","2.75","2.05","1.79","1.59","Sì","10 euro","1,70% del patrimonio su base annua","1,70% annuo","non previste","€ 15","€ 75","non previste","non previste","caricamento per spese di pagamento rendita pari all’1,25% dell’annualità di rendita","50% BLOOMBERG EUROZONE DEVELOPED MARKETS LARGE CAP NET RETURN INDEX - 45% BLOOMBERG EUROAGGR TREASURY TR INDEX VALUE UNHEDGED EUR - 5% EUROPEAN CENTRAL BANK ESTR OIS","51,54%","48,46%","10/07/2001","non adotta una politica di investimento che promuove caratteristiche ambientali o sociali","3","https://www.italiana.it/risparmio/previdenza/feelgood",""
"PIP","5053","Piano Individuale Pensionistico (PIP)","FEELGOOD - PIANO INDIVIDUALE PENSIONISTICO DI TIPO ASSICURATIVO - FONDO PENSIONE","COMPAGNIA ITALIANA DI PREVIDENZA, ASSICURAZIONI E RIASSICURAZIONI S.P.A.","ITALIANA LINEA FUTURO","Azionario","2.53","0.64","2.26","2.33","1.85","3.19","2.49","2.23","2.03","Sì","10 euro","2,20% del patrimonio su base annua","2,20% annuo","non previste","€ 15","€ 75","non previste","non previste","caricamento per spese di pagamento rendita pari all’1,25% dell’annualità di rendita","80% BLOOMBERG EUROZONE DEVELOPED MARKETS LARGE CAP NET RETURN INDEX - 15% BLOOMBERG EUROAGGR TREASURY TR INDEX VALUE UNHEDGED EUR - 5% EUROPEAN CENTRAL BANK ESTR OIS","81,35%","18,65%","10/07/2001","non adotta una politica di investimento che promuove caratteristiche ambientali o sociali","3","https://www.italiana.it/risparmio/previdenza/feelgood",""
"PIP","5068","Piano Individuale Pensionistico (PIP)","DOMANI SICURO PLUS - PIANO INDIVIDUALE PENSIONISTICO DI TIPO ASSICURATIVO - FONDO PENSIONE","COMPAGNIA ITALIANA DI PREVIDENZA, ASSICURAZIONI E RIASSICURAZIONI S.P.A.","PREFIN FUTURO","Garantito","1.12","1.18","1.29","1.48","","4.6","2.95","2.18","1.53","Sì","Non previste","1,3% del rendimento conseguito dalla Gestione Interna Separata (prelievo variabile a seconda del rendimento, minimo 1,3% annuo)","Incluso nel costo annuo di gestione","Non previste","0,3% della posizione trasferita, massimo 100 euro","Non previste","Non previste","Non previste","1,25% dell'annualità di rendita","Tasso di rendimento medio dei titoli di Stato (Rendistato)","1%","99%","01/01/2007","Promuove caratteristiche ambientali o sociali (art. 8 SFDR)","3","https://www.italiana.it/risparmio/previdenza/domani-sicuro-plus",""
"PIP","5068","Piano Individuale Pensionistico (PIP)","DOMANI SICURO PLUS - PIANO INDIVIDUALE PENSIONISTICO DI TIPO ASSICURATIVO - FONDO PENSIONE","COMPAGNIA ITALIANA DI PREVIDENZA, ASSICURAZIONI E RIASSICURAZIONI S.P.A.","PREVIDENZA FUTURO AGGRESSIVA","Azionario","10.64","2.88","5.09","4.97","","5.26","3.62","2.86","2.21","Sì","Non previste","1,9% annuo del patrimonio","Incluso nel costo annuo di gestione","Non previste","0,3% della posizione trasferita, massimo 100 euro","Non previste","Non previste","Non previste","Non previste","5% European Central Bank ESTR OIS; 45% Bloomberg Developed Markets Large & Mid Cap Price Return Index EUR; 50% Bloomberg Europe Developed Markets Large & Mid Cap Price Return Index EUR","94%","6%","26/10/2007","Non adotta una politica di investimento che promuove caratteristiche ambientali o sociali","4","https://www.italiana.it/risparmio/previdenza/domani-sicuro-plus",""
"PIP","5074","Piano Individuale Pensionistico (PIP)","PLANNER - PIANO INDIVIDUALE PENSIONISTICO DI TIPO ASSICURATIVO - FONDO PENSIONE","COMPAGNIA ITALIANA DI PREVIDENZA, ASSICURAZIONI E RIASSICURAZIONI S.P.A.","ITALIANA LINEA PREVIDENZA","Garantito","1.08","1.1","1.19","1.55","","4.61","3.06","2.35","1.75","Sì","Non previste","1,50% su base annua prelevato dal rendimento della gestione interna separata.","1,50% annuo (costo di gestione), integrato da oneri accessori gravanti sul patrimonio dello 0,02% annuo e costi amministrativi direttamente a carico dell'aderente (es. 0,34% nel 2025).","Non previste","Non previste","Non previste","Non applicabile","Non applicabile","Caricamento pari all'1,25% dell'annualità di rendita; rendimento trattenuto pari a 1,50 punti percentuali.","Non è possibile individuare un benchmark. A fini comparativi è possibile far riferimento al tasso di rendimento medio dei titoli di Stato ('Rendistato').","1%","99%","25/06/2008","Promuove caratteristiche ambientali o sociali","3","https://www.italiana.it/itashare/3/DocumentiCovip/2025/Planner.pdf",""
"PIP","5098","Piano Individuale Pensionistico (PIP)","CREDEMVITA FUTURA - PIANO INDIVIDUALE PENSIONISTICO DI TIPO ASSICURATIVO - FONDO PENSIONE","CREDEMVITA S.PA.","OBBLIGAZIONARIO","Obbligazionario Misto","4.45","-0.95","-0.16","","","3.36","2.35","1.98","1.7","","","","","","","","","","","","","","","","2","https://www.credemvita.it/content/credemvita/it/home/imprese-e-professionisti/previdenza/pip-credemvita-futura.html",""
"PIP","5098","Piano Individuale Pensionistico (PIP)","CREDEMVITA FUTURA - PIANO INDIVIDUALE PENSIONISTICO DI TIPO ASSICURATIVO - FONDO PENSIONE","CREDEMVITA S.PA.","FLESSIBILE","Bilanciato","2.97","-1.01","-0.35","","","3.56","2.55","2.18","1.9","","","","","","","","","","","","","","","","2","https://www.credemvita.it/content/credemvita/it/home/imprese-e-professionisti/previdenza/pip-credemvita-futura.html",""
"PIP","5098","Piano Individuale Pensionistico (PIP)","CREDEMVITA FUTURA - PIANO INDIVIDUALE PENSIONISTICO DI TIPO ASSICURATIVO - FONDO PENSIONE","CREDEMVITA S.PA.","BILANCIATO","Bilanciato","5.94","0.71","1.88","","","3.71","2.7","2.33","2.05","","","","","","","","","","","","","","","","3","https://www.credemvita.it/content/credemvita/it/home/imprese-e-professionisti/previdenza/pip-credemvita-futura.html",""
"PIP","5098","Piano Individuale Pensionistico (PIP)","CREDEMVITA FUTURA - PIANO INDIVIDUALE PENSIONISTICO DI TIPO ASSICURATIVO - FONDO PENSIONE","CREDEMVITA S.PA.","AZIONARIO","Azionario","8.53","3.22","4.65","","","3.86","2.85","2.48","2.2","","","","","","","","","","","","","","","","4","https://www.credemvita.it/content/credemvita/it/home/imprese-e-professionisti/previdenza/pip-credemvita-futura.html",""
"PIP","5029","Piano Individuale Pensionistico (PIP)","CRÉDIT AGRICOLE VITA PENSIONE PIU' - PIANO INDIVIDUALE PENSIONISTICO DI TIPO ASSICURATIVO - FONDO PENSIONE","CRÉDIT AGRICOLE VITA S.P.A.","CRÉDIT AGRICOLE VITA PREVIDENZA","Garantito","1.58","1.19","1.31","1.6","","2.63","1.68","1.4","1.21","Sì","Non previste","1,15% trattenuto dal rendimento annuo della Gestione Separata (al lordo di altre spese quali oneri di negoziazione, imposte e tasse, ecc.)","Incluso nel costo annuo di gestione","Non previste","Da altre forme pensionistiche: non previste. Ad altre forme pensionistiche: 50 €.","Non previste","Non previste in quanto prerogativa non esercitabile","Non previste in quanto prerogativa non esercitabile","Caricamento in base alla periodicità della rendita: 0,90% (annuale), 1,00% (semestrale), 1,20% (trimestrale), 2,00% (mensile). Inoltre è previsto un costo pari all'1,00% del rendimento trattenuto sulla rivalutazione annua della rata.","Tasso di rendimento medio dei titoli di Stato e delle obbligazioni al netto della tassazione.","9,03%","88,98%","15/07/2007","Promuove caratteristiche ambientali o sociali (art. 8 SFDR), con una quota minima del 5% di investimenti sostenibili.","3","https://www.ca-vita.it/fondo-pensione-e-previdenza/pensione-piu",""
"PIP","5093","Piano Individuale Pensionistico (PIP)","CRÉDIT AGRICOLE VITA PROGETTO PREVIDENZA - PIANO INDIVIDUALE PENSIONISTICO DI TIPO ASSICURATIVO - FONDO PENSIONE","CRÉDIT AGRICOLE VITA S.P.A.","CRÉDIT AGRICOLE VITA PREVIDENZA","Garantito","1.54","1.15","1.27","1.56","","2.68","1.73","1.45","1.26","Sì","non previste","1,20% trattenuto dal rendimento annuo","1,20% trattenuto dal rendimento annuo","non previste","€ 50","€ 50","Non previste","Non previste","caricamento in base alla periodicità (0,90% - 2,00%)","Tasso di rendimento medio dei titoli di Stato e delle obbligazioni","9,03%","88,98%","15/07/2007","SI, promuove CARATTERISTICHE AMBIENTALI O SOCIALI","3","https://www.ca-vita.it/fondo-pensione-e-previdenza/progetto-previdenza",""
"PIP","5093","Piano Individuale Pensionistico (PIP)","CRÉDIT AGRICOLE VITA PROGETTO PREVIDENZA - PIANO INDIVIDUALE PENSIONISTICO DI TIPO ASSICURATIVO - FONDO PENSIONE","CRÉDIT AGRICOLE VITA S.P.A.","PROGETTO PREVIDENZA 2025","Bilanciato","2.67","0.63","0.82","1.2","","3.58","2.63","2.35","2.16","Sì","non previste","30,00 annui in cifra fissa","non più esistente (comparto chiuso)","non previste","50","50","Non previste","Non previste","da 0,90% a 2,00% della rendita annua","non previsto","","","","no","3","https://www.ca-vita.it/fondo-pensione-e-previdenza/progetto-previdenza",""
"PIP","5093","Piano Individuale Pensionistico (PIP)","CRÉDIT AGRICOLE VITA PROGETTO PREVIDENZA - PIANO INDIVIDUALE PENSIONISTICO DI TIPO ASSICURATIVO - FONDO PENSIONE","CRÉDIT AGRICOLE VITA S.P.A.","PROGETTO PREVIDENZA 2030","Bilanciato","4.02","-1.81","-0.91","0.37","","3.58","2.63","2.35","2.16","Sì","non previste","2,10% del patrimonio su base annua (indicativo basato su prospetto costi)","0,20% (dati TER 2025)","non previste","€ 50","€ 50","Non previste","Non previste","caricamento in base alla periodicità (0,90% - 2,00%)","non previsto","0,00%","99,08%","02/01/2014","NO, non ne tiene conto","2","https://www.ca-vita.it/fondo-pensione-e-previdenza/progetto-previdenza",""
"PIP","5093","Piano Individuale Pensionistico (PIP)","CRÉDIT AGRICOLE VITA PROGETTO PREVIDENZA - PIANO INDIVIDUALE PENSIONISTICO DI TIPO ASSICURATIVO - FONDO PENSIONE","CRÉDIT AGRICOLE VITA S.P.A.","PROGETTO PREVIDENZA 2035","Bilanciato","5.62","-0.93","-0.5","0.69","","3.58","2.63","2.35","2.16","Sì","non previste","2,10% del patrimonio su base annua","2,00% (dati TER 2025)","non previste","€ 50","€ 50","Non previste","Non previste","caricamento in base alla periodicità (0,90% - 2,00%)","non previsto","41%","59%","02/01/2014","NO, non ne tiene conto","2","https://www.ca-vita.it/fondo-pensione-e-previdenza/progetto-previdenza",""
"PIP","5093","Piano Individuale Pensionistico (PIP)","CRÉDIT AGRICOLE VITA PROGETTO PREVIDENZA - PIANO INDIVIDUALE PENSIONISTICO DI TIPO ASSICURATIVO - FONDO PENSIONE","CRÉDIT AGRICOLE VITA S.P.A.","PROGETTO PREVIDENZA 2040","Bilanciato","7.39","-0.28","1.15","1.74","","3.58","2.63","2.35","2.16","Sì","non previste","2,10% del patrimonio su base annua","1,90% (dati TER 2025)","non previste","€ 50","€ 50","Non previste","Non previste","caricamento in base alla periodicità (0,90% - 2,00%)","non previsto","51%","49%","02/01/2014","NO, non ne tiene conto","3","https://www.ca-vita.it/fondo-pensione-e-previdenza/progetto-previdenza",""
"PIP","5093","Piano Individuale Pensionistico (PIP)","CRÉDIT AGRICOLE VITA PROGETTO PREVIDENZA - PIANO INDIVIDUALE PENSIONISTICO DI TIPO ASSICURATIVO - FONDO PENSIONE","CRÉDIT AGRICOLE VITA S.P.A.","PROGETTO PREVIDENZA 2045","Bilanciato","7.9","-0.1","1.36","1.94","","3.58","2.63","2.35","2.16","Sì","non previste","2,10% del patrimonio su base annua","1,90% (dati TER 2025)","non previste","€ 50","€ 50","Non previste","Non previste","caricamento in base alla periodicità (0,90% - 2,00%)","non previsto","61%","39%","02/01/2014","NO, non ne tiene conto","3","https://www.ca-vita.it/fondo-pensione-e-previdenza/progetto-previdenza",""
"PIP","5039","Piano Individuale Pensionistico (PIP)","PIANO PENSIONISTICO BAYERISCHE - TARIFFA 4026 - PIANO INDIVIDUALE PENSIONISTICO DI TIPO ASSICURATIVO - FONDO PENSIONE","CRONOS VITA ASSICURAZIONI S.P.A.","NUOVO PPB","Garantito","0.96","1.19","1.61","2.01","","4.32","2.65","1.88","1.24","Sì","","","","","","","","","","","","","","","3","https://www.unipol.it/api/pub/ueba/download/doc/v1/fascicoli/3e100b1b-ad51-4413-99e7-875ef75d300b",""
"PIP","5040","Piano Individuale Pensionistico (PIP)","PIANO PENSIONISTICO BAYERISCHE - TARIFFA 4036 - PIANO INDIVIDUALE PENSIONISTICO DI TIPO ASSICURATIVO - FONDO PENSIONE","CRONOS VITA ASSICURAZIONI S.P.A.","NUOVO PPB","Garantito","0.96","1.19","1.61","2.01","","4.32","2.65","1.88","1.24","Sì","","","","","","","","","","","","","","","3","https://www.unipol.it/api/pub/ueba/download/doc/v1/fascicoli/3e100b1b-ad51-4413-99e7-875ef75d300b",""
"PIP","5044","Piano Individuale Pensionistico (PIP)","PIANO PENSIONISTICO BAYERISCHE - TARIFFA 4046 - PIANO INDIVIDUALE PENSIONISTICI DI TIPO ASSICURATIVO - FONDO PENSIONE","CRONOS VITA ASSICURAZIONI S.P.A.","NUOVO PPB","Garantito","0.96","1.19","1.61","2.01","","4.32","2.65","1.88","1.24","Sì","","","","","","","","","","","","","","","3","https://www.unipol.it/api/pub/ueba/download/doc/v1/fascicoli/3e100b1b-ad51-4413-99e7-875ef75d300b",""
"PIP","5046","Piano Individuale Pensionistico (PIP)","TAX QUALIFIED ANNUITY III - RENDITA DI PREVIDENZA QUALIFICATA - PIANO INDIVIDUALE PENSIONISTICO DI TIPO ASSICURATIVO - FONDO PENSIONE","CRONOS VITA ASSICURAZIONI S.P.A.","PREVI","Garantito","2.57","2.62","2.62","2.93","","4.44","2.7","1.91","1.26","Sì","","","","","","","","","","","","","","","3","https://www.unipol.it/api/pub/ueba/download/doc/v1/fascicoli/23a67670-436d-4d67-9940-0b4078fb76b3",""
"PIP","5066","Piano Individuale Pensionistico (PIP)","NG - NUOVA GENERAZIONE - PIANO INDIVIDUALE PENSIONISTICO DI TIPO ASSICURATIVO - FONDO PENSIONE","CRONOS VITA ASSICURAZIONI S.P.A.","NUOVO PPB","Garantito","0.96","1.19","1.61","2.01","","3.2","2.05","1.55","1.15","Sì","non previste","1,0 punti percentuali (rendimento trattenuto) sottratti dal rendimento percentuale ottenuto dalla Gestione separata Previattiva Unipol.","1,0% (rendimento trattenuto)","€ 10","€ 10","€ 10","","","caricamento per spese di pagamento rendita pari a 1,25% e un costo in termini di rendimento trattenuto pari all’1,00%.","tasso di rendimento medio dei titoli pubblici (Rendistato)","0,00%","99,98%","27/03/2001","Il comparto non adotta una politica di investimento che promuove caratteristiche ambientali o sociali o ha come obiettivo investimenti sostenibili.","3","https://www.unipol.it/api/pub/ueba/download/doc/v1/fascicoli/5ba577f2-79be-447c-8cd0-a97e598856ab",""
"PIP","5082","Piano Individuale Pensionistico (PIP)","EUROVITA FUTURO - PIANO INDIVIDUALE PENSIONISTICO DI TIPO ASSICURATIVO - FONDO PENSIONE","CRONOS VITA ASSICURAZIONI S.P.A.","FUTURIV","Garantito","0.82","0.81","0.84","1.08","","4.24","2.76","2.1","1.56","Sì","","","","","","","","","","","","","","","3","",""
"PIP","5096","Piano Individuale Pensionistico (PIP)","EUROVITA PENSIONE DOMANI - PIANO INDIVIDUALE PENSIONISTICO DI TIPO ASSICURATIVO - FONDO PENSIONE","CRONOS VITA ASSICURAZIONI S.P.A.","NUOVO PPB","Garantito","0.66","0.89","1.31","1.71","","4.24","2.76","2.1","1.56","Sì","","","","","","","","","","","","","","","3","https://www.unipol.it/api/pub/ueba/download/doc/v1/fascicoli/7f2c0c7f-6838-432e-9273-1d9b9893d08c",""
"PIP","5096","Piano Individuale Pensionistico (PIP)","EUROVITA PENSIONE DOMANI - PIANO INDIVIDUALE PENSIONISTICO DI TIPO ASSICURATIVO - FONDO PENSIONE","CRONOS VITA ASSICURAZIONI S.P.A.","EUROVITA AZIONE PIU'","Azionario","11.77","3.76","5.44","4.46","","5.07","3.59","2.94","2.41","","","","","","","","","","","","","","","","4","https://www.unipol.it/api/pub/ueba/download/doc/v1/fascicoli/7f2c0c7f-6838-432e-9273-1d9b9893d08c",""
"PIP","5012","Piano Individuale Pensionistico (PIP)","VIPENSIONO - PIANO INDIVIDUALE PENSIONISTICO DI TIPO ASSICURATIVO - FONDO PENSIONE","GAMALIFE COMPANHIA DE SUGUROS DE VIDA, SA","FONDO VIP","Garantito","1.66","1.56","1.59","1.85","","4.23","2.86","2.21","1.68","Sì","Non previste","Commissione di gestione dell'1,50% trattenuta dal rendimento annuo","1,50% (base annua)","Diritto pari allo 0,50% della posizione, massimo 100 €","In altre forme pensionistiche non gestite dalla Società: 0,50% posizione (max 100€). In altre forme della Società: non previste.","Diritto pari allo 0,50% della posizione, massimo 100,00€","Non previste","Non previste","Caricamento 1,25% sui coefficienti di conversione; aliquota 1,25% dal rendimento annuo in fase di erogazione","Rendimento medio ponderato di un paniere di titoli di Stato","0,0%","97,5%","1 luglio 2001","Politiche di esclusione su titoli corporate con MSCI ESG rating < BB, gioco d'azzardo, carbone fossile, armi, tabacco, intrattenimento per adulti","3","https://www.gamalife.it/areaclienti/vipensiono/",""
"PIP","5012","Piano Individuale Pensionistico (PIP)","VIPENSIONO - PIANO INDIVIDUALE PENSIONISTICO DI TIPO ASSICURATIVO - FONDO PENSIONE","GAMALIFE COMPANHIA DE SUGUROS DE VIDA, SA","EUROVIP","Azionario","5.91","3.4","4.03","3.07","","3.84","2.82","2.32","1.93","Sì","Non previste","Commissione di gestione dell'1,80% su base annua","1,80% (base annua)","Diritto pari allo 0,50% della posizione, massimo 100 €","In altre forme pensionistiche non gestite dalla Società: 0,50% posizione (max 100€). In altre forme della Società: non previste.","Diritto pari allo 0,50% della posizione, massimo 100,00€","Non previste","Non previste","Caricamento 1,25% sui coefficienti di conversione","90% MSCI Europe Large Cap Net Return EUR – 10% ICE BofA Euro Treasury Bill","88,5%","0%","1 luglio 2001","Politiche di esclusione su titoli corporate con MSCI ESG rating < BB, gioco d'azzardo, carbone fossile, armi, tabacco, intrattenimento per adulti","3","https://www.gamalife.it/areaclienti/vipensiono/",""
"PIP","5049","Piano Individuale Pensionistico (PIP)","FUTURO PENSIONE PIANO INDIVIDUALE PENSIONISTICO DI TIPO ASSICURATIVO - FONDO PENSIONE","GAMALIFE COMPANHIA DE SUGUROS DE VIDA, SA","FONDO VIP","Garantito","2.36","2.28","2.3","2.51","3.03","2.52","1.65","1.25","0.92","Sì","","","","","","","","","","","","","","","3","https://www.gamalife.it/areaclienti/futuro-pensione/",""
"PIP","5059","Piano Individuale Pensionistico (PIP)","PIANO INDIVIDUALE PENSIONISTICO DI TIPO ASSICURATIVO - FONDO PENSIONE GUARDO AVANTI NEW","GENERALI ITALIA S.P.A.","CATTOLICA PREVIDENZA BILANCIATO","Bilanciato","7.19","-0.48","1.22","2.48","","2.84","2.18","1.89","1.64","","Non previste","1,40% su base annua addebitate settimanalmente","commissioni di overperformance: 25% su base annua della differenza, se positiva, rispetto al benchmark","Non sono previste","Non sono previste","Non sono previste","Possibile una operazione gratuita all'anno","Non sono previste","variabile in funzione alla rateazione (da 1,15% a 2,80%)","35% FTSE All World Series All World TR EUR e 65% BOFA Merrill Lynch Global Government Bond Index II TR (dal 01.04.2013)","33,62%","63,00%","27/12/2006","esclusi investimenti diretti in imprese o istituzioni che notoriamente si occupano di commercio di armi, droghe, tabacco che si avvalgono dello sfruttamento del lavoro minorile o che usano impianti inquinanti o pericolosi","3","http://www.cattolicaprevidenza.it/docs/nota_informativa_guardo.pdf",""
"PIP","5059","Piano Individuale Pensionistico (PIP)","PIANO INDIVIDUALE PENSIONISTICO DI TIPO ASSICURATIVO - FONDO PENSIONE GUARDO AVANTI NEW","GENERALI ITALIA S.P.A.","CATTOLICA PREVIDENZA AZIONARIO","Azionario","17.67","5.45","8.36","7.89","","3.04","2.38","2.09","1.84","","Non previste","1,60% su base annua addebitate settimanalmente","commissioni di overperformance: 25% su base annua della differenza, se positiva, rispetto al benchmark","Non sono previste","Non sono previste","Non sono previste","Possibile una operazione gratuita all'anno","Non sono previste","variabile in funzione alla rateazione (da 1,15% a 2,80%)","100% FTSE All World Series All World TR EUR (dal 01.04.2013)","96,92%","0%","27/12/2006","esclusi investimenti diretti in imprese o istituzioni che notoriamente si occupano di commercio di armi, droghe, tabacco che si avvalgono dello sfruttamento del lavoro minorile o che usano impianti inquinanti o pericolosi","5","http://www.cattolicaprevidenza.it/docs/nota_informativa_guardo.pdf",""
"PIP","5059","Piano Individuale Pensionistico (PIP)","PIANO INDIVIDUALE PENSIONISTICO DI TIPO ASSICURATIVO - FONDO PENSIONE GUARDO AVANTI NEW","GENERALI ITALIA S.P.A.","CATTOLICA PREVIDENZA SICURO","Garantito","1.39","1.37","1.44","1.8","","2.62","1.96","1.66","1.42","Sì","Non previste","1,20% sottratto annualmente dal tasso annuo di rendimento","","Non sono previste","Non sono previste","Non sono previste","Possibile una operazione gratuita all'anno","Non sono previste","variabile in funzione alla rateazione (da 1,15% a 2,80%)","Tasso di rendimento medio dei titoli di Stato e delle obbligazioni","4,02%","90,58%","27/12/2006","esclusi investimenti diretti in imprese o istituzioni che notoriamente si occupano di commercio di armi, droghe, tabacco che si avvalgono dello sfruttamento del lavoro minorile o che usano impianti inquinanti o pericolosi","3","http://www.cattolicaprevidenza.it/docs/nota_informativa_guardo.pdf",""
"PIP","5060","Piano Individuale Pensionistico (PIP)","PIANO INDIVIDUALE PENSIONISTICO DI TIPO ASSICURATIVO - FONDO PENSIONE - PUNTALTO","GENERALI ITALIA S.P.A.","CATTOLICA PREVIDENZA BILANCIATO","Bilanciato","7.19","-0.48","1.22","2.48","","3.11","2.32","1.96","1.66","","","","","","","","","","","","","","","","3","http://www.cattolicaprevidenza.it/docs/nota_informativa_guardo.pdf",""
"PIP","5060","Piano Individuale Pensionistico (PIP)","PIANO INDIVIDUALE PENSIONISTICO DI TIPO ASSICURATIVO - FONDO PENSIONE - PUNTALTO","GENERALI ITALIA S.P.A.","CATTOLICA PREVIDENZA AZIONARIO","Azionario","17.67","5.45","8.36","7.89","","3.31","2.52","2.16","1.86","","","","","","","","","","","","","","","","5","http://www.cattolicaprevidenza.it/docs/nota_informativa_guardo.pdf",""
"PIP","5060","Piano Individuale Pensionistico (PIP)","PIANO INDIVIDUALE PENSIONISTICO DI TIPO ASSICURATIVO - FONDO PENSIONE - PUNTALTO","GENERALI ITALIA S.P.A.","CATTOLICA PREVIDENZA SICURO","Garantito","1.39","1.37","1.44","1.8","","2.9","2.1","1.74","1.44","Sì","","","","","","","","","","","","","","","3","http://www.cattolicaprevidenza.it/docs/nota_informativa_guardo.pdf",""
"PIP","5064","Piano Individuale Pensionistico (PIP)","CATTOLICA PREVIDENZA PROGETTO PENSIONE BIS - PIANO INDIVIDUALE PENSIONISTICO DI TIPO ASSICURATIVO - FONDO PENSIONE","GENERALI ITALIA S.P.A.","GESTIONE PREVIDENZA","Garantito","1.41","1.39","1.39","1.37","","2.31","1.67","1.56","1.52","Sì","Non è previsto alcun costo.","Commissione annua di gestione pari al 20% del rendimento medio della gestione stessa, con misura minima trattenuta pari a 1,50 punti percentuali.","","Non è previsto alcun costo.","In cifra fissa 60 euro.","Non è previsto alcun costo.","Gratuita la prima operazione e 60 euro per le successive.","","Non è previsto alcun costo.","Non dichiarato.","4%","87%","01.01.2009","Non esplicitamente dichiarato.","3","http://www.cattolicaprevidenza.it/docs/informazioni_chiave_aderente_pensione_bis.pdf",""
"PIP","5064","Piano Individuale Pensionistico (PIP)","CATTOLICA PREVIDENZA PROGETTO PENSIONE BIS - PIANO INDIVIDUALE PENSIONISTICO DI TIPO ASSICURATIVO - FONDO PENSIONE","GENERALI ITALIA S.P.A.","EV STRATEGIA INTERNAZIONALE","Azionario","19.03","6.34","9.16","8.5","","2.31","1.67","1.56","1.52","Sì","Non è previsto alcun costo.","Commissione annua di gestione pari all’1,50% prelevata dal patrimonio trimestralmente.","","Non è previsto alcun costo.","In cifra fissa 60 euro.","Non è previsto alcun costo.","Gratuita la prima operazione e 60 euro per le successive.","","Non è previsto alcun costo.","Non dichiarato.","96%","4%","27.04.2007","Non esplicitamente dichiarato.","5","http://www.cattolicaprevidenza.it/docs/informazioni_chiave_aderente_pensione_bis.pdf",""
"PIP","5080","Piano Individuale Pensionistico (PIP)","CATTOLICAPREVIDENZAPERLAPENSIONE - PIANO INDIVIDUALE PENSIONISTICO DI TIPO ASSICURATIVO - FONDO PENSIONE","GENERALI ITALIA S.P.A.","GESTIONE PREVIDENZA","Garantito","1.41","1.39","1.39","1.37","","4.38","2.7","2.11","1.67","Sì","Non è previsto alcun costo","20% del rendimento medio della Gestione stessa con una misura minima trattenuta pari a 1,50 punti percentuali","20% del rendimento medio della Gestione stessa con una misura minima trattenuta pari a 1,50 punti percentuali","Non è previsto alcun costo","60 euro","Non è previsto alcun costo","Gratuita la prima operazione e 60 euro per le successive","","1,30% del coefficiente di conversione; 2,00 euro per ogni rata di rendita; 20% commissione di gestione sul rendimento medio RI.SPE.VI con minimo 1,25 punti percentuali","Tasso di rendimento medio dei titoli di Stato e delle obbligazioni","0,01%","98,53%","01/01/2009","Il comparto non adotta una politica di investimento che promuove caratteristiche ambientali o sociali o ha come obiettivo investimenti sostenibili.","3","",""
"PIP","5080","Piano Individuale Pensionistico (PIP)","CATTOLICAPREVIDENZAPERLAPENSIONE - PIANO INDIVIDUALE PENSIONISTICO DI TIPO ASSICURATIVO - FONDO PENSIONE","GENERALI ITALIA S.P.A.","EV STRATEGIA INTERNAZIONALE","Azionario","19.03","6.34","9.16","8.5","","4.38","2.7","2.11","1.67","Sì","Non è previsto alcun costo","1,50%","1,50%","Non è previsto alcun costo","60 euro","Non è previsto alcun costo","Gratuita la prima operazione e 60 euro per le successive","","1,30% del coefficiente di conversione; 2,00 euro per ogni rata di rendita; 20% commissione di gestione sul rendimento medio RI.SPE.VI con minimo 1,25 punti percentuali","MSCI Daily TR World Gross EUR (Index Ticker: GSESWRLD)","97,33%","0%","27/04/2007","Il comparto non adotta una politica di investimento che promuove caratteristiche ambientali o sociali o ha come obiettivo investimenti sostenibili.","5","",""
"PIP","5102","Piano Individuale Pensionistico (PIP)","GENERAZIONE PREVIDENTE - PIANO INDIVIDUALE PENSIONISTICO DI TIPO ASSICURATIVO - FONDO PENSIONE","GENERALI ITALIA S.P.A.","GENERALI AZIONE SOSTENIBILE","Azionario","9.96","1.78","","","","5.85","3.92","3.03","2.27","Sì","non previste","1,90% del patrimonio su base annua","1,48% (2025)","non previste","non previste","non previste","prima operazione gratuita, ogni successiva operazione € 60,00","non previste","0,9% delle rate di rendita attese","30% MSCI Europe ESG Leaders Net return HDG; 30% MSCI USA ESG Leaders Net return HDG; 30% MSCI Emerging Markets ESG Leaders Net return EUR; 10% MSCI Japan ESG Leaders Net return HDG","99,59%","0,41%","18/10/2021","Promuove caratteristiche ambientali o sociali (art. 8)","3","https://www.generali.it/previdenza/previdenza/generazione-previdente-pensione-integrativa",""
"PIP","5102","Piano Individuale Pensionistico (PIP)","GENERAZIONE PREVIDENTE - PIANO INDIVIDUALE PENSIONISTICO DI TIPO ASSICURATIVO - FONDO PENSIONE","GENERALI ITALIA S.P.A.","GENERALI SCELTA SOSTENIBILE","Bilanciato","8.07","1.17","","","","5.6","3.66","2.76","2.01","Sì","non previste","1,65% del patrimonio su base annua","1,32% (2025)","non previste","non previste","non previste","prima operazione gratuita, ogni successiva operazione € 60,00","non previste","0,9% delle rate di rendita attese","non disponibile","70,12%","29,88%","18/10/2021","Promuove caratteristiche ambientali o sociali (art. 8)","3","https://www.generali.it/previdenza/previdenza/generazione-previdente-pensione-integrativa",""
"PIP","5102","Piano Individuale Pensionistico (PIP)","GENERAZIONE PREVIDENTE - PIANO INDIVIDUALE PENSIONISTICO DI TIPO ASSICURATIVO - FONDO PENSIONE","GENERALI ITALIA S.P.A.","GENERALI OBIETTIVO PROTEZIONE","Bilanciato","3.75","-0.34","","","","5.4","3.46","2.55","1.8","Sì","non previste","1,45% del patrimonio su base annua","1,13% (2025)","non previste","non previste","non previste","prima operazione gratuita, ogni successiva operazione € 60,00","non previste","0,9% delle rate di rendita attese","non disponibile","31,82%","68,18%","18/10/2021","Promuove caratteristiche ambientali o sociali (art. 8)","2","https://www.generali.it/previdenza/previdenza/generazione-previdente-pensione-integrativa",""
"PIP","5102","Piano Individuale Pensionistico (PIP)","GENERAZIONE PREVIDENTE - PIANO INDIVIDUALE PENSIONISTICO DI TIPO ASSICURATIVO - FONDO PENSIONE","GENERALI ITALIA S.P.A.","GESAV GLOBAL","Garantito","1.29","1.22","1.29","1.64","","5.2","3.25","2.35","1.59","Sì","non previste","1,30% trattenuto dal rendimento annuo della gestione","1,24% (2025)","non previste","non previste","non previste","prima operazione gratuita, ogni successiva operazione € 60,00","non previste","0,9% delle rate di rendita attese","Tasso di rendimento medio dei titoli di Stato e delle obbligazioni","11,41%","88,59%","01/11/2005","Non adotta politiche di sostenibilità","3","https://www.generali.it/previdenza/previdenza/generazione-previdente-pensione-integrativa",""
"PIP","5102","Piano Individuale Pensionistico (PIP)","GENERAZIONE PREVIDENTE - PIANO INDIVIDUALE PENSIONISTICO DI TIPO ASSICURATIVO - FONDO PENSIONE","GENERALI ITALIA S.P.A.","A.G. EUROPEAN EQUITY","Azionario","4.07","1.21","1.51","2.22","","6","4.08","3.18","2.43","Sì","non previste","2,05% del patrimonio su base annua","1,90% (2025)","non previste","non previste","non previste","prima operazione gratuita, ogni successiva operazione € 60,00","non previste","0,9% delle rate di rendita attese","80% MSCI Europe e 20% JP Morgan Emu 1-3 anni","85,15%","14,85%","01/01/2007","Non adotta politiche di sostenibilità","3","https://www.generali.it/previdenza/previdenza/generazione-previdente-pensione-integrativa",""
"PIP","5102","Piano Individuale Pensionistico (PIP)","GENERAZIONE PREVIDENTE - PIANO INDIVIDUALE PENSIONISTICO DI TIPO ASSICURATIVO - FONDO PENSIONE","GENERALI ITALIA S.P.A.","GLOBAL MULTI ASSET","Bilanciato","3.63","0.12","","","","4.95","2.99","2.08","1.33","Sì","non previste","1,00% del patrimonio su base annua","0,95% (2025)","non previste","non previste","non previste","prima operazione gratuita, ogni successiva operazione € 60,00","non previste","0,9% delle rate di rendita attese","non disponibile","24,85%","75,15%","15/10/2018","Non adotta politiche di sostenibilità","2","https://www.generali.it/previdenza/previdenza/generazione-previdente-pensione-integrativa",""
"PIP","5008","Piano Individuale Pensionistico (PIP)","FUTURO ATTIVO – PIANO INDIVIDUALE PENSIONISTICO DI TIPO ASSICURATIVO – FONDO PENSIONE","GENERTEL S.P.A.","PREVIDENZA CONCRETA","Garantito","1.75","1.73","1.78","2.02","","4.71","3","2.21","1.55","Sì","","1,39% (dato 2024, comprensivo di oneri di gestione finanziaria 1,30% e oneri diretti a carico aderenti 0,09%)","1,30% (Oneri di gestione finanziaria 2024)","","","","","","","tasso di rendimento medio dei titoli di Stato e delle obbligazioni","1,52% Azioni Euro, 0,30% Sterlina, 0,20% Dollaro USA, 0,20% Franco svizzero (Totale Azioni 2,22%)","52,10% Titoli di Stato Euro, 30,80% Obbligazioni Corporate Euro (Totale Obbligazionario 82,90%)","01/01/2007","Il comparto non adotta una politica di investimento che promuove caratteristiche ambientali o sociali o ha come obiettivo investimenti sostenibili.","3","https://www.genertel.it/partner-genertel/altri-prodotti/futuro-attivo",""
"PIP","5105","Piano Individuale Pensionistico (PIP)","FUTURO ATTIVO - PIANO INDIVIDUALE PENSIONISTICO DI TIPO ASSICURATIVO - FONDO PENSIONE","GENERTEL S.P.A.","PREVIDENZA CONCRETA","Garantito","1.75","1.73","1.78","1.98","","1.3","1.3","1.3","1.3","Sì","Non previste","1,30% punti percentuali di riduzione dal rendimento della Gestione separata. Tale percentuale si incrementa di 0,01% per ogni 0,10% di rendimento della Gestione separata superiore al 4,00%.","Oneri di gestione finanziaria (per rendimento non retrocesso agli Aderenti): 1,21% (dato 2025)","Non previste","Non previste","Non previste","Non previste","Non previste","0,9% caricamento sulle rate di rendita attese, più costo annuo in termini di rendimento trattenuto pari all'1,30%","tasso di rendimento medio dei titoli di Stato e delle obbligazioni","5,41%","94,59%","01.01.2007","NO, non ne tiene conto","3","",""
"PIP","5105","Piano Individuale Pensionistico (PIP)","FUTURO ATTIVO - PIANO INDIVIDUALE PENSIONISTICO DI TIPO ASSICURATIVO - FONDO PENSIONE","GENERTEL S.P.A.","GENERTEL AZIONARIO PREVIDENZA","Azionario","","","","","","1.04","1.04","1.04","1.04","Sì","Non previste","1,00% del patrimonio del Fondo interno su base annua","Oneri di gestione finanziaria: 0,66% (dato 2025)","Non previste","Non previste","Non previste","Non previste","Non previste","0,9% caricamento sulle rate di rendita attese, più costo annuo in termini di rendimento trattenuto pari all'1,30%","70% MSCI Europe Price Index espresso in Euro - 20% MSCI USA Price Index espresso in Euro - 10% JP MORGAN Euro Cash Index a tre mesi espresso in Euro.","Componente azionaria investita in titoli quotati nei mercati ufficiali o regolamentati (fatti salvi investimenti in OICR/OICVM e componente obbligazionaria)","Componente obbligazionaria incentrata su titoli governativi con scadenza media a breve termine.","2001","SI, promuove CARATTERISTICHE AMBIENTALI O SOCIALI","3","",""
"PIP","5015","Piano Individuale Pensionistico (PIP)","NUOVA PENSIONE - PIANO INDIVIDUALE PENSIONISTICO DI TIPO ASSICURATIVO - FONDO PENSIONE","GENERTELLIFE S.P.A.","RI.ALTO PREVIDENZA","Garantito","1.11","0.97","1.04","1.4","","4.45","2.77","2.14","1.67","Sì","","","","","","","","","","","","","","","3","",""
"PIP","5015","Piano Individuale Pensionistico (PIP)","NUOVA PENSIONE - PIANO INDIVIDUALE PENSIONISTICO DI TIPO ASSICURATIVO - FONDO PENSIONE","GENERTELLIFE S.P.A.","LVA DINAMICO PREVIDENZA","Azionario","6.38","1.89","3.69","3.35","","5.84","4.18","3.56","3.09","","","","","","","","","","","","","","","","3","",""
"PIP","5016","Piano Individuale Pensionistico (PIP)","BG PREVIDENZA ATTIVA - PIANO INDIVIDUALE PENSIONISTICO DI TIPO ASSICURATIVO - FONDO PENSIONE","GENERTELLIFE S.P.A.","RI.ALTO PREVIDENZA","Garantito","1.11","0.97","1.04","0.8","2.2","4.22","2.65","2.08","1.65","Sì","Non previste","Il rendimento realizzato annualmente dalla gestione interna separata viene attribuito all’aderente diminuito di 1,50 punti percentuali. Tale percentuale dell’1,50% si incrementa dello 0,10% in valore assoluto per ogni punto di rendimento della gestione interna separata superiore al 6,00%.","Oneri di gestione finanziaria: 1,20% (dati 2024)","Non previste","Non previste","Non previste","prima operazione di riallocazione gratuita, ogni successiva operazione di riallocazione Euro 50,00","Non previste","Cifra fissa una tantum pari a Euro 20,00","tasso di rendimento medio dei titoli di Stato e delle obbligazioni.","2,84%","97,16%","08.11.2001","NO, non ne tiene conto","2","",""
"PIP","5016","Piano Individuale Pensionistico (PIP)","BG PREVIDENZA ATTIVA - PIANO INDIVIDUALE PENSIONISTICO DI TIPO ASSICURATIVO - FONDO PENSIONE","GENERTELLIFE S.P.A.","LVA DINAMICO PREVIDENZA","Azionario","6.39","1.89","3.69","3.35","","5.62","4.06","3.5","3.07","Sì","Non previste","Commissione annua di gestione: 2,80%, prelevata settimanalmente dal patrimonio.","Oneri di gestione finanziaria: 2,68% (dati 2024)","Non previste","Non previste","Non previste","prima operazione di riallocazione gratuita, ogni successiva operazione di riallocazione Euro 50,00","Non previste","Cifra fissa una tantum pari a Euro 20,00","70% MSCI Europe (PI), 15% Standard and Poor’s 500 Composite (PI), 10% J.P. Morgan EMU Cash a 3 mesi, 5% MSCI Pacific Free (PI)","89,67%","10,33%","24.05.2007","NO, non ne tiene conto","3","",""
"PIP","5077","Piano Individuale Pensionistico (PIP)","PENSIONLINE - PIANO INDIVIDUALE PENSIONISTICO DI TIPO ASSICURATIVO - FONDO PENSIONE","GENERTELLIFE S.P.A.","RI.ALTO PREVIDENZA","Garantito","1.19","1.06","1.12","1.49","","1.4","1.4","1.4","1.4","Sì","","","","","","","","","","","","","","","3","",""
"PIP","5077","Piano Individuale Pensionistico (PIP)","PENSIONLINE - PIANO INDIVIDUALE PENSIONISTICO DI TIPO ASSICURATIVO - FONDO PENSIONE","GENERTELLIFE S.P.A.","LVA AZIONARIO PREVIDENZA","Azionario","8.44","3.52","5.42","5.16","","1.04","1.04","1.04","1.04","","","","","","","","","","","","","","","","4","",""
"PIP","5023","Piano Individuale Pensionistico (PIP)","GROUPAMA PIANO PENSIONISTICO INDIVIDUALE - PIANO INDIVIDUALE PENSIONISTICO DI TIPO ASSICURATIVO - FONDO PENSIONE","GROUPAMA ASSICURAZIONI S.P.A","VALOREPIU' PREVIDENZA","Garantito","0.7","0.47","0.34","0.61","","4.93","3.21","2.46","1.86","Sì","","","","","","","","","","","","","","","2","https://www.groupama.it/previdenza-integrativa/piano-pensionistico-individuale/",""
"PIP","5033","Piano Individuale Pensionistico (PIP)","PROGRAMMA PER TE - PIANO INDIVIDUALE PENSIONISTICO DI TIPO ASSICURATIVO - FONDO PENSIONE","GROUPAMA ASSICURAZIONI S.P.A","VALOREPIU' PREVIDENZA","Garantito","1","0.77","0.63","0.89","","4.4","2.84","2.13","1.53","Sì","non previste","1,30% trattenuto dal rendimento annuo conseguito dalla Gestione Separata. Qualora il rendimento della Gestione separata superi il 7% tale commissione viene incrementata dello 0,1% ogni 0,5% di incremento del rendimento della Gestione.","1,30%","non previste","non previste","non previste","le prime due operazioni gratuite, ogni successiva operazione 50 €","non previste","caricamento per spese di pagamento rendita pari a 1,25% delle rate di rendita attese, oltre ad un costo fisso di 3 euro su ogni singola rata di rendita","tasso di rendimento medio dei titoli di Stato e delle obbligazioni","7%","93%","18/01/2007","NO, non ne tiene conto","2","https://www.groupama.it/previdenza-integrativa/programma-per-te/",""
"PIP","5033","Piano Individuale Pensionistico (PIP)","PROGRAMMA PER TE - PIANO INDIVIDUALE PENSIONISTICO DI TIPO ASSICURATIVO - FONDO PENSIONE","GROUPAMA ASSICURAZIONI S.P.A","VALOREPIÙ AZIONARIO PREVIDENZA","Azionario","4.68","1.51","3.07","3.29","","4.98","3.44","2.73","2.13","Sì","non previste","1,90% su base annua, prelevato trimestralmente dal patrimonio del fondo interno e decurtato dal valore della quota in occasione di ogni valorizzazione.","1,90%","non previste","non previste","non previste","le prime due operazioni gratuite, ogni successiva operazione 50 €","non previste","caricamento per spese di pagamento rendita pari a 1,25% delle rate di rendita attese, oltre ad un costo fisso di 3 euro su ogni singola rata di rendita","a partire dal 1° Luglio 2025: 80% MSCI Europe Net Total Return EUR Index (MSDEE15N Index) e 20% Bloomberg Euro-Aggregate Treasury 1-3 Year TR Index Value Unhedged EUR (LET1TREU Index)","80%","20%","18/01/2007","NO, non ne tiene conto","3","https://www.groupama.it/previdenza-integrativa/programma-per-te/",""
"PIP","5001","Piano Individuale Pensionistico (PIP)","CBA PREVIDENZA - PIANO INDIVIDUALE PENSIONISTICO DI TIPO ASSICURATIVO - FONDO PENSIONE","HDI ASSICURAZIONI S.P.A.","CBA APPRODO","Garantito","0.62","1.1","1.32","1.76","","1.94","1.37","1.25","1.21","Sì","€ 25","1,20%","1,20%","€ 25","€ 25","€ 25","€ 25","Non previste","€ 20,00 per attivazione RITA; € 5,00 per rata erogata; 1,25% della rendita annua per caricamento","Tasso di rendimento medio dei titoli di Stato","0%","100%","26/04/2007","non adotta una politica di investimento che promuove caratteristiche ambientali o sociali","3","https://www.hdiassicurazioni.it/it/archivio/linea-cba-prodotti-non-in-collocamento-previdenza-complementare",""
"PIP","5001","Piano Individuale Pensionistico (PIP)","CBA PREVIDENZA - PIANO INDIVIDUALE PENSIONISTICO DI TIPO ASSICURATIVO - FONDO PENSIONE","HDI ASSICURAZIONI S.P.A.","CBA ORIZZONTE 30","Bilanciato","4.97","0.25","1.56","1.41","","2.57","2","1.88","1.84","Sì","€ 25","1,80%","1,80%","€ 25","€ 25","€ 25","€ 25","Non previste","€ 20,00 per attivazione RITA; € 5,00 per rata erogata; 1,25% della rendita annua per caricamento","70% JP Morgan EMU 1-3 years, 20% Eurostoxx 50 Net Return Index, 10% Standard & Poor’s 500 Net Total Return Index","25%","75%","29/05/2007","non adotta una politica di investimento che promuove caratteristiche ambientali o sociali","3","https://www.hdiassicurazioni.it/it/archivio/linea-cba-prodotti-non-in-collocamento-previdenza-complementare",""
"PIP","5001","Piano Individuale Pensionistico (PIP)","CBA PREVIDENZA - PIANO INDIVIDUALE PENSIONISTICO DI TIPO ASSICURATIVO - FONDO PENSIONE","HDI ASSICURAZIONI S.P.A.","CBA ORIZZONTE 60","Bilanciato","9.09","2.83","4.87","4.05","","2.8","2.23","2.11","2.07","Sì","€ 25","2,00%","2,00%","€ 25","€ 25","€ 25","€ 25","Non previste","€ 20,00 per attivazione RITA; € 5,00 per rata erogata; 1,25% della rendita annua per caricamento","40% JP Morgan EMU 1-3 years, 35% Eurostoxx 50 Net Return Index, 25% Standard & Poor’s 500 Net Total Return Index","54%","46%","29/05/2007","non adotta una politica di investimento che promuove caratteristiche ambientali o sociali","4","https://www.hdiassicurazioni.it/it/archivio/linea-cba-prodotti-non-in-collocamento-previdenza-complementare",""
"PIP","5007","Piano Individuale Pensionistico (PIP)","PREVIDENZA HDI - PIANO INDIVIDUALE PENSIONISTICO DI TIPO ASSICURATIVO - FONDO PENSIONE","HDI ASSICURAZIONI S.P.A.","HDI FONDO PENSIONE","Garantito","1.62","1.44","1.38","1.49","","3.33","2.07","1.56","1.15","Sì","Non previste","1% del rendimento annuo di “HDI-Fondo Pensione”","1,00% (oneri di gestione finanziaria)","Non previste","€ 20","€ 20","","","1,25% della rendita annua, maggiorato di 0,125% per ogni rata aggiuntiva nell'anno. Inoltre, la misura annua di rivalutazione prevede un costo in termini di rendimento trattenuto pari all'1,00%.","Tasso di rendimento medio dei titoli di Stato e delle obbligazioni.","0%","100%","13/04/2007","NO, non ne tiene conto","3","https://www.hdiassicurazioni.it/it/privati/previdenza/piano-individuale-pensionistico",""
"PIP","5079","Piano Individuale Pensionistico (PIP)","HELVETIA AEQUA PIANO INDIVIDUALE PENSIONISTICO DI TIPO ASSICURATIVO - FONDO PENSIO","HELVETIA VITA S.P.A. - COMPAGNIA ITALO SVIZZERA DI ASSICURAZIONI SULLA VITA","HELVETIA MULTIMANAGER FLESSIBILE","Bilanciato","3.74","-0.54","0.82","1.14","","1.56","1.56","1.56","1.56","Sì","non previste","1,50% del patrimonio su base annua","1,50% del patrimonio su base annua","non previste","non previste","non previste","non previste","non previste","caricamento spese variabile in base alla periodicità scelta (es. 1,70% su rendita mensile)","20,00% Money Market Euro, 20,00% Government Bond Short Term Eur, 30,00% Government Bond Mid/Long Term Eur, 5,00% Bond USD e 25,00% International Equity","25,41%","61,49%","02/05/2006","il comparto non adotta una politica di investimento che promuove caratteristiche ambientali o sociali o ha come obiettivo investimenti sostenibili","3","https://www.helvetia.com/it/web/it/prodotti-e-servizi/prodotti-dedicati-alla-previdenza-complementare/previdenza_complementare/helvetia_Aequa.html",""
"PIP","5079","Piano Individuale Pensionistico (PIP)","HELVETIA AEQUA PIANO INDIVIDUALE PENSIONISTICO DI TIPO ASSICURATIVO - FONDO PENSIO","HELVETIA VITA S.P.A. - COMPAGNIA ITALO SVIZZERA DI ASSICURAZIONI SULLA VITA","HELVETIA MULTIMANAGER EQUITY","Azionario","9.19","1.22","5.08","5","","1.87","1.87","1.87","1.87","Sì","non previste","1,80% del patrimonio su base annua","1,80% del patrimonio su base annua","non previste","non previste","non previste","non previste","non previste","caricamento spese variabile in base alla periodicità scelta (es. 1,70% su rendita mensile)","50,00% European Equity Market, 35,00% US Equity Market, 10,00% Asia – Pacific Equity Market e 5,00% Emerging Equity Market","95,04%","0,00%","02/05/2006","il comparto non adotta una politica di investimento che promuove caratteristiche ambientali o sociali o ha come obiettivo investimenti sostenibili","4","https://www.helvetia.com/it/web/it/prodotti-e-servizi/prodotti-dedicati-alla-previdenza-complementare/previdenza_complementare/helvetia_Aequa.html",""
"PIP","5079","Piano Individuale Pensionistico (PIP)","HELVETIA AEQUA PIANO INDIVIDUALE PENSIONISTICO DI TIPO ASSICURATIVO - FONDO PENSIO","HELVETIA VITA S.P.A. - COMPAGNIA ITALO SVIZZERA DI ASSICURAZIONI SULLA VITA","HV PREVIREND","Garantito","0.94","0.94","0.96","1.22","","1.2","1.2","1.2","1.2","Sì","non previste","commissione annua di gestione pari all'1,20% se il rendimento è >= 1,50%; oppure 80% del rendimento se < 1,50%","commissione annua di gestione pari all'1,20% se il rendimento è >= 1,50%; oppure 80% del rendimento se < 1,50%","non previste","non previste","non previste","non previste","non previste","caricamento spese variabile in base alla periodicità scelta (es. 1,70% su rendita mensile)","Tasso di rendimento medio dei titoli di Stato e delle obbligazioni","6,56%","93,37%","01/01/2007","il comparto non adotta una politica di investimento che promuove caratteristiche ambientali o sociali o ha come obiettivo investimenti sostenibili","3","https://www.helvetia.com/it/web/it/prodotti-e-servizi/prodotti-dedicati-alla-previdenza-complementare/previdenza_complementare/helvetia_Aequa.html",""
"PIP","5002","Piano Individuale Pensionistico (PIP)","OUVERTURE 2007 - PIANO INDIVIDUALE PENSIONISTICO DI TIPO ASSICURATIVO - FONDO PENSIONE","INTESA SANPAOLO ASSICURAZIONI S.P.A.","BAP GESTIONE PREVIDENZA","Garantito","1.3","1.48","1.46","1.66","","3.56","2.52","2.05","1.65","Sì","","1,50% annuo (costi di gestione finanziaria), 0,05% annuo (costi direttamente a carico degli aderenti al 2025)","1,50% annuo","","","","","","","Tasso di rendimento medio dei titoli di Stato e delle obbligazioni","0,00%","99,35%","01/03/2007","Il Comparto non adotta una politica di investimento che promuove caratteristiche ambientali o sociali o ha come obiettivo investimenti sostenibili.","3","https://www.hdiassicurazioni.it/it/archivio/linea-cba-prodotti-non-in-collocamento-previdenza-complementare",""
"PIP","5037","Piano Individuale Pensionistico (PIP)","PIP PROGETTO PENSIONE - PIANO INDIVIDUALE PENSIONISTICO DI TIPO ASSICURATIVO - FONDO PENSIONE","INTESA SANPAOLO ASSICURAZIONI S.P.A.","STRATEGIA 15","Obbligazionario Misto","3.09","-0.89","-0.14","0.18","","4.17","2.66","2.15","1.79","Sì","","1,70%","1,69%","","","","","","","JP Morgan Cash Euro 6 Month in Euro 20%, Citigroup Emu Government Bond (EGBI) 55% 1-10 years in Euro 55%, iBoxx Euro Corporates in Euro 10%, Morgan Stanley Capital International All Country World Total Return in Euro 15%","16,84%","80,88%","02/01/2007","no","2","https://www.intesasanpaoloassicurazioni.com/prodotti-e-rendimenti/pensione-integrativa/pensione-integrativa-progetto-pensione",""
"PIP","5037","Piano Individuale Pensionistico (PIP)","PIP PROGETTO PENSIONE - PIANO INDIVIDUALE PENSIONISTICO DI TIPO ASSICURATIVO - FONDO PENSIONE","INTESA SANPAOLO ASSICURAZIONI S.P.A.","STRATEGIA 30","Obbligazionario Misto","5.39","0.17","1.23","1.34","","4.42","2.91","2.41","2.04","Sì","","1,97%","1,96%","","","","","","","JP Morgan Cash Euro 6 Month in Euro 20%, Citigroup Emu Government Bond (EGBI) 1-10 years in Euro 30%, iBoxx Euro Corporates in Euro 10%, Morgan Stanley Capital International All Country World Total Return in Euro 40%","34,35%","65,07%","02/01/2007","no","3","https://www.intesasanpaoloassicurazioni.com/prodotti-e-rendimenti/pensione-integrativa/pensione-integrativa-progetto-pensione",""
"PIP","5037","Piano Individuale Pensionistico (PIP)","PIP PROGETTO PENSIONE - PIANO INDIVIDUALE PENSIONISTICO DI TIPO ASSICURATIVO - FONDO PENSIONE","INTESA SANPAOLO ASSICURAZIONI S.P.A.","STRATEGIA 40","Bilanciato","7.08","0.25","1.64","1.87","","4.71","3.21","2.71","2.34","Sì","","2,21%","2,20%","","","","","","","JP Morgan Cash Euro 6 Month in Euro 10%, Citigroup Emu Government Bond (EGBI) 55% 1-10 years in Euro 50%, iBoxx Euro Corporates in Euro 10%, Morgan Stanley Capital International All Country World Total Return in Euro 30%","43,88%","53,51%","02/01/2007","no","3","https://www.intesasanpaoloassicurazioni.com/prodotti-e-rendimenti/pensione-integrativa/pensione-integrativa-progetto-pensione",""
"PIP","5037","Piano Individuale Pensionistico (PIP)","PIP PROGETTO PENSIONE - PIANO INDIVIDUALE PENSIONISTICO DI TIPO ASSICURATIVO - FONDO PENSIONE","INTESA SANPAOLO ASSICURAZIONI S.P.A.","STRATEGIA 55","Azionario","9.7","1.23","2.94","3","","5.01","3.51","3.01","2.63","Sì","","2,52%","2,51%","","","","","","","JP Morgan Cash Euro 6 Month in Euro 10%, Citigroup Emu Government Bond (EGBI) 55% 1-10 years in Euro 25%, iBoxx Euro Corporates in Euro 10%, Morgan Stanley Capital International All Country World Total Return in Euro 55%","60,11%","37,89%","02/01/2007","no","3","https://www.intesasanpaoloassicurazioni.com/prodotti-e-rendimenti/pensione-integrativa/pensione-integrativa-progetto-pensione",""
"PIP","5037","Piano Individuale Pensionistico (PIP)","PIP PROGETTO PENSIONE - PIANO INDIVIDUALE PENSIONISTICO DI TIPO ASSICURATIVO - FONDO PENSIONE","INTESA SANPAOLO ASSICURAZIONI S.P.A.","STRATEGIA 70","Azionario","11.77","2.51","4.29","4.15","","5.16","3.66","3.16","2.79","Sì","","2,66%","2,65%","","","","","","","Citigroup Emu Government Bond (EGBI) 55% 1-10 years in Euro 30%, Morgan Stanley Capital International All Country World Total Return in Euro 70%","74,77%","21,80%","02/01/2007","no","4","https://www.intesasanpaoloassicurazioni.com/prodotti-e-rendimenti/pensione-integrativa/pensione-integrativa-progetto-pensione",""
"PIP","5037","Piano Individuale Pensionistico (PIP)","PIP PROGETTO PENSIONE - PIANO INDIVIDUALE PENSIONISTICO DI TIPO ASSICURATIVO - FONDO PENSIONE","INTESA SANPAOLO ASSICURAZIONI S.P.A.","EV PREVI","Garantito","1.38","1.36","1.13","1.12","","4.01","2.5","1.99","1.63","Sì","","1,50%","1,50%","","","","","","","tasso di rendimento medio dei titoli di Stato e delle obbligazioni","2,93%","81,53%","02/01/2007","no","3","https://www.intesasanpaoloassicurazioni.com/prodotti-e-rendimenti/pensione-integrativa/pensione-integrativa-progetto-pensione",""
"PIP","5038","Piano Individuale Pensionistico (PIP)","VITA&PREVIDENZA SANPAOLO PIU' - PIANO INDIVIDUALE PENSIONISTICO DI TIPO ASSICURATIVO - FONDO PENSIONE","INTESA SANPAOLO ASSICURAZIONI S.P.A.","GLOBAL EQUITY PREVI","Azionario","18.77","5.48","8.12","6.87","","5.14","3.64","3.14","2.77","Sì","","2,65% (commissioni di gestione finanziaria 2025)","2,65%","","","","","","","MSDEWIN Morgan Stanley Capital International World Daily Net Total Return in Euro","90,91%","4,23%","2 gennaio 2007","il comparto non adotta una politica di investimento che promuove caratteristiche ambientali o sociali o ha come obiettivo investimenti sostenibili","4","",""
"PIP","5038","Piano Individuale Pensionistico (PIP)","VITA&PREVIDENZA SANPAOLO PIU' - PIANO INDIVIDUALE PENSIONISTICO DI TIPO ASSICURATIVO - FONDO PENSIONE","INTESA SANPAOLO ASSICURAZIONI S.P.A.","EV PREVI","Garantito","1.38","1.3","1.09","1.1","","4.01","2.5","1.99","1.63","Sì","","1,50% (commissioni di gestione finanziaria 2025)","1,50%","","","","","","","tasso di rendimento medio dei titoli di Stato e delle obbligazioni","2,93%","81,57%","2 gennaio 2007","il comparto non adotta una politica di investimento che promuove caratteristiche ambientali o sociali o ha come obiettivo investimenti sostenibili","3","",""
"PIP","5051","Piano Individuale Pensionistico (PIP)","AVIVA VITA - PRO FUTURO - PIANO INDIVIDUALE PENSIONISTICO DI TIPO ASSICURATIVO - FONDO PENSIONE","INTESA SANPAOLO ASSICURAZIONI S.P.A.","AVIVA-UBI","Garantito","1.92","1.71","1.8","1.97","","2.6","1.71","1.37","1.1","Sì","","1,00% (oneri di gestione finanziaria)","1,00% (per rendimento non retrocesso agli aderenti)","","","","","","","tasso di rendimento medio dei titoli di Stato e delle obbligazioni","0,00%","97,43%","12/12/2007","non adotta una politica di investimento che promuove caratteristiche ambientali o sociali o ha come obiettivo investimenti sostenibili","3","https://www.intesasanpaoloassicurazioni.com/prodotti-e-rendimenti/pensione-integrativa/aviva-vita-pro-futuro",""
"PIP","5051","Piano Individuale Pensionistico (PIP)","AVIVA VITA - PRO FUTURO - PIANO INDIVIDUALE PENSIONISTICO DI TIPO ASSICURATIVO - FONDO PENSIONE","INTESA SANPAOLO ASSICURAZIONI S.P.A.","AVIVA-UBI 1","Obbligazionario Misto","0.99","-2.31","-2.86","-1.32","","2.99","2.1","1.76","1.49","Sì","","1,38% (oneri di gestione finanziaria 2025)","1,38% (commissioni di gestione finanziaria 2025)","","","","","","","50% JPM Euro 6 Month Cash, 30% JPM Euro Government Bond, 10% JPM Global Government Bond, 10% MSCI Europe Equity","12,10%","81,95%","03/06/2008","non adotta una politica di investimento che promuove caratteristiche ambientali o sociali o ha come obiettivo investimenti sostenibili","2","https://www.intesasanpaoloassicurazioni.com/prodotti-e-rendimenti/pensione-integrativa/aviva-vita-pro-futuro",""
"PIP","5051","Piano Individuale Pensionistico (PIP)","AVIVA VITA - PRO FUTURO - PIANO INDIVIDUALE PENSIONISTICO DI TIPO ASSICURATIVO - FONDO PENSIONE","INTESA SANPAOLO ASSICURAZIONI S.P.A.","AVIVA-UBI 2","Obbligazionario Misto","2.19","-2.9","-3.26","-1.53","","3.19","2.3","1.96","1.69","Sì","","1,57% (oneri di gestione finanziaria 2025)","1,57% (commissioni di gestione finanziaria 2025)","","","","","","","15% JPM Euro 6 Month Cash, 60% JPM Euro Government Bond, 5% BofA ML Euro Corporate Bond, 15% MSCI Europe Equity, 5% MSCI North America Equity","22,37%","73,13%","30/12/2009","non adotta una politica di investimento che promuove caratteristiche ambientali o sociali o ha come obiettivo investimenti sostenibili","2","https://www.intesasanpaoloassicurazioni.com/prodotti-e-rendimenti/pensione-integrativa/aviva-vita-pro-futuro",""
"PIP","5051","Piano Individuale Pensionistico (PIP)","AVIVA VITA - PRO FUTURO - PIANO INDIVIDUALE PENSIONISTICO DI TIPO ASSICURATIVO - FONDO PENSIONE","INTESA SANPAOLO ASSICURAZIONI S.P.A.","AVIVA-UBI 3","Bilanciato","4.32","-1.26","0.18","1.11","","3.39","2.5","2.16","1.89","Sì","","11,60% (oneri di gestione finanziaria 2025)","11,60% (commissioni di gestione finanziaria 2025)","","","","","","","5% BofA ML Euro Corporate Bond, 55% JPM Euro Government Bond, 25% MSCI Europe Equity, 5% MSCI Pacifico Equity, 10% MSCI North America Equity","41,69%","54,14%","21/11/2007","non adotta una politica di investimento che promuove caratteristiche ambientali o sociali o ha come obiettivo investimenti sostenibili","3","https://www.intesasanpaoloassicurazioni.com/prodotti-e-rendimenti/pensione-integrativa/aviva-vita-pro-futuro",""
"PIP","5051","Piano Individuale Pensionistico (PIP)","AVIVA VITA - PRO FUTURO - PIANO INDIVIDUALE PENSIONISTICO DI TIPO ASSICURATIVO - FONDO PENSIONE","INTESA SANPAOLO ASSICURAZIONI S.P.A.","AVIVA-UBI 4","Azionario","8.28","0.82","3.33","3.64","","3.48","2.6","2.26","1.99","Sì","","2,85% (oneri di gestione finanziaria 2025)","2,85% (commissioni di gestione finanziaria 2025)","","","","","","","30% JPM Euro Government Bond, 40% MSCI Europe Equity, 5% MSCI Pacifico Equity, 25% MSCI North America Equity","70,12%","29,49%","21/11/2007","non adotta una politica di investimento che promuove caratteristiche ambientali o sociali o ha come obiettivo investimenti sostenibili","3","https://www.intesasanpaoloassicurazioni.com/prodotti-e-rendimenti/pensione-integrativa/aviva-vita-pro-futuro",""
"PIP","5056","Piano Individuale Pensionistico (PIP)","PIANO INDIVIDUALE PENSIONISTICO DI TIPO ASSICURATIVO - FONDO PENSIONE PREVINEXT","INTESA SANPAOLO ASSICURAZIONI S.P.A.","PREVINEXT BALANCED","Bilanciato","6.53","-1.16","0.97","2.14","","2.73","2.25","2.03","1.85","Sì","","1,63% (commissioni di gestione finanziaria 2025)","1,63%","","","","","","","35% indice MSCI ACWI Net Total Return EUR e 65% dall’indice BofA Merrill Lynch Global Government Bond Index II TR in euro","38,42%","60,76%","22/12/2006","Il Comparto non adotta una politica di investimento che promuove caratteristiche ambientali o sociali o ha come obiettivo investimenti sostenibili.","3","https://www.intesasanpaoloassicurazioni.com/prodotti-e-rendimenti/pensione-integrativa/previnext",""
"PIP","5056","Piano Individuale Pensionistico (PIP)","PIANO INDIVIDUALE PENSIONISTICO DI TIPO ASSICURATIVO - FONDO PENSIONE PREVINEXT","INTESA SANPAOLO ASSICURAZIONI S.P.A.","PREVINEXT DYNAMIC","Azionario","11.15","1.41","3.8","4.16","","2.82","2.34","2.12","1.94","Sì","","2,07% (commissioni di gestione finanziaria 2025)","2,07%","","","","","","","60% dall’indice MSCI ACWI Net Total Return EUR e 40% dall’indice BofA Merrill Lynch Global Government Bond Index II TR in euro","63,52%","35,89%","22/12/2006","Il Comparto non adotta una politica di investimento che promuove caratteristiche ambientali o sociali o ha come obiettivo investimenti sostenibili.","4","https://www.intesasanpaoloassicurazioni.com/prodotti-e-rendimenti/pensione-integrativa/previnext",""
"PIP","5056","Piano Individuale Pensionistico (PIP)","PIANO INDIVIDUALE PENSIONISTICO DI TIPO ASSICURATIVO - FONDO PENSIONE PREVINEXT","INTESA SANPAOLO ASSICURAZIONI S.P.A.","PREVINEXT FUTURO SICURO","Garantito","1.13","1.09","1.04","1.23","","2.23","1.74","1.52","1.34","Sì","","1,20% (commissioni di gestione finanziaria 2025)","1,20%","","","","","","","tasso di rendimento medio dei titoli di Stato e delle obbligazioni","0,01%","99,59%","22/12/2006","Il Comparto non adotta una politica di investimento che promuove caratteristiche ambientali o sociali o ha come obiettivo investimenti sostenibili.","3","https://www.intesasanpaoloassicurazioni.com/prodotti-e-rendimenti/pensione-integrativa/previnext",""
"PIP","5057","Piano Individuale Pensionistico (PIP)","PIANO INDIVIDUALE PENSIONISTICO DI TIPO ASSICURATIVO - FONDO PENSIONE PREVINEXT PLATINUM","INTESA SANPAOLO ASSICURAZIONI S.P.A.","PREVINEXT BALANCED","Bilanciato","6.53","-1.16","0.97","2.14","","3.01","2.39","2.11","1.87","Sì","Non specificati","1,72% (commissioni di gestione finanziaria 2025)","1,72% (commissioni di gestione finanziaria 2025)","Non specificati","Non specificati","Non specificati","Non specificati","Non specificati","Non specificati","35% indice MSCI ACWI Net Total Return EUR e 65% dall’indice BofA Merrill Lynch Global Government Bond Index II TR in euro.","38,42%","60,76%","22/12/2006","Il Comparto non adotta una politica di investimento che promuove caratteristiche ambientali o sociali o ha come obiettivo investimenti sostenibili.","3","https://www.intesasanpaoloassicurazioni.com/prodotti-e-rendimenti/pensione-integrativa/previnext",""
"PIP","5057","Piano Individuale Pensionistico (PIP)","PIANO INDIVIDUALE PENSIONISTICO DI TIPO ASSICURATIVO - FONDO PENSIONE PREVINEXT PLATINUM","INTESA SANPAOLO ASSICURAZIONI S.P.A.","PREVINEXT DYNAMIC","Azionario","11.15","1.41","3.8","4.16","","3.1","2.48","2.2","1.96","Sì","Non specificati","1,76% (commissioni di gestione finanziaria 2025)","1,76% (commissioni di gestione finanziaria 2025)","Non specificati","Non specificati","Non specificati","Non specificati","Non specificati","Non specificati","60% dall’indice MSCI ACWI Net Total Return EUR e 40% dall’indice BofA Merrill Lynch Global Government Bond Index II TR in euro.","63,52%","35,89%","22/12/2006","Il Comparto non adotta una politica di investimento che promuove caratteristiche ambientali o sociali o ha come obiettivo investimenti sostenibili.","4","https://www.intesasanpaoloassicurazioni.com/prodotti-e-rendimenti/pensione-integrativa/previnext",""
"PIP","5057","Piano Individuale Pensionistico (PIP)","PIANO INDIVIDUALE PENSIONISTICO DI TIPO ASSICURATIVO - FONDO PENSIONE PREVINEXT PLATINUM","INTESA SANPAOLO ASSICURAZIONI S.P.A.","PREVINEXT FUTURO SICURO","Garantito","1.13","1.09","1.04","1.23","","2.5","1.88","1.6","1.36","Sì","Non specificati","1,20% (commissioni di gestione finanziaria per rendimento non retrocesso agli aderenti 2025)","1,20% (commissioni di gestione finanziaria per rendimento non retrocesso agli aderenti 2025)","Non specificati","Non specificati","Non specificati","Non specificati","Non specificati","Non specificati","Tasso di rendimento medio dei titoli di Stato e delle obbligazioni.","0,01%","99,59%","22/12/2006","Il Comparto non adotta una politica di investimento che promuove caratteristiche ambientali o sociali o ha come obiettivo investimenti sostenibili.","3","https://www.intesasanpaoloassicurazioni.com/prodotti-e-rendimenti/pensione-integrativa/previnext",""
"PIP","5083","Piano Individuale Pensionistico (PIP)","IL MIO FUTURO - PIANO INDIVIDUALE PENSIONISTICO DI TIPO ASSICURATIVO - FONDO PENSIONE","INTESA SANPAOLO ASSICURAZIONI S.P.A.","MEDIO TERMINE","Bilanciato","4.87","-0.71","0.92","0.7","","3.44","2.22","1.81","1.51","","","","","","","","","","","","","","","","2","https://www.intesasanpaoloassicurazioni.com/prodotti-e-rendimenti/pensione-integrativa/piano-individuale-pensionistico-il-mio-futuro",""
"PIP","5083","Piano Individuale Pensionistico (PIP)","IL MIO FUTURO - PIANO INDIVIDUALE PENSIONISTICO DI TIPO ASSICURATIVO - FONDO PENSIONE","INTESA SANPAOLO ASSICURAZIONI S.P.A.","LUNGO TERMINE","Bilanciato","6.08","-0.35","1.95","1.65","","3.74","2.52","2.12","1.81","","","","","","","","","","","","","","","","3","https://www.intesasanpaoloassicurazioni.com/prodotti-e-rendimenti/pensione-integrativa/piano-individuale-pensionistico-il-mio-futuro",""
"PIP","5083","Piano Individuale Pensionistico (PIP)","IL MIO FUTURO - PIANO INDIVIDUALE PENSIONISTICO DI TIPO ASSICURATIVO - FONDO PENSIONE","INTESA SANPAOLO ASSICURAZIONI S.P.A.","EV PREVI","Garantito","1.55","1.47","1.26","1.27","","3.43","2.21","1.8","1.5","Sì","","","","","","","","","","","","","","","3","https://www.intesasanpaoloassicurazioni.com/prodotti-e-rendimenti/pensione-integrativa/piano-individuale-pensionistico-il-mio-futuro",""
"PIP","5084","Piano Individuale Pensionistico (PIP)","BAPCRESCENDOPREVIDENTE - PIANO INDIVIDUALE PENSIONISTICO DI TIPO ASSICURATIVO - FONDO PENSIONE","INTESA SANPAOLO ASSICURAZIONI S.P.A.","BAP GESTIONE PREVIDENZA","Garantito","1.21","1.39","1.37","1.57","","2.8","1.94","1.74","1.63","Sì","","1,62% (valore TER 2025)","1,60% (Oneri di gestione finanziaria 2025)","","","","","","","Tasso di rendimento medio dei titoli di Stato e delle obbligazioni.","0,00%","99,35%","01/03/2007","Il Comparto non adotta una politica di investimento che promuove caratteristiche ambientali o sociali o ha come obiettivo investimenti sostenibili.","3","https://www.intesasanpaoloassicurazioni.com/prodotti-e-rendimenti/pensione-integrativa/bap-crescendo-previdente",""
"PIP","5025","Piano Individuale Pensionistico (PIP)","TAXBENEFIT NEW - PIANO INDIVIDUALE PENSIONISTICO DI TIPO ASSICURATIVO - FONDO PENSIONE","MEDIOLANUM VITA S.P.A.","CHALLENGE PROVIDENT FUND 1","Azionario","15.37","3.27","5.46","5.27","","3.66","3.39","3.22","2.63","Sì","non previste","2,95% su base annua del patrimonio dell'OICR","2,95% su base annua del patrimonio dell'OICR","€ 68,91","1% dell'importo trasferito con un min. di € 25 ed un max. di € 100","non previste","€ 68,91","€ 68,91","1,25% annuo, compreso nei coefficienti di conversione in rendita","Non disponibile","96,98%","3,02%","01/2007","NO","4","https://www.mediolanumvita.it/previdenza/taxbenefit-new",""
"PIP","5025","Piano Individuale Pensionistico (PIP)","TAXBENEFIT NEW - PIANO INDIVIDUALE PENSIONISTICO DI TIPO ASSICURATIVO - FONDO PENSIONE","MEDIOLANUM VITA S.P.A.","CHALLENGE PROVIDENT FUND 2","Bilanciato","8.67","1.21","3.04","3.12","","3.08","2.8","2.63","2.09","Sì","non previste","2,35% su base annua del patrimonio dell'OICR","2,35% su base annua del patrimonio dell'OICR","€ 68,91","1% dell'importo trasferito con un min. di € 25 ed un max. di € 100","non previste","€ 68,91","€ 68,91","1,25% annuo, compreso nei coefficienti di conversione in rendita","Non disponibile","36,56%","63,44%","01/2007","NO","3","https://www.mediolanumvita.it/previdenza/taxbenefit-new",""
"PIP","5025","Piano Individuale Pensionistico (PIP)","TAXBENEFIT NEW - PIANO INDIVIDUALE PENSIONISTICO DI TIPO ASSICURATIVO - FONDO PENSIONE","MEDIOLANUM VITA S.P.A.","CHALLENGE PROVIDENT FUND 3","Obbligazionario Puro","0.52","-2.5","-1.4","-0.2","","2.26","1.97","1.79","1.31","Sì","non previste","1,50% su base annua del patrimonio dell'OICR","1,50% su base annua del patrimonio dell'OICR","€ 68,91","1% dell'importo trasferito con un min. di € 25 ed un max. di € 100","non previste","€ 68,91","€ 68,91","1,25% annuo, compreso nei coefficienti di conversione in rendita","Non disponibile","0,00%","100,00%","01/2007","NO","2","https://www.mediolanumvita.it/previdenza/taxbenefit-new",""
"PIP","5025","Piano Individuale Pensionistico (PIP)","TAXBENEFIT NEW - PIANO INDIVIDUALE PENSIONISTICO DI TIPO ASSICURATIVO - FONDO PENSIONE","MEDIOLANUM VITA S.P.A.","CHALLENGE PROVIDENT FUND 4","Obbligazionario Puro","1.66","0.39","0.24","0.01","","1.82","1.52","1.34","0.89","Sì","non previste","1,05% su base annua del patrimonio dell'OICR","1,05% su base annua del patrimonio dell'OICR","€ 68,91","1% dell'importo trasferito con un min. di € 25 ed un max. di € 100","non previste","€ 68,91","€ 68,91","1,25% annuo, compreso nei coefficienti di conversione in rendita","Non disponibile","0,00%","100,00%","01/2007","NO","2","https://www.mediolanumvita.it/previdenza/taxbenefit-new",""
"PIP","5025","Piano Individuale Pensionistico (PIP)","TAXBENEFIT NEW - PIANO INDIVIDUALE PENSIONISTICO DI TIPO ASSICURATIVO - FONDO PENSIONE","MEDIOLANUM VITA S.P.A.","CHALLENGE PROVIDENT FUND 5","Bilanciato","2.43","1.17","0.52","-0.04","","1.9","1.74","1.58","1.12","Sì","non previste","0,80% su base annua del patrimonio dell'OICR","0,80% su base annua del patrimonio dell'OICR","€ 68,91","1% dell'importo trasferito con un min. di € 25 ed un max. di € 100","non previste","€ 68,91","€ 68,91","1,25% annuo, compreso nei coefficienti di conversione in rendita","Non disponibile","0,00%","100,00%","01/2007","NO","2","https://www.mediolanumvita.it/previdenza/taxbenefit-new",""
"PIP","5104","Piano Individuale Pensionistico (PIP)","PENSIONE FUTURA - PIANO INDIVIDUALE PENSIONISTICO DI TIPO ASSICURATIVO - FONDO PENSIONE","NOBIS VITA S.P.A.","PENSIONE FUTURA LINEA GARANTITA","Garantito","2.73","","","","","4.02","2.45","1.88","1.45","Sì","Non previste","1,30% trattenuto dal rendimento annuo","1,30%","Non previste","€ 50","Non previste","Non previste","Non previste","€ 5 su ciascuna rata erogata","Tasso di rendimento medio dei titoli di Stato","0,00%","100,00%","12/07/2023","Il comparto non adotta una politica di investimento che promuove caratteristiche ambientali o sociali o ha come obiettivo investimenti sostenibili.","3","",""
"PIP","5104","Piano Individuale Pensionistico (PIP)","PENSIONE FUTURA - PIANO INDIVIDUALE PENSIONISTICO DI TIPO ASSICURATIVO - FONDO PENSIONE","NOBIS VITA S.P.A.","PENSIONE FUTURA LINEA DINAMICA","Azionario","13.7","","","","","4.69","3.13","2.56","2.13","Sì","Non previste","1,90% del patrimonio gestito","1,90%","Non previste","€ 50","Non previste","Non previste","Non previste","€ 5 su ciascuna rata erogata","Non ritenuto significativo","97,28% (OICR)","0,00%","12/07/2023","Il comparto non adotta una politica di investimento che promuove caratteristiche ambientali o sociali o ha come obiettivo investimenti sostenibili.","5","",""
"PIP","5003","Piano Individuale Pensionistico (PIP)","POSTAPREVIDENZA VALORE - PIANO INDIVIDUALE PENSIONISTICO DI TIPO ASSICURATIVO - FONDO PENSIONE","POSTE VITA S.P.A.","POSTA PENSIONE","Garantito","1.49","1.47","1.47","1.97","","2.72","1.85","1.45","1.07","Sì","Non previste","1 punto percentuale assoluto su base annua prelevato dal rendimento della Gestione interna Separata","1% rendimento trattenuto","Non previste","Non previste","Non previste","Non previste","Non previste","caricamento per spese pari allo 0,50% implicitamente contenuto nei coefficienti di conversione","Rendistato","1,7%","98,3%","giugno 2005","Il comparto non adotta una politica di investimento che promuove caratteristiche ambientali o sociali o ha come obiettivo investimenti sostenibili","3","https://postevita.poste.it/piano-individuale-pensionistico/postaprevidenza-valore",""
"PIP","5003","Piano Individuale Pensionistico (PIP)","POSTAPREVIDENZA VALORE - PIANO INDIVIDUALE PENSIONISTICO DI TIPO ASSICURATIVO - FONDO PENSIONE","POSTE VITA S.P.A.","POSTE VITA PREVIDENZA FLESSIBILE","Bilanciato","9.7","0.81","3.09","","","2.72","1.85","1.45","1.07","Sì","Non previste","1% su base annua del Valore Complessivo Netto del Fondo Interno Assicurativo","1% commissione di gestione","Non previste","Non previste","Non previste","Non previste","Non previste","caricamento per spese pari allo 0,50% implicitamente contenuto nei coefficienti di conversione","assente (misura di rischio volatilità media annua attesa pari all’11%)","57,9%","41,0%","1 agosto 2019","il comparto non adotta una politica di investimento che promuove caratteristiche ambientali o sociali","3","https://postevita.poste.it/piano-individuale-pensionistico/postaprevidenza-valore",""
"PIP","5072","Piano Individuale Pensionistico (PIP)","SARA MULTISTRATEGY PIP - PIANO INDIVIDUALE PENSIONISTICO DI TIPO ASSICURATIVO - FONDO PENSIONE","SARA VITA S.P.A.","FUTURO&PREVIDENZA","Garantito","0.93","0.78","0.93","0.8","","","","","","Sì","Euro 15","2% trattenuto dal rendimento annuo","2% trattenuto dal rendimento annuo","Euro 25","Euro 25","Euro 25","Euro 25","Euro 25","caricamento per spese di gestione della rendita pari all'1,25%, rivalutazione annua con costo pari all'1% di rendimento trattenuto","Tasso di rendimento medio dei titoli di Stato","0,09%","82,02% (Titoli di Stato 58,08% + Obbligazioni 23,94%)","05/12/2007","non adotta una politica di investimento che promuove caratteristiche ambientali o sociali","2","",""
"PIP","5072","Piano Individuale Pensionistico (PIP)","SARA MULTISTRATEGY PIP - PIANO INDIVIDUALE PENSIONISTICO DI TIPO ASSICURATIVO - FONDO PENSIONE","SARA VITA S.P.A.","SARA PREVIFUTURO - COMPARTO OBBLIGAZIONARIO EUROPEO","Obbligazionario Puro","0.14","-4.82","-3.15","-1.52","","4.79","3.28","2.7","2.25","Sì","Euro 15","2% del patrimonio gestito","2% del patrimonio gestito","Euro 25","Euro 25","Euro 25","Euro 25","Euro 25","caricamento per spese di gestione della rendita pari all'1,25%, rivalutazione annua con costo pari all'1% di rendimento trattenuto","Bloomberg EuroAgg Treasury Total Return Index (LEATTREU Index)","0%","100%","05/12/2007","non adotta una politica di investimento che promuove caratteristiche ambientali o sociali","2","",""
"PIP","5072","Piano Individuale Pensionistico (PIP)","SARA MULTISTRATEGY PIP - PIANO INDIVIDUALE PENSIONISTICO DI TIPO ASSICURATIVO - FONDO PENSIONE","SARA VITA S.P.A.","SARA PREVIFUTURO - COMPARTO AZIONARIO INTERNAZIONALE","Azionario","18.28","3.8","9.49","7.68","","4.79","3.28","2.7","2.25","Sì","Euro 15","2% del patrimonio gestito + 10% di overperformance rispetto al benchmark","2% del patrimonio gestito + 10% di overperformance rispetto al benchmark","Euro 25","Euro 25","Euro 25","Euro 25","Euro 25","caricamento per spese di gestione della rendita pari all'1,25%, rivalutazione annua con costo pari all'1% di rendimento trattenuto","Bloomberg Developed Markets Large & Mid Cap - Price Return Index (DME Index)","1,51% (equity), oltre 98,49% OICR (prevalentemente azionari)","0%","05/12/2007","non adotta una politica di investimento che promuove caratteristiche ambientali o sociali","5","",""
"PIP","5092","Piano Individuale Pensionistico (PIP)","LIBERO DOMANI - PIANO INDIVIDUALE PENSIONISTICO DI TIPO ASSICURATIVO - FONDO PENSIONE","SARA VITA S.P.A.","FUTURO&PREVIDENZA","Garantito","1.48","1.32","1.47","1.34","","","","","","Sì","non previste","1,35% trattenuto dal rendimento annuo","1,35%","non prevista","in cifra fissa: pari a Euro 50 da prelevare alla posizione trasferita al momento dell’operazione","non prevista","non prevista","non prevista","1,25% (caricamento) + 1% (costo annuo su rendimento)","Tasso di rendimento medio dei titoli di Stato","0,09%","82,02% (Titoli di Stato 58,08% + Obbligazioni ordinarie 23,94%)","05/12/2007","NO, non ne tiene conto","3","",""
"PIP","5092","Piano Individuale Pensionistico (PIP)","LIBERO DOMANI - PIANO INDIVIDUALE PENSIONISTICO DI TIPO ASSICURATIVO - FONDO PENSIONE","SARA VITA S.P.A.","SARA PREVIFUTURO - COMPARTO OBBLIGAZIONARIO EUROPEO","Obbligazionario Puro","0.14","-4.82","-3.15","-1.57","","4.79","3.28","2.7","2.25","Sì","non previste","2% del patrimonio gestito","2%","non prevista","in cifra fissa: pari a Euro 50 da prelevare alla posizione trasferita al momento dell’operazione","non prevista","non prevista","non prevista","1,25% (caricamento) + 1% (costo annuo su rendimento)","Bloomberg EuroAgg Treasury Total Return Index","0%","100%","05/12/2007","NO, non ne tiene conto","2","",""
"PIP","5092","Piano Individuale Pensionistico (PIP)","LIBERO DOMANI - PIANO INDIVIDUALE PENSIONISTICO DI TIPO ASSICURATIVO - FONDO PENSIONE","SARA VITA S.P.A.","SARA PREVIFUTURO - COMPARTO AZIONARIO INTERNAZIONALE","Azionario","18.28","3.84","9.51","7.52","","4.79","3.28","2.7","2.25","Sì","non previste","2% del patrimonio gestito + overperformance massimo 10%","2% + overperformance 10%","non prevista","in cifra fissa: pari a Euro 50 da prelevare alla posizione trasferita al momento dell’operazione","non prevista","non prevista","non prevista","1,25% (caricamento) + 1% (costo annuo su rendimento)","Bloomberg Developed Markets Large & Mid Cap - Price Return Index","100%","0%","05/12/2007","NO, non ne tiene conto","5","",""
"PIP","5052","Piano Individuale Pensionistico (PIP)","CENTO STELLE REALE - PIANO INDIVIDUALE PENSIONISTICO DI TIPO ASSICURATIVO - FONDO PENSIONE","SOCIETA' REALE MUTUA DI ASSICURAZIONI","REALE LINEA PRUDENTE","Obbligazionario Puro","1.52","-3.16","-1.78","0","1.87","1.73","0.93","0.64","0.43","Sì","10 euro","0,35% del patrimonio su base annua","0,35% (TER 2025: 0,35% oneri gestione finanziaria)","non previste","€ 15","€ 75","non previste","non previste","caricamento spese pagamento rendita 1,25% dell'annualità; costo rivalutazione rendita variabile","95% BLOOMBERG EUROAGGR TREASURY TR INDEX VALUE UNHEDGED EUR - 5% EUROPEAN CENTRAL BANK ESTR OIS","0%","100%","22/07/2003","non adotta una politica di investimento che promuove caratteristiche ambientali o sociali o ha come obiettivo investimenti sostenibili","2","https://www.realemutua.it/risparmio/previdenza/cento-stelle-reale",""
"PIP","5052","Piano Individuale Pensionistico (PIP)","CENTO STELLE REALE - PIANO INDIVIDUALE PENSIONISTICO DI TIPO ASSICURATIVO - FONDO PENSIONE","SOCIETA' REALE MUTUA DI ASSICURAZIONI","REALE LINEA EQUILIBRIO","Bilanciato","2.05","-0.7","0.87","1.39","1.74","3.07","2.28","2","1.79","Sì","10 euro","1,70% del patrimonio su base annua","1,70% (TER 2025: 1,70% oneri gestione finanziaria)","non previste","€ 15","€ 75","non previste","non previste","caricamento spese pagamento rendita 1,25% dell'annualità; costo rivalutazione rendita variabile","50% BLOOMBERG EUROZONE DEVELOPED MARKETS LARGE CAP NET RETURN INDEX – 45% BLOOMBERG EUROAGGR TREASURY TR INDEX VALUE UNHEDGED EUR - 5% EUROPEAN CENTRAL BANK ESTR OIS","51,63%","48,37%","27/03/2001","non adotta una politica di investimento che promuove caratteristiche ambientali o sociali o ha come obiettivo investimenti sostenibili","3","https://www.realemutua.it/risparmio/previdenza/cento-stelle-reale",""
"PIP","5052","Piano Individuale Pensionistico (PIP)","CENTO STELLE REALE - PIANO INDIVIDUALE PENSIONISTICO DI TIPO ASSICURATIVO - FONDO PENSIONE","SOCIETA' REALE MUTUA DI ASSICURAZIONI","REALE LINEA FUTURO","Azionario","2.49","0.72","2.38","2.43","1.93","3.56","2.78","2.5","2.29","Sì","10 euro","2,20% del patrimonio su base annua","2,20% (TER 2025: 2,20% oneri gestione finanziaria)","non previste","€ 15","€ 75","non previste","non previste","caricamento spese pagamento rendita 1,25% dell'annualità; costo rivalutazione rendita variabile","80% BLOOMBERG EUROZONE DEVELOPED MARKETS LARGE CAP NET RETURN INDEX - 15% BLOOMBERG EUROAGGR TREASURY TR INDEX VALUE UNHEDGED EUR - 5% EUROPEAN CENTRAL BANK ESTR OIS","81,86%","18,14%","27/03/2001","non adotta una politica di investimento che promuove caratteristiche ambientali o sociali o ha come obiettivo investimenti sostenibili","3","https://www.realemutua.it/risparmio/previdenza/cento-stelle-reale",""
"PIP","5073","Piano Individuale Pensionistico (PIP)","CENTO STELLE TAXPLAN - PIANO INDIVIDUALE PENSIONISTICO DI TIPO ASSICURATIVO - FONDO PENSIONE","SOCIETA' REALE MUTUA DI ASSICURAZIONI","PREVIDENZA REALE","Garantito","1.21","1.03","1.12","1.51","","4.61","3.06","2.35","1.75","Sì","non previste","1,50% su base annua prelevato dal rendimento della gestione interna separata.","1,50% su base annua prelevato dal rendimento della gestione interna separata.","non previste","non previste","non previste","non previste","non previste","caricamento per spese di pagamento rendita pari all’1,25% dell’annualità di rendita","Non è possibile individuare un benchmark. A fini comparativi, è possibile far riferimento al tasso di rendimento medio dei titoli di Stato (“Rendistato”)","1,74%","98,26%","01/04/2008","Il comparto promuove caratteristiche ambientali o sociali.","3","https://www.realemutua.it/risparmio/previdenza/cento-stelle-taxplan",""
"PIP","5086","Piano Individuale Pensionistico (PIP)","UNICREDIT PREVIDENZA PIP CRV - PIANO INDIVIDUALE PENSIONISTICO DI TIPO ASSICURATIVO - FONDO PENSIONE","UNICREDIT ALLIANZ VITA S.P.A.","CREDITRAS PREVI","Garantito","0.75","0.83","0.74","0.75","","2.96","2.1","1.7","1.38","Sì","non previste","1,25% (gestione finanziaria)","1,25% su base annua, detratto dal rendimento annuo","non previste","non previste","non previste","non previste","non previste","caricamento dell'1,25% e rendimento trattenuto dello 0,75% su base annua","tasso di rendimento medio lordo dei titoli di Stato e delle obbligazioni","0,33%","99,22%","08/07/2013","NO","2","",""
"PIP","5086","Piano Individuale Pensionistico (PIP)","UNICREDIT PREVIDENZA PIP CRV - PIANO INDIVIDUALE PENSIONISTICO DI TIPO ASSICURATIVO - FONDO PENSIONE","UNICREDIT ALLIANZ VITA S.P.A.","CREDITRAS PREVIDENZA EQUITY","Azionario","16.79","4.48","6.32","5.83","","3.95","3.1","2.71","2.38","Sì","non previste","2,25% (commissione di gestione)","2,25% su base annua, trattenuta settimanalmente dal patrimonio netto","non previste","non previste","non previste","non previste","non previste","caricamento dell'1,25% e rendimento trattenuto dello 0,75% su base annua","MSCI AC WORLD","86,50%","0%","16/07/2013","NO","4","",""
"PIP","5050","Piano Individuale Pensionistico (PIP)","UNIPOL FUTURO PRESENTE - PIANO INDIVIDUALE PENSIONISTICO DI TIPO ASSICURATIVO - FONDO PENSIONE","UNIPOL ASSICURAZIONI S.P.A.","PREVIATTIVA UNIPOL","Garantito","1.39","1.34","1.34","1.59","","4.83","2.91","2.17","1.61","Sì","50,00 euro","1,4 punti percentuali (rendimento trattenuto) sottratti dal rendimento percentuale ottenuto dalla Gestione separata Previattiva Unipol","1,4 punti percentuali","non previste","non previste","non previste","non applicabile","non applicabile","da 0,9% a 2,0% della rendita annua a seconda della periodicità","tasso di rendimento medio dei titoli pubblici (Rendistato)","5,15%","94,85%","01/07/2016","il comparto non adotta una politica di investimento che promuove caratteristiche ambientali o sociali o ha come obiettivo investimenti sostenibili","3","https://www.unipol.it/risparmio-previdenza/pensione-integrativa-fondi-pensione/Prodotti-fuori-collocamento",""
"PIP","5099","Piano Individuale Pensionistico (PIP)","UNIPOL PREVIDENZA FUTURA - PIANO INDIVIDUALE PENSIONISTICO DI TIPO ASSICURATIVO - FONDO PENSIONE","UNIPOL ASSICURAZIONI S.P.A.","PREVIATTIVA UNIPOL","Garantito","1.31","1.25","1.25","","","4.25","2.87","2.23","1.71","Sì","non previste","2,0% (aderenti < 26 anni), 4,0% (aderenti >= 26 anni) (adesione individuale standard) + 1,50 punti percentuali (rendimento trattenuto Gestione separata)","1,50 punti percentuali (rendimento trattenuto)","non previste","non previste","non previste","€ 15,00 a partire dalla quarta Operazione","non previste","€ 3 (su ciascuna rata erogata)","tasso di rendimento medio dei titoli di Stato e delle obbligazioni (Rendistato)","5,04%","94,96%","01/07/2016","NO, non ne tiene conto","3","https://www.unipol.it/risparmio-previdenza/pensione-integrativa-fondi-pensione/pip-previdenza-futura",""
"PIP","5099","Piano Individuale Pensionistico (PIP)","UNIPOL PREVIDENZA FUTURA - PIANO INDIVIDUALE PENSIONISTICO DI TIPO ASSICURATIVO - FONDO PENSIONE","UNIPOL ASSICURAZIONI S.P.A.","PREVIGLOBALE","Azionario","16.82","5.01","7.29","","","4.54","3.17","2.54","2.01","Sì","non previste","2,0% (aderenti < 26 anni), 4,0% (aderenti >= 26 anni) (adesione individuale standard) + 1,80% (commissione di gestione del patrimonio annuo)","1,80% (commissione di gestione)","non previste","non previste","non previste","€ 15,00 a partire dalla quarta Operazione","non previste","€ 3 (su ciascuna rata erogata)","Indice JPMorgan 3M Euro Cash Index: 10%; Indice MSCI All Countries World Daily Total Return Net Dividend: 90%","93,33%","6,67%","09/10/2017","NO, non ne tiene conto","5","https://www.unipol.it/risparmio-previdenza/pensione-integrativa-fondi-pensione/pip-previdenza-futura",""
"PIP","5075","Piano Individuale Pensionistico (PIP)","VERA VITA PREVIDENZA - PIANO INDIVIDUALE PENSIONISTICO DI TIPO ASSICURATIVO - FONDO PENSIONE","VERA VITA S.P.A.","POPOLARE VITA PREVIDENZA","Garantito","0.71","0.67","0.73","0.97","","3.88","2.48","1.99","1.63","Sì","","","","","","","","","","","","","","","2","https://www.veravitaassicurazioni.it/prodotti/previdenza/vera-vita-previdenza",""
"PIP","5075","Piano Individuale Pensionistico (PIP)","VERA VITA PREVIDENZA - PIANO INDIVIDUALE PENSIONISTICO DI TIPO ASSICURATIVO - FONDO PENSIONE","VERA VITA S.P.A.","POPOLARE VITA VALUE","Azionario","13.82","4.16","4.99","4.51","","4.18","2.78","2.29","1.93","","","","","","","","","","","","","","","","4","https://www.veravitaassicurazioni.it/prodotti/previdenza/vera-vita-previdenza",""
"PIP","5088","Piano Individuale Pensionistico (PIP)","VERA VITA PENSIONE SICURA - PIANO INDIVIDUALE PENSIONISTICO DI TIPO ASSICURATIVO - FONDO PENSIONE","VERA VITA S.P.A.","POPOLARE VITA PREVIDENZA","Garantito","0.66","0.63","0.69","0.93","","3.93","2.53","2.04","1.68","Sì","25,00 euro","1,55% (commissione base) + 0,20% variabile","1,55% base + 0,20% variabile","non previste","25,00 euro","non previste","non previste","non previste","0,80% della rendita annua + 0,10% per rate","Non previsto. Confronto con rendimento medio titoli di Stato e obbligazioni","6%","94%","15/10/2008","NO","2","https://www.veravitaassicurazioni.it/prodotti/previdenza/vera-vita-pensione-sicura",""
"PIP","5088","Piano Individuale Pensionistico (PIP)","VERA VITA PENSIONE SICURA - PIANO INDIVIDUALE PENSIONISTICO DI TIPO ASSICURATIVO - FONDO PENSIONE","VERA VITA S.P.A.","POPOLARE VITA VALUE","Azionario","13.82","4.16","4.99","4.51","","4.18","2.78","2.29","1.93","Sì","25,00 euro","1,80%","1,80%","non previste","25,00 euro","non previste","non previste","non previste","0,80% della rendita annua + 0,10% per rate","80,00% STOXX Strong Value 20 Return Index EUR e 20,00% FTSE MTS Ex-Bank of Italy BOT Index","81%","19%","12/11/2008","NO","4","https://www.veravitaassicurazioni.it/prodotti/previdenza/vera-vita-pensione-sicura",""
"PIP","5088","Piano Individuale Pensionistico (PIP)","VERA VITA PENSIONE SICURA - PIANO INDIVIDUALE PENSIONISTICO DI TIPO ASSICURATIVO - FONDO PENSIONE","VERA VITA S.P.A.","POPOLARE VITA BILANCIATO GLOBAL","Bilanciato","7.01","0.56","2.03","2.52","","4.77","3.38","2.89","2.53","Sì","25,00 euro","1,80%","1,80%","non previste","25,00 euro","non previste","non previste","non previste","0,80% della rendita annua + 0,10% per rate","40% JP Morgan EMU Investment Grade, 5% ICE BofA Euro Inflation-Linked, 5% ICE BofA Euro Corp, 15% S&P 100, 20% EURO STOXX 50, 15% MSCI Emerging","49%","51%","07/08/2013","NO","3","https://www.veravitaassicurazioni.it/prodotti/previdenza/vera-vita-pensione-sicura",""
"PIP","5088","Piano Individuale Pensionistico (PIP)","VERA VITA PENSIONE SICURA - PIANO INDIVIDUALE PENSIONISTICO DI TIPO ASSICURATIVO - FONDO PENSIONE","VERA VITA S.P.A.","POPOLARE VITA PRUDENTE","Obbligazionario Misto","3.46","-1.97","-0.66","","","4.03","2.63","2.14","1.78","Sì","25,00 euro","1,65%","1,65%","non previste","25,00 euro","non previste","non previste","non previste","0,80% della rendita annua + 0,10% per rate","60% JP Morgan EMU Investment Grade, 20% ICE BofA US Corp Large Cap 1-10 Year, 10% ICE BofA Global Inflation-Linked, 10% MSCI World","10%","90%","08/06/2017","NO","2","https://www.veravitaassicurazioni.it/prodotti/previdenza/vera-vita-pensione-sicura",""
"PIP","5081","Piano Individuale Pensionistico (PIP)","PIANO INDIVIDUALE PENSIONISTICO VITTORIA - PIANO INDIVIDUALE PENSIONISTICO DI TIPO ASSICURATIVO - FONDO PENSIONE","VITTORIA ASSICURAZIONI S.P.A.","FONDO VITTORIA PREVIDENZA","Garantito","1.69","1.52","1.52","1.73","","3.76","2.33","1.78","1.35","Sì","10,00 euro","1,20% trattenuto dal rendimento annuo del Fondo Vittoria Previdenza (incrementato dello 0,10% annuo per ogni punto percentuale di rendimento lordo superiore al 4,00%)","1,20%","5,00 euro","25,00 euro","25,00 euro","Non previste","Non previste","1,25% della rendita","Tasso medio di rendimento dei titoli di Stato italiani (indice Rendistato)","0% (titoli azionari non presenti nel grafico a torta del 30.09.2025)","80,94% (Titoli di Stato euro 56,42% + Obbligazioni quotate in euro 24,52%)","15/07/2010","NO, non ne tiene conto","3","https://www.vittoriaassicurazioni.com/prodotti/privati/previdenza/piano-individuale-pensionistico-vittoria/",""
"PIP","5081","Piano Individuale Pensionistico (PIP)","PIANO INDIVIDUALE PENSIONISTICO VITTORIA - PIANO INDIVIDUALE PENSIONISTICO DI TIPO ASSICURATIVO - FONDO PENSIONE","VITTORIA ASSICURAZIONI S.P.A.","FONDO VITTORIA PREVIDENZA FLESSIBILE","Bilanciato","","","","","","4.14","2.73","2.18","1.76","Sì","10,00 euro","1,60% trattenuto dal patrimonio annuo del Fondo","1,60%","5,00 euro","25,00 euro","25,00 euro","Non previste","Non previste","1,25% della rendita","Non presente (gestione flessibile)","48,18%","41,02%","29/05/2024","NO, non ne tiene conto","3","https://www.vittoriaassicurazioni.com/prodotti/privati/previdenza/piano-individuale-pensionistico-vittoria/",""
"PIP","5019","Piano Individuale Pensionistico (PIP)","PROGRAMMA PENSIONE - PIANO INDIVIDUALE PENSIONISTICO DI TIPO ASSICURATIVO - FONDO PENSIONE","ZURICH INVESTMENTS LIFE S.P.A.","ZURICH PENSION ESG AZIONARIO","Azionario","15.37","4.66","7.15","6.43","","4.66","3.64","3.18","2.78","Sì","Non previste","2,39% (TER 2025 totale generale)","1,99% (oneri gestione finanziaria 2025)","Non previste","Non previste","Non previste","50,00 euro","","1,25% sui coefficienti di conversione e massimo 20% del rendimento della gestione separata Zurich Trend","90% Solactive GBS Developed Markets Large & Mid Cap EUR Net Total Return; 10% ICE BofA Euro Treasury Bill","90,74%","9,26%","28 giugno 2006","art. 8 del regolamento UE 2019/2088","4","https://www.zurich.it/persone/risparmio-e-investimento/previdenza/programma-pensione",""
"PIP","5019","Piano Individuale Pensionistico (PIP)","PROGRAMMA PENSIONE - PIANO INDIVIDUALE PENSIONISTICO DI TIPO ASSICURATIVO - FONDO PENSIONE","ZURICH INVESTMENTS LIFE S.P.A.","ZURICH PENSION ESG FLEX 8","Bilanciato","7.82","-1.37","0.75","1.83","","4.34","3.32","2.85","2.46","Sì","Non previste","2,17% (TER 2025 totale generale)","1,61% (oneri gestione finanziaria 2025)","Non previste","Non previste","Non previste","50,00 euro","","1,25% sui coefficienti di conversione e massimo 20% del rendimento della gestione separata Zurich Trend","Obiettivo di volatilità intorno all'8% su base annuale","51,02%","48,98%","28 giugno 2006","art. 8 del regolamento UE 2019/2088","3","https://www.zurich.it/persone/risparmio-e-investimento/previdenza/programma-pensione",""
"PIP","5019","Piano Individuale Pensionistico (PIP)","PROGRAMMA PENSIONE - PIANO INDIVIDUALE PENSIONISTICO DI TIPO ASSICURATIVO - FONDO PENSIONE","ZURICH INVESTMENTS LIFE S.P.A.","ZURICH PENSION ESG FLEX 4","Bilanciato","4.31","0.61","0.12","-0.43","","3.89","2.86","2.39","1.99","Sì","Non previste","2,25% (TER 2025 totale generale)","1,07% (oneri gestione finanziaria 2025)","Non previste","Non previste","Non previste","50,00 euro","","1,25% sui coefficienti di conversione e massimo 20% del rendimento della gestione separata Zurich Trend","Obiettivo di volatilità intorno al 4% su base annuale","21,99%","78,01%","28 giugno 2006","art. 8 del regolamento UE 2019/2088","2","https://www.zurich.it/persone/risparmio-e-investimento/previdenza/programma-pensione",""
"PIP","5019","Piano Individuale Pensionistico (PIP)","PROGRAMMA PENSIONE - PIANO INDIVIDUALE PENSIONISTICO DI TIPO ASSICURATIVO - FONDO PENSIONE","ZURICH INVESTMENTS LIFE S.P.A.","ZURICH PENSION ESG PROTETTO","Obbligazionario Misto","3.63","","","","","3.59","2.56","2.09","1.69","Sì","Non previste","2,25% (TER 2025 totale generale)","1,07% (oneri gestione finanziaria 2025)","Non previste","Non previste","Non previste","50,00 euro","","1,25% sui coefficienti di conversione e massimo 20% del rendimento della gestione separata Zurich Trend","Nessuno (obiettivo di volatilità intorno al 4%)","18,54%","81,46%","06 novembre 2023","art. 8 del regolamento UE 2019/2088","3","https://www.zurich.it/persone/risparmio-e-investimento/previdenza/programma-pensione",""
"FPA","6","Fondo Pensione Aperto","ALMEGLIO FONDO PENSIONE APERTO ALLEANZA A CONTRIBUZIONE DEFINITA","ALLEANZA ASSICURAZIONI S.P.A.","OBBLIGAZIONARIO","Obbligazionario Puro","-0.66","-4.09","-2.51","-0.9","0.54","4.02","2.48","1.86","1.38","Sì","15,49 euro","1,20% del patrimonio","0,00% (commissioni di gestione finanziaria esplicite)","Non previste","15,49 euro","Non previste","Non previste","Non previste","Caricamento pari al 2% della rendita; regola di rivalutazione con costo pari all'1,20% del rendimento.","100% JP Morgan Global G.B. (Hedged)","0,00%","93,92%","22/11/1999","Il comparto non adotta una politica di investimento che promuove caratteristiche ambientali o sociali o ha come obiettivo investimenti sostenibili.","2","https://www.alleanza.it/previdenza-complementare/almeglio/",""
"FPA","6","Fondo Pensione Aperto","ALMEGLIO FONDO PENSIONE APERTO ALLEANZA A CONTRIBUZIONE DEFINITA","ALLEANZA ASSICURAZIONI S.P.A.","BILANCIATO","Bilanciato","4.81","-1.22","0.78","1.37","2.29","4.38","2.84","2.22","1.74","Sì","15,49 euro","1,56% del patrimonio","0,00% (commissioni di gestione finanziaria esplicite)","Non previste","15,49 euro","Non previste","Non previste","Non previste","Caricamento pari al 2% della rendita; regola di rivalutazione con costo pari all'1,20% del rendimento.","60% JP Morgan Global G.B. (Hedged); 40% MSCI World € (Net Return Hedged)","42,91%","57,09%","28/06/1999","Il comparto non adotta una politica di investimento che promuove caratteristiche ambientali o sociali o ha come obiettivo investimenti sostenibili.","3","https://www.alleanza.it/previdenza-complementare/almeglio/",""
"FPA","6","Fondo Pensione Aperto","ALMEGLIO FONDO PENSIONE APERTO ALLEANZA A CONTRIBUZIONE DEFINITA","ALLEANZA ASSICURAZIONI S.P.A.","AZIONARIO","Azionario","10.43","1.41","4.23","3.87","3.29","4.73","3.2","2.58","2.1","Sì","15,49 euro","1,92% del patrimonio","0,00% (commissioni di gestione finanziaria esplicite)","Non previste","15,49 euro","Non previste","Non previste","Non previste","Caricamento pari al 2% della rendita; regola di rivalutazione con costo pari all'1,20% del rendimento.","20% JP Morgan Global G.B. (Hedged); 80% MSCI World € (Net Return Hedged)","81,18%","18,82%","12/07/1999","Il comparto non adotta una politica di investimento che promuove caratteristiche ambientali o sociali o ha come obiettivo investimenti sostenibili.","3","https://www.alleanza.it/previdenza-complementare/almeglio/",""
"FPA","4","Fondo Pensione Aperto","ALLIANZ PREVIDENZA FONDO PENSIONE APERTO A CONTRIBUZIONE DEFINITA","ALLIANZ S.P.A.","LINEA FLESSIBILE","Obbligazionario Puro","1.62","-3.24596197127891","-1.8036011335650692","-0.01555953498834084","1.66","1.77","1.23","1.14","1.1","Sì","25€","30€ (se attivo Life Cycle) + 1,10% del patrimonio","1,10% del patrimonio su base annua","Non previste","25€","Non previste","Non previste","Non previste","1,80% - 3,30% in base alla periodicità","Non previsto","Non predeterminato","Strumenti finanziari di emittenti Paesi OCSE","21/12/1998","NO","2","https://www.allianz.it/le-soluzioni-per-te/previdenza/fondi-pensione/allianz-previdenza.html#",""
"FPA","4","Fondo Pensione Aperto","ALLIANZ PREVIDENZA FONDO PENSIONE APERTO A CONTRIBUZIONE DEFINITA","ALLIANZ S.P.A.","LINEA BILANCIATA","Bilanciato","7.57","-0.31","1.79","2.46","3.25","1.92","1.38","1.29","1.25","Sì","25€","30€ (se attivo Life Cycle) + 1,25% del patrimonio","1,25% del patrimonio su base annua","Non previste","25€","Non previste","Non previste","Non previste","1,80% - 3,30% in base alla periodicità","60% JPM EMU Govt All Mat TR, 40% MSCI World Free TR € Hedge","Non superiore al 50%","Prevalentemente titoli di debito denominati in euro","21/12/1998","NO","3","https://www.allianz.it/le-soluzioni-per-te/previdenza/fondi-pensione/allianz-previdenza.html#",""
"FPA","4","Fondo Pensione Aperto","ALLIANZ PREVIDENZA FONDO PENSIONE APERTO A CONTRIBUZIONE DEFINITA","ALLIANZ S.P.A.","LINEA AZIONARIA","Azionario","16.18","4.17","6.95","5.95","5.07","2.12","1.58","1.49","1.45","Sì","25€","30€ (se attivo Life Cycle) + 1,45% del patrimonio","1,45% del patrimonio su base annua","Non previste","25€","Non previste","Non previste","Non previste","1,80% - 3,30% in base alla periodicità","10% JPM EMU Govt 1-3y TR, 90% MSCI World Free TR € Hedge","Prevalentemente titoli di natura azionaria","Strumenti di natura obbligazionaria emessi da enti governativi area euro","21/12/1998","NO","4","https://www.allianz.it/le-soluzioni-per-te/previdenza/fondi-pensione/allianz-previdenza.html#",""
"FPA","4","Fondo Pensione Aperto","ALLIANZ PREVIDENZA FONDO PENSIONE APERTO A CONTRIBUZIONE DEFINITA","ALLIANZ S.P.A.","LINEA OBBLIGAZIONARIA BREVE TERMINE","Obbligazionario Puro","2.2","-0.01","-0.34","","","1.67","1.13","1.04","1","Sì","25€","30€ (se attivo Life Cycle) + 1,00% del patrimonio","1,00% del patrimonio su base annua","Non previste","25€","Non previste","Non previste","Non previste","1,80% - 3,30% in base alla periodicità","60% JPM EMU Govt 1-3y TR, 40% ML EMU Corp 1-3y TR","Assente","Strumenti obbligazionari in euro con scadenza inferiore a 4 anni","14/01/2016","NO","2","https://www.allianz.it/le-soluzioni-per-te/previdenza/fondi-pensione/allianz-previdenza.html#",""
"FPA","4","Fondo Pensione Aperto","ALLIANZ PREVIDENZA FONDO PENSIONE APERTO A CONTRIBUZIONE DEFINITA","ALLIANZ S.P.A.","LINEA OBBLIGAZIONARIA LUNGO TERMINE","Obbligazionario Puro","1.69","-1.73","-1.33","","","1.87","1.33","1.24","1.2","Sì","25€","30€ (se attivo Life Cycle) + 1,20% del patrimonio","1,20% del patrimonio su base annua","Non previste","25€","Non previste","Non previste","Non previste","1,80% - 3,30% in base alla periodicità","60% JPM EMU Govt 1-10y TR, 40% ML EMU Corp 1-10y TR","Assente","Titoli di debito con scadenza 1-10 anni","14/01/2016","NO","2","https://www.allianz.it/le-soluzioni-per-te/previdenza/fondi-pensione/allianz-previdenza.html#",""
"FPA","4","Fondo Pensione Aperto","ALLIANZ PREVIDENZA FONDO PENSIONE APERTO A CONTRIBUZIONE DEFINITA","ALLIANZ S.P.A.","LINEA MULTIASSET","Bilanciato","4.66","-0.83","0.45","","","3.05","2.09","1.8","1.61","Sì","25€","30€ (se attivo Life Cycle) + 1,55% del patrimonio","1,55% del patrimonio su base annua","Non previste","25€","Non previste","Non previste","Non previste","1,80% - 3,30% in base alla periodicità","Non definito","Varie classi di investimento","Varie classi di investimento","14/01/2016","NO","2","https://www.allianz.it/le-soluzioni-per-te/previdenza/fondi-pensione/allianz-previdenza.html#",""
"FPA","118","Fondo Pensione Aperto","INSIEME - FONDO PENSIONE APERTO A CONTRIBUZIONE DEFINITA","ALLIANZ S.P.A.","LINEA FLESSIBILE","Obbligazionario Puro","1.95","-2.9","-1.4","0.15","1.05","2","0.89","0.68","0.61","Sì","100€","0,60%","0,60%","Non previste","Non previste","Non previste","Non previste","Non previste","Da 1,80% a 3,30% in base alla periodicità","Nessuno","Non specificato (bilanciamento dinamico)","Non specificato (bilanciamento dinamico)","22/12/2001","NO","2","https://www.allianz.it/le-soluzioni-per-te/previdenza/fondi-pensione/insieme.html#",""
"FPA","118","Fondo Pensione Aperto","INSIEME - FONDO PENSIONE APERTO A CONTRIBUZIONE DEFINITA","ALLIANZ S.P.A.","LINEA OBBLIGAZIONARIA","Obbligazionario Misto","3.83","-0.2","0.32","0.64","1.93","2.1","0.99","0.78","0.71","Sì","100€","0,70%","0,70%","Non previste","Non previste","Non previste","Non previste","Non previste","Da 1,80% a 3,30% in base alla periodicità","50% JPM EMU Govt 3-5y Total Return €, 40% ML EMU Corp 3-5y Total Return €, 10% MSCI World Free Total Return € Hedge","10% (MSCI World)","90% (JPM EMU + ML EMU)","22/12/2001","NO","2","https://www.allianz.it/le-soluzioni-per-te/previdenza/fondi-pensione/insieme.html#",""
"FPA","118","Fondo Pensione Aperto","INSIEME - FONDO PENSIONE APERTO A CONTRIBUZIONE DEFINITA","ALLIANZ S.P.A.","LINEA BILANCIATA","Azionario","10.29","2.27","3.99","3.69","3.99","2.15","1.04","0.83","0.76","Sì","100€","0,75%","0,75%","Non previste","Non previste","Non previste","Non previste","Non previste","Da 1,80% a 3,30% in base alla periodicità","28% JPM EMU Govt 3-5y Total Return €, 22% ML EMU Corp 3-5y Total Return €, 50% MSCI World Free Total Return € Hedge","50% (MSCI World)","50% (JPM EMU + ML EMU)","22/12/2001","NO","3","https://www.allianz.it/le-soluzioni-per-te/previdenza/fondi-pensione/insieme.html#",""
"FPA","118","Fondo Pensione Aperto","INSIEME - FONDO PENSIONE APERTO A CONTRIBUZIONE DEFINITA","ALLIANZ S.P.A.","LINEA AZIONARIA","Azionario","17.67","4.99","7.9","6.85","5.9","2.2","1.09","0.88","0.81","Sì","100€","0,80%","0,80%","Non previste","Non previste","Non previste","Non previste","Non previste","Da 1,80% a 3,30% in base alla periodicità","5% Boltaly BOT Lordo, 95% MSCI World Free Total Return € Hedge","95%","5%","22/12/2001","NO","4","https://www.allianz.it/le-soluzioni-per-te/previdenza/fondi-pensione/insieme.html#",""
"FPA","118","Fondo Pensione Aperto","INSIEME - FONDO PENSIONE APERTO A CONTRIBUZIONE DEFINITA","ALLIANZ S.P.A.","LINEA OBBLIGAZIONARIA BREVE TERMINE","Obbligazionario Puro","2.6","0.28","-0.05","","","1.95","0.84","0.63","0.56","Sì","100€","0,55%","0,55%","Non previste","Non previste","Non previste","Non previste","Non previste","Da 1,80% a 3,30% in base alla periodicità","60% JPM EMU Govt 1-3y Total Return €, 40% ML EMU Corp 1-3y Total Return €","0%","100%","14/01/2016","NO","2","https://www.allianz.it/le-soluzioni-per-te/previdenza/fondi-pensione/insieme.html#",""
"FPA","118","Fondo Pensione Aperto","INSIEME - FONDO PENSIONE APERTO A CONTRIBUZIONE DEFINITA","ALLIANZ S.P.A.","LINEA OBBLIGAZIONARIA LUNGO TERMINE","Obbligazionario Puro","2.22","-1.36","-0.92","","","2.1","0.99","0.78","0.71","Sì","100€","0,70%","0,70%","Non previste","Non previste","Non previste","Non previste","Non previste","Da 1,80% a 3,30% in base alla periodicità","60% JPM EMU Govt 1-10y Total Return €, 40% ML EMU Corp 1-10y Total Return €","0%","100%","14/01/2016","NO","2","https://www.allianz.it/le-soluzioni-per-te/previdenza/fondi-pensione/insieme.html#",""
"FPA","118","Fondo Pensione Aperto","INSIEME - FONDO PENSIONE APERTO A CONTRIBUZIONE DEFINITA","ALLIANZ S.P.A.","LINEA MULTIASSET","Bilanciato","5.32","-0.18","0.98","","","3.03","1.5","1.1","0.87","Sì","100€","0,80%","0,80%","Non previste","Non previste","Non previste","Non previste","Non previste","Da 1,80% a 3,30% in base alla periodicità","Nessuno","Variabile (mix dinamico)","Variabile (mix dinamico)","14/01/2016","NO","2","https://www.allianz.it/le-soluzioni-per-te/previdenza/fondi-pensione/insieme.html#",""
"FPA","65","Fondo Pensione Aperto","SECONDAPENSIONE FONDO PENSIONE APERTO","AMUNDI SGR .S.P.A","PRUDENTE ESG","Obbligazionario Misto","3.32","-0.04","0.65","0.9","1.71","1.03","0.83","0.73","0.65","Sì","Non previste","0,60% del patrimonio su base annua","0,60%","Non previste","Non previste","Non previste","Non previste","Non previste","0,8% della rendita annua maggiorato di 0,1% per quante sono le rate","Non è possibile individuare un benchmark rappresentativo","fino al 30%","fino al 100%","15 marzo 2000","Promuove caratteristiche ambientali o sociali (art. 8 SFDR)","2","https://www.secondapensione.it/",""
"FPA","65","Fondo Pensione Aperto","SECONDAPENSIONE FONDO PENSIONE APERTO","AMUNDI SGR .S.P.A","BILANCIATA ESG","Bilanciato","2.97","-1.45","1.27","2.25","3.19","1.09","0.88","0.78","0.71","Sì","Non previste","0,65% del patrimonio su base annua","0,65%","Non previste","Non previste","Non previste","Non previste","Non previste","0,8% della rendita annua maggiorato di 0,1% per quante sono le rate","10% Bloomberg Euro Treasury 0-6M, 60% JPM GBI Global Euro Hedged, 10% MSCI EMU, 20% MSCI World Ex EMU Euro Hedged","tra il 20% ed il 40%","non superiore all'80%","15 febbraio 2000","Promuove caratteristiche ambientali o sociali (art. 8 SFDR)","3","https://www.secondapensione.it/",""
"FPA","65","Fondo Pensione Aperto","SECONDAPENSIONE FONDO PENSIONE APERTO","AMUNDI SGR .S.P.A","SVILUPPO ESG","Bilanciato","3.94","-0.52","2.7","3.48","3.85","1.14","0.93","0.84","0.76","Sì","Non previste","0,70% del patrimonio su base annua","0,70%","Non previste","Non previste","Non previste","Non previste","Non previste","0,8% della rendita annua maggiorato di 0,1% per quante sono le rate","10% Bloomberg Euro Treasury 0-6M, 40% JPM GBI Global Euro Hedged, 20% MSCI EMU, 30% MSCI World Ex EMU Euro Hedged","tra il 35% e il 65%","non superiore al 65%","31 gennaio 2000","Promuove caratteristiche ambientali o sociali (art. 8 SFDR)","3","https://www.secondapensione.it/",""
"FPA","65","Fondo Pensione Aperto","SECONDAPENSIONE FONDO PENSIONE APERTO","AMUNDI SGR .S.P.A","ESPANSIONE ESG","Azionario","5.25","1.27","5.02","5.12","4.51","1.24","1.03","0.94","0.86","Sì","Non previste","0,80% del patrimonio su base annua","0,80%","Non previste","Non previste","Non previste","Non previste","Non previste","0,8% della rendita annua maggiorato di 0,1% per quante sono le rate","20% Bloomberg Euro Treasury 0-6M, 40% MSCI EMU, 40% MSCI World Ex EMU Euro Hedged","tra il 65% ed il 95%","non superiore al 20%","31 dicembre 1999","Promuove caratteristiche ambientali o sociali (art. 8 SFDR)","4","https://www.secondapensione.it/",""
"FPA","65","Fondo Pensione Aperto","SECONDAPENSIONE FONDO PENSIONE APERTO","AMUNDI SGR .S.P.A","GARANTITA ESG","Bilanciato","2.43","0.28","0.18","0.48","","1.14","0.93","0.84","0.76","Sì","Non previste","0,70% del patrimonio su base annua","0,70%","Non previste","Non previste","Non previste","Non previste","Non previste","0,8% della rendita annua maggiorato di 0,1% per quante sono le rate","Non è possibile individuare un benchmark rappresentativo","fino al 30%","fino al 100%","16 luglio 2007","Promuove caratteristiche ambientali o sociali (art. 8 SFDR)","2","https://www.secondapensione.it/",""
"FPA","169","Fondo Pensione Aperto","CORE PENSION FONDO PENSIONE APERTO","AMUNDI SGR .S.P.A","OBBLIGAZIONARIO MISTO 25% ESG","Obbligazionario Misto","2.3","-1.88","0.44","","","1.51","1.13","0.98","0.87","Sì","Non previste","20,00 Euro","0,80% su base annua","10,00 Euro","10,00 Euro","10,00 Euro","5,00 Euro","5,00 Euro","0,8% della rendita annua (caricamento)","20% MSCI ACWI with Developed Markets 100% Hedged to EUR Index, 48% Bloomberg Euro-Aggregate Treasury Index, 12% Bloomberg Euro-Aggregate Corporates Index, 20% Bloomberg Euro Treasury 0-12m Index","circa il 20% (Policy); 26% (grafico al 31.12.2025)","circa l'80% (Policy); 74% (grafico al 31.12.2025)","23/03/2018","Il comparto non adotta una politica di investimento che promuove caratteristiche ambientali o sociali o ha come obiettivo investimenti sostenibili (Art. 6 SFDR).","2","https://www.corepension.it/",""
"FPA","169","Fondo Pensione Aperto","CORE PENSION FONDO PENSIONE APERTO","AMUNDI SGR .S.P.A","BILANCIATO 50% ESG","Bilanciato","3.63","-0.68","2.4","","","1.67","1.28","1.14","1.03","Sì","Non previste","20,00 Euro","0,95% su base annua","10,00 Euro","10,00 Euro","10,00 Euro","5,00 Euro","5,00 Euro","0,8% della rendita annua (caricamento)","40% MSCI ACWI with Developed Markets 100% Hedged to EUR Index, 48% Bloomberg Euro-Aggregate Treasury Index, 12% Bloomberg Euro-Aggregate Corporates Index","mediamente pari al 40% (Policy); 51% (grafico al 31.12.2025)","circa il 60% (Policy); 49% (grafico al 31.12.2025)","23/03/2018","Il comparto non adotta una politica di investimento che promuove caratteristiche ambientali o sociali o ha come obiettivo investimenti sostenibili (Art. 6 SFDR).","3","https://www.corepension.it/",""
"FPA","169","Fondo Pensione Aperto","CORE PENSION FONDO PENSIONE APERTO","AMUNDI SGR .S.P.A","AZIONARIO 75% ESG","Azionario","4.33","-0.2","3.67","","","1.82","1.44","1.29","1.18","Sì","Non previste","20,00 Euro","1,10% su base annua","10,00 Euro","10,00 Euro","10,00 Euro","5,00 Euro","5,00 Euro","0,8% della rendita annua (caricamento)","60% MSCI ACWI with Developed Markets 100% Hedged to EUR Index, 32% Bloomberg Euro-Aggregate Treasury Index, 8% Bloomberg Euro-Aggregate Corporates Index","mediamente pari al 60% (Policy); 75% (grafico al 31.12.2025)","circa il 40% (Policy); 25% (grafico al 31.12.2025)","23/03/2018","Il comparto non adotta una politica di investimento che promuove caratteristiche ambientali o sociali o ha come obiettivo investimenti sostenibili (Art. 6 SFDR).","3","https://www.corepension.it/",""
"FPA","169","Fondo Pensione Aperto","CORE PENSION FONDO PENSIONE APERTO","AMUNDI SGR .S.P.A","AZIONARIO PLUS 90% ESG","Azionario","5.11","0.55","4.76","","","1.98","1.6","1.45","1.34","Sì","Non previste","20,00 Euro","1,25% su base annua","10,00 Euro","10,00 Euro","10,00 Euro","5,00 Euro","5,00 Euro","0,8% della rendita annua (caricamento)","100% MSCI ACWI with Developed Markets 100% Hedged to EUR Index","circa il 100% (Policy); 90% (grafico al 31.12.2025)","fino al 10% (Policy); 10% (grafico al 31.12.2025)","23/03/2018","Il comparto non adotta una politica di investimento che promuove caratteristiche ambientali o sociali o ha come obiettivo investimenti sostenibili (Art. 6 SFDR).","4","https://www.corepension.it/",""
"FPA","169","Fondo Pensione Aperto","CORE PENSION FONDO PENSIONE APERTO","AMUNDI SGR .S.P.A","GARANTITO ESG","Obbligazionario Misto","2.36","0.27","-0.05","","","1.51","1.13","0.98","0.87","Sì","Non previste","20,00 Euro","0,80% su base annua (comprensivo degli oneri connessi alla garanzia)","10,00 Euro","10,00 Euro","10,00 Euro","5,00 Euro","5,00 Euro","0,8% della rendita annua (caricamento)","Assente (non è possibile individuare un benchmark o un indicatore di rendimento rappresentativo)","non potrà eccedere il 30% (Policy); 5% (grafico al 31.12.2025)","fino al 100% (Policy); 95% (grafico al 31.12.2025)","23/03/2018","Il comparto non adotta una politica di investimento che promuove caratteristiche ambientali o sociali o ha come obiettivo investimenti sostenibili (Art. 6 SFDR).","2","https://www.corepension.it/",""
"FPA","63","Fondo Pensione Aperto","ARTI E MESTIERI FONDO PENSIONE APERTO","ANIMA SGR S.P.A.","CRESCITA 25+","Azionario","13.66","3.69","6.79","6","5.52","2.68","1.91","1.73","1.63","Sì","30,00 Euro","12,00 Euro + 1,60% del patrimonio","1,60%","non previste","25,00 Euro","non previste","6,00 Euro","6,00 Euro","0,90% - 2,00% della rendita annua a seconda della periodicità","20% MSCI World (Net Total Return - in Euro), 60% MSCI World (Net Total Return - Euro Hedged), 20% ICE BofA Euro Treasury Bill (Gross Total Return - in Euro)","60% - 100%","0% - 40%","06.09.1999","Art. 8","4","https://fondopensione.animasgr.it/",""
"FPA","63","Fondo Pensione Aperto","ARTI E MESTIERI FONDO PENSIONE APERTO","ANIMA SGR S.P.A.","RIVALUTAZIONE 10+","Bilanciato","7.44","0.04","2.3","2.76","3.71","2.49","1.71","1.53","1.43","Sì","30,00 Euro","12,00 Euro + 1,40% del patrimonio","1,40%","non previste","25,00 Euro","non previste","6,00 Euro","6,00 Euro","0,90% - 2,00% della rendita annua a seconda della periodicità","20% MSCI World (Net Total Return - in Euro), 20% MSCI World (Net Total Return - Euro Hedged), 20% JP Morgan EMU (Gross Total Return - in Euro), 20% JP Morgan GBI Global (Gross Total Return - Euro Hedged), 10% ICE BofA Euro Large Cap Corporate (Gross Total Return - in Euro), 10% ICE BofA Euro Treasury Bill (Gross Total Return - in Euro)","20% - 50%","50% - 80%","06.09.1999","Art. 8","3","https://fondopensione.animasgr.it/",""
"FPA","63","Fondo Pensione Aperto","ARTI E MESTIERI FONDO PENSIONE APERTO","ANIMA SGR S.P.A.","CONSERVAZIONE 3+","Obbligazionario Puro","2.55","-1.28","-0.87","0.05","1.27","1.99","1.21","1.03","0.93","Sì","30,00 Euro","12,00 Euro + 0,90% del patrimonio","0,90%","non previste","25,00 Euro","non previste","6,00 Euro","6,00 Euro","0,90% - 2,00% della rendita annua a seconda della periodicità","20% JP Morgan EMU (Gross Total Return - in Euro), 20% JP Morgan GBI Global (Gross Total Return - in Euro), 20% ICE BofA Euro Large Cap Corporate (Gross Total Return - in Euro), 40% ICE BofA Euro Treasury Bill (Gross Total Return - in Euro)","0%","100%","06.09.1999","Art. 8","2","https://fondopensione.animasgr.it/",""
"FPA","63","Fondo Pensione Aperto","ARTI E MESTIERI FONDO PENSIONE APERTO","ANIMA SGR S.P.A.","GARANZIA 1+","Obbligazionario Puro","2.76","1.35","0.55","0.06","0.64","1.69","0.91","0.73","0.63","Sì","30,00 Euro","12,00 Euro + 0,60% del patrimonio","0,60%","non previste","25,00 Euro","non previste","6,00 Euro","6,00 Euro","0,90% - 2,00% della rendita annua a seconda della periodicità","100% ICE BofA Euro Treasury Bill (Gross Total Return - in Euro)","0%","100%","06.09.1999","Art. 8","2","https://fondopensione.animasgr.it/",""
"FPA","63","Fondo Pensione Aperto","ARTI E MESTIERI FONDO PENSIONE APERTO","ANIMA SGR S.P.A.","INCREMENTO E GARANZIA 5+","Bilanciato","3.77","0.76","1.05","1.45","","1.79","1.01","0.83","0.73","Sì","30,00 Euro","12,00 Euro + 0,70% del patrimonio","0,70%","non previste","25,00 Euro","non previste","6,00 Euro","6,00 Euro","0,90% - 2,00% della rendita annua a seconda della periodicità","50% ICE BofA Euro Treasury Bill (Gross Total Return - in Euro), 20% JP Morgan EMU (Gross Total Return - in Euro), 20% MSCI EMU (Net Total Return - in Euro), 10% ICE BofA Euro Large Cap Corporate (Gross Total Return - in Euro)","0% - 40%","60% - 100%","04.09.2006","Art. 8","3","https://fondopensione.animasgr.it/",""
"FPA","63","Fondo Pensione Aperto","ARTI E MESTIERI FONDO PENSIONE APERTO","ANIMA SGR S.P.A.","EQUILIBRIO 5+","Bilanciato","5.15","-0.76","0.37","1.25","","2.19","1.41","1.23","1.13","Sì","30,00 Euro","12,00 Euro + 1,10% del patrimonio","1,10%","non previste","25,00 Euro","non previste","6,00 Euro","6,00 Euro","0,90% - 2,00% della rendita annua a seconda della periodicità","40% JP Morgan EMU (Gross Total Return - in Euro), 20% MSCI World (Net Total Return - in Euro), 15% ICE BofA Euro Treasury Bill (Gross Total Return - in Euro), 15% ICE BofA Euro Large Cap Corporate (Gross Total Return - in Euro), 10% JP Morgan GBI Global (Gross Total Return - Euro Hedged)","0% - 40%","60% - 100%","01.04.2013","Art. 8","3","https://fondopensione.animasgr.it/",""
"FPA","26","Fondo Pensione Aperto","ARCA PREVIDENZA FONDO PENSIONE APERTO","ARCA FONDI SGR S.P.A.","RENDITA SOSTENIBILE","Bilanciato","5.34","0.05","1.21","1.6","2.85","2.58","1.56","1.36","1.27","Sì","65 euro","1,20% del patrimonio su base annua","0,83% (TER 2025)","20 euro","20 euro","20 euro","5 euro","5 euro","caricamento in base alla periodicità (1% - 1,75%)","nessuno (stile di gestione flessibile)","fino al 40%","non esplicitamente limitato","15/12/1998","Articolo 8","3","https://www.arcafondi.it/s/previdenza",""
"FPA","26","Fondo Pensione Aperto","ARCA PREVIDENZA FONDO PENSIONE APERTO","ARCA FONDI SGR S.P.A.","CRESCITA SOSTENIBILE","Bilanciato","7.91","0.3","2.55","2.7","3.2","2.64","1.63","1.42","1.33","Sì","65 euro","1,26% del patrimonio su base annua","0,85% (TER 2025)","20 euro","20 euro","20 euro","5 euro","5 euro","caricamento in base alla periodicità (1% - 1,75%)","nessuno (stile di gestione flessibile)","fino al 70%","non esplicitamente limitato","15/12/1998","Articolo 8","3","https://www.arcafondi.it/s/previdenza",""
"FPA","26","Fondo Pensione Aperto","ARCA PREVIDENZA FONDO PENSIONE APERTO","ARCA FONDI SGR S.P.A.","ALTA CRESCITA SOSTENIBILE","Bilanciato","11.74","2.52","5.3","4.2","3.74","2.82","1.81","1.61","1.52","Sì","65 euro","1,44% del patrimonio su base annua","0,89% (TER 2025)","20 euro","20 euro","20 euro","5 euro","5 euro","caricamento in base alla periodicità (1% - 1,75%)","nessuno (stile di gestione flessibile)","fino al 100%","non esplicitamente limitato","15/12/1998","Articolo 8","4","https://www.arcafondi.it/s/previdenza",""
"FPA","26","Fondo Pensione Aperto","ARCA PREVIDENZA FONDO PENSIONE APERTO","ARCA FONDI SGR S.P.A.","OBIETTIVO TFR","Obbligazionario Misto","4.17","1.64","1.12","0.6","","2.64","1.63","1.42","1.33","Sì","65 euro","1,26% del patrimonio su base annua","0,85% (TER 2025)","20 euro","20 euro","20 euro","5 euro","5 euro","caricamento in base alla periodicità (1% - 1,75%)","nessuno (obiettivo TFR)","fino al 30%","non esplicitamente limitato","01/07/2007","NO","2","https://www.arcafondi.it/s/previdenza",""
"FPA","150","Fondo Pensione Aperto","FONDO PENSIONE APERTO IL MELOGRANO","ASSIMOCO VITA S.P.A.","PRUDENTE","Obbligazionario Puro","2.21","-1.03","-0.82","-0.2","","1.82","1.1","0.93","0.83","Sì","25 euro","0,80%","0,80%","Non previste","25 euro","Non previste","15 euro","Non previste","Caricamento esplicito 1,50% più spese pagamento 1,00%","JP Morgan EMU Bond Index 80%, JP Morgan Cash Index euro currency 3 month 20%","0%","100%","18/09/2006","No","2","https://www.assimoco.it/assimoco/offerta/protezione-persona-casa-famiglia/previdenza/il-melograno.html",""
"FPA","150","Fondo Pensione Aperto","FONDO PENSIONE APERTO IL MELOGRANO","ASSIMOCO VITA S.P.A.","EQUILIBRATA","Bilanciato","6.46","1.39","2.6","2.5","","2.12","1.4","1.23","1.13","Sì","25 euro","1,10%","1,10%","Non previste","25 euro","Non previste","15 euro","Non previste","Caricamento esplicito 1,50% più spese pagamento 1,00%","Dow Jones Euro Stoxx 50 30,50%, S&P 500 12%, FTSE 100 3,50%, Morgan Stanley Far East Pacific 4%, JP Morgan EMU Bond Index 40%, JP Morgan Cash Index 10%","51%","49%","18/09/2006","No","3","https://www.assimoco.it/assimoco/offerta/protezione-persona-casa-famiglia/previdenza/il-melograno.html",""
"FPA","150","Fondo Pensione Aperto","FONDO PENSIONE APERTO IL MELOGRANO","ASSIMOCO VITA S.P.A.","DINAMICA","Azionario","8.44","1.83","4.39","3.97","","2.41","1.7","1.53","1.43","Sì","25 euro","1,40%","1,40%","Non previste","25 euro","Non previste","15 euro","Non previste","Caricamento esplicito 1,50% più spese pagamento 1,00%","Dow Jones Euro Stoxx 50 52%, S&P 500 20,50%, FTSE 100 5,50%, Morgan Stanley Far East Pacific 7%, JP Morgan EMU Bond Index 10%, JP Morgan Cash Index 5%","85%","15%","18/09/2006","No","3","https://www.assimoco.it/assimoco/offerta/protezione-persona-casa-famiglia/previdenza/il-melograno.html",""
"FPA","150","Fondo Pensione Aperto","FONDO PENSIONE APERTO IL MELOGRANO","ASSIMOCO VITA S.P.A.","GARANTITA","Obbligazionario Misto","3.24","-0.6","-0.03","0.37","","2.22","1.5","1.33","1.23","Sì","25 euro","1,20%","1,20%","Non previste","25 euro","Non previste","15 euro","Non previste","Caricamento esplicito 1,50% più spese pagamento 1,00%","JP Morgan EMU Bond Index 30%, JP Morgan 1-3 years EMU Bond Index 60%, Dow Jones Euro Stoxx 50 10%","9%","91%","11/07/2007","No","2","https://www.assimoco.it/assimoco/offerta/protezione-persona-casa-famiglia/previdenza/il-melograno.html",""
"FPA","5","Fondo Pensione Aperto","PREVIDENZA PER TE - FONDO PENSIONE APERTO","AXA MPS ASSICURAZIONI VITA S.P.A.","MONETA","Obbligazionario Puro","1.92","-1.07","-0.52","-0.01","1.02","2.49","1.61","1.36","1.19","Sì","25","1,10%","1,07%","20","50","20","50","Non previste","1,25% della rendita","20% BofA Merrill Lynch Euro Treasury Bill Index; 5% JP Morgan Emu Government Bonds Index; 27,5% Merrill Lynch EMU Corporate 1-7; 5% Barclays Euro Govt Inflation Bond; 17,5% Barclays US Corporate IG total return Hedged EUR; 12,5% BofA Merrill Lynch US High Yield Master II Hedged EUR; 12.5% JP Morgan EMBIG Diversified Hedged EUR","0%","100%","01/12/1998","Il comparto non adotta una politica di investimento che promuove caratteristiche ambientali o sociali o ha come obiettivo investimenti sostenibili.","2","https://www.axa-mps.it/fondo-pensione-aperto",""
"FPA","5","Fondo Pensione Aperto","PREVIDENZA PER TE - FONDO PENSIONE APERTO","AXA MPS ASSICURAZIONI VITA S.P.A.","STABILITÀ","Bilanciato","5.81","0.58","1.95","2.24","2.81","2.49","1.61","1.36","1.19","Sì","25","1,10%","1,07%","20","50","20","50","Non previste","1,25% della rendita","20% BofA Merrill Lynch Euro Treasury Bill Index; 20% MSCI World; 20% JP Morgan Emu Government Bonds Index; 10% JP Morgan GBI Global ex EMU unhedged in Eur; 10% Merrill Lynch EMU Corporate 1-7; 10% Barclays Euro Govt Inflation Bond; 10% FTSE Italia All Shares","36%","64%","01/12/1998","Il comparto non adotta una politica di investimento che promuove caratteristiche ambientali o sociali o ha come obiettivo investimenti sostenibili.","3","https://www.axa-mps.it/fondo-pensione-aperto",""
"FPA","5","Fondo Pensione Aperto","PREVIDENZA PER TE - FONDO PENSIONE APERTO","AXA MPS ASSICURAZIONI VITA S.P.A.","MISTA","Bilanciato","8.5","1.05","3.32","3.62","3.84","2.8","1.92","1.67","1.51","Sì","25","1,40%","1,36%","20","50","20","50","Non previste","1,25% della rendita","35% MSCI World; 15% JP Morgan Emu Government Bonds Index; 10% JP Morgan GBI Global ex EMU unhedged in Eur; 10% Merrill Lynch EMU Corporate 1-7; 10% Barclays Euro Govt Inflation Bond; 20% FTSE Italia All Shares","61%","39%","01/12/1998","Il comparto promuove caratteristiche ambientali o sociali.","3","https://www.axa-mps.it/fondo-pensione-aperto",""
"FPA","5","Fondo Pensione Aperto","PREVIDENZA PER TE - FONDO PENSIONE APERTO","AXA MPS ASSICURAZIONI VITA S.P.A.","CRESCITA","Azionario","11.57","2.34","5.08","4.95","4.72","3.01","2.13","1.88","1.72","Sì","25","1,60%","1,54%","20","50","20","50","Non previste","1,25% della rendita","55% MSCI World; 9% JP Morgan Emu Government Bonds Index; 5% JP Morgan GBI Global ex EMU unhedged in Eur; 3% Merrill Lynch EMU Corporate 1-7; 3% Barclays Euro Govt Inflation Bond; 25% FTSE Italia All Shares","87%","13%","01/12/1998","Il comparto promuove caratteristiche ambientali o sociali.","4","https://www.axa-mps.it/fondo-pensione-aperto",""
"FPA","5","Fondo Pensione Aperto","PREVIDENZA PER TE - FONDO PENSIONE APERTO","AXA MPS ASSICURAZIONI VITA S.P.A.","GARANTITA","Obbligazionario Misto","2.58","-0.1","-0.05","-0.19","0.37","2.59","1.71","1.46","1.3","Sì","25","1,20%","0,98%","20","50","20","50","Non previste","1,25% della rendita","tasso di rivalutazione del TFR","5%","95%","26/04/1999","Il comparto non adotta una politica di investimento che promuove caratteristiche ambientali o sociali o ha come obiettivo investimenti sostenibili.","2","https://www.axa-mps.it/fondo-pensione-aperto",""
"FPA","92","Fondo Pensione Aperto","AZIMUT PREVIDENZA - FONDO PENSIONE APERTO","AZIMUT CAPITAL MANAGEMENT SGR S.P.A.","EQUILIBRATO","Bilanciato","6.41","1.31","2.47","2.58","2.41","3.18","2.12","1.82","1.62","Sì","10 Euro","30,00 Euro","1,50% del patrimonio su base annua","non previste","50,00 Euro","non previste","50,00 Euro","non previste","1,25% - 1,50% della rendita annua","75% ISTAT (al netto dell'imposta sostitutiva) + 2,00%","limite massimo del 70%","bilanciata","2 ottobre 2000","Il comparto non adotta una politica di investimento che promuove caratteristiche ambientali o sociali","3","https://www.azimut.it/prodotti-previdenziali/azimut-previdenza",""
"FPA","92","Fondo Pensione Aperto","AZIMUT PREVIDENZA - FONDO PENSIONE APERTO","AZIMUT CAPITAL MANAGEMENT SGR S.P.A.","CRESCITA","Azionario","9.71","1.96","3.96","2.86","2.82","3.49","2.43","2.13","1.93","Sì","10 Euro","30,00 Euro","1,80% del patrimonio su base annua","non previste","50,00 Euro","non previste","50,00 Euro","non previste","1,25% - 1,50% della rendita annua","75% ISTAT (al netto dell'imposta sostitutiva) + 2,50%","prevalentemente azionaria","residuale/minore","2 ottobre 2000","Il comparto non adotta una politica di investimento che promuove caratteristiche ambientali o sociali","3","https://www.azimut.it/prodotti-previdenziali/azimut-previdenza",""
"FPA","92","Fondo Pensione Aperto","AZIMUT PREVIDENZA - FONDO PENSIONE APERTO","AZIMUT CAPITAL MANAGEMENT SGR S.P.A.","OBBLIGAZIONARIO","Obbligazionario Puro","2.53","0.07","0.74","1.17","","2.66","1.6","1.3","1.1","Sì","10 Euro","30,00 Euro","1,00% del patrimonio su base annua","non previste","50,00 Euro","non previste","50,00 Euro","non previste","1,25% - 1,50% della rendita annua","75% ISTAT (al netto dell'imposta sostitutiva) + 1,00%","0,00%","prevalentemente obbligazionaria e monetaria","1° ottobre 2013","Il comparto non adotta una politica di investimento che promuove caratteristiche ambientali o sociali","3","https://www.azimut.it/prodotti-previdenziali/azimut-previdenza",""
"FPA","171","Fondo Pensione Aperto","AZIMUT SUSTAINABLE FUTURE -FONDO PENSIONE APERTO","AZIMUT CAPITAL MANAGEMENT SGR S.P.A.","BILANCIATO CONSERVATIVO","Bilanciato","3.7","0.16","","","","2.66","1.6","1.3","1.1","Sì","10 Euro","30,00 Euro","1,00% del patrimonio su base annua","non previste","50,00 Euro","non previste","50,00 Euro","non previste","30,00 Euro","75% dell’indice ISTAT (al netto di un importo corrispondente all’aliquota dell’imposta sostitutiva gravante sul Comparto) + 1,00%","31%","69%","1° settembre 2020","Promuove caratteristiche ambientali o sociali e ha obiettivi di sostenibilità","2","https://www.azimut.it/prodotti-previdenziali/azimut-sustainable-future",""
"FPA","171","Fondo Pensione Aperto","AZIMUT SUSTAINABLE FUTURE -FONDO PENSIONE APERTO","AZIMUT CAPITAL MANAGEMENT SGR S.P.A.","BILANCIATO","Bilanciato","4.57","0.38","","","","3.18","2.12","1.82","1.62","Sì","10 Euro","30,00 Euro","1,50% del patrimonio su base annua","non previste","50,00 Euro","non previste","50,00 Euro","non previste","30,00 Euro","75% dell’indice ISTAT (al netto di un importo corrispondente all’aliquota dell’imposta sostitutiva gravante sul Comparto) + 2,00%","50%","50%","1° settembre 2020","Promuove caratteristiche ambientali o sociali e ha obiettivi di sostenibilità","2","https://www.azimut.it/prodotti-previdenziali/azimut-sustainable-future",""
"FPA","171","Fondo Pensione Aperto","AZIMUT SUSTAINABLE FUTURE -FONDO PENSIONE APERTO","AZIMUT CAPITAL MANAGEMENT SGR S.P.A.","BILANCIATO ACCRESCITIVO","Bilanciato","5.37","0.41","","","","3.49","2.43","2.13","1.93","Sì","10 Euro","30,00 Euro","1,80% del patrimonio su base annua","non previste","50,00 Euro","non previste","50,00 Euro","non previste","30,00 Euro","75% dell’indice ISTAT (al netto di un importo corrispondente all’aliquota dell’imposta sostitutiva gravante sul Comparto) + 2,50%","65%","35%","1° settembre 2020","Promuove caratteristiche ambientali o sociali e ha obiettivi di sostenibilità","2","https://www.azimut.it/prodotti-previdenziali/azimut-sustainable-future",""
"FPA","53","Fondo Pensione Aperto","FONDO PENSIONE APERTO AUREO","BCC RISPARMIO & PREVIDENZA SOCIETA' DI GESTIONE DEL RISPARMIO DEL CREDITO COOPERATIVO S.P.A.","OBBLIGAZIONARIO ESG","Obbligazionario Misto","1.1","-1.9","-1.28","-0.39","0.87","1.57","1.17","1.05","0.97","Sì","2","0,90% del patrimonio su base annua","0,90%","Non previsto","20","Non previsto","2","Non previsto","1,25% della rendita annua","Strategie non a benchmark","0,00%","100,00%","01/06/1999","SI, promuove CARATTERISTICHE AMBIENTALI O SOCIALI","2","",""
"FPA","53","Fondo Pensione Aperto","FONDO PENSIONE APERTO AUREO","BCC RISPARMIO & PREVIDENZA SOCIETA' DI GESTIONE DEL RISPARMIO DEL CREDITO COOPERATIVO S.P.A.","BILANCIATO ESG","Bilanciato","7.85","1.07","2.77","2.83","3.28","1.87","1.47","1.35","1.27","Sì","2","1,20% del patrimonio su base annua","1,20%","Non previsto","20","Non previsto","2","Non previsto","1,25% della rendita annua","Strategie non a benchmark","54,26%","45,74%","01/06/1999","SI, promuove CARATTERISTICHE AMBIENTALI O SOCIALI","3","",""
"FPA","53","Fondo Pensione Aperto","FONDO PENSIONE APERTO AUREO","BCC RISPARMIO & PREVIDENZA SOCIETA' DI GESTIONE DEL RISPARMIO DEL CREDITO COOPERATIVO S.P.A.","AZIONARIO ESG","Azionario","14.76","4.22","6.37","5.43","4.66","2.17","1.77","1.65","1.57","Sì","2","1,50% del patrimonio su base annua","1,50%","Non previsto","20","Non previsto","2","Non previsto","1,25% della rendita annua","Strategie non a benchmark","92,77%","7,23%","01/06/1999","SI, promuove CARATTERISTICHE AMBIENTALI O SOCIALI","4","",""
"FPA","53","Fondo Pensione Aperto","FONDO PENSIONE APERTO AUREO","BCC RISPARMIO & PREVIDENZA SOCIETA' DI GESTIONE DEL RISPARMIO DEL CREDITO COOPERATIVO S.P.A.","PRUDENTE ESG","Obbligazionario Puro","2.23","","","","","1.17","0.77","0.65","0.57","Sì","2","0,50% del patrimonio su base annua","0,50%","Non previsto","20","Non previsto","2","Non previsto","1,25% della rendita annua","Strategie non a benchmark","0,00%","100,00%","01/09/2022","SI, promuove CARATTERISTICHE AMBIENTALI O SOCIALI","3","",""
"FPA","53","Fondo Pensione Aperto","FONDO PENSIONE APERTO AUREO","BCC RISPARMIO & PREVIDENZA SOCIETA' DI GESTIONE DEL RISPARMIO DEL CREDITO COOPERATIVO S.P.A.","GARANTITO ESG","Obbligazionario Puro","2.8","1.44","0.59","0.1","","1.17","0.77","0.65","0.57","Sì","2","0,50% del patrimonio su base annua","0,50%","Non previsto","20","Non previsto","2","Non previsto","1,25% della rendita annua","Strategie non a benchmark","0,00%","100,00%","30/04/2007","SI, promuove CARATTERISTICHE AMBIENTALI O SOCIALI","2","",""
"FPA","120","Fondo Pensione Aperto","FONDO PENSIONE APERTO BIM VITA","BIM VITA S.P.A.","BOND","Obbligazionario Misto","2.31","-1.11","-0.73","-0.24","1.73","1.73","1.18","1.08","1.04","Sì","non previste","1,00% del patrimonio su base annua","1,00% del patrimonio su base annua","non previste","€ 50","non previste","non previste","non previste","caricamento in base alla periodicità scelta: 0,9% (annuale), 1,0% (semestrale), 1,2% (trimestrale), 2,0% (mensile)","non individuato (gestione flessibile)","0% (limite massimo 10%)","100% (minimo 50%)","21/03/2003","non adotta una politica di investimento che promuove caratteristiche ambientali o sociali","2","https://www.bimvita.it/fondo-pensione-aperto-bim-vita/",""
"FPA","120","Fondo Pensione Aperto","FONDO PENSIONE APERTO BIM VITA","BIM VITA S.P.A.","EQUILIBRIO","Bilanciato","4.67","0.2","0.5","0.78","1.98","2.15","1.6","1.5","1.46","Sì","non previste","1,40% del patrimonio su base annua","1,40% del patrimonio su base annua","non previste","€ 50","non previste","non previste","non previste","caricamento in base alla periodicità scelta: 0,9% (annuale), 1,0% (semestrale), 1,2% (trimestrale), 2,0% (mensile)","non individuato (gestione flessibile)","15% (limite massimo 50%)","85% (minimo 20%)","21/03/2003","non adotta una politica di investimento che promuove caratteristiche ambientali o sociali","2","https://www.bimvita.it/fondo-pensione-aperto-bim-vita/",""
"FPA","120","Fondo Pensione Aperto","FONDO PENSIONE APERTO BIM VITA","BIM VITA S.P.A.","BILANCIATA GLOBALE","Bilanciato","10.05","5.14","4.63","3.37","2.99","2.25","1.71","1.6","1.56","Sì","non previste","1,50% del patrimonio su base annua","1,50% del patrimonio su base annua","non previste","€ 50","non previste","non previste","non previste","caricamento in base alla periodicità scelta: 0,9% (annuale), 1,0% (semestrale), 1,2% (trimestrale), 2,0% (mensile)","40% ICE BofA 3-5 year Euro Government Index, 10% ICE BofA Euro Treasury Bill, 20% STOXX Global 1800 Daily Hedged Net Return Eur, 30% STOXX Global 1800 Net Return Index Eur","50% (minimo 30%, massimo 60%)","40% (minimo 30%, massimo 70%)","31/05/1999 (incorporato nel FPA il 01/10/2006)","non adotta una politica di investimento che promuove caratteristiche ambientali o sociali","3","https://www.bimvita.it/fondo-pensione-aperto-bim-vita/",""
"FPA","120","Fondo Pensione Aperto","FONDO PENSIONE APERTO BIM VITA","BIM VITA S.P.A.","EQUITY","Azionario","15.8","8.52","7.25","5.02","4.08","2.56","2.02","1.91","1.87","Sì","non previste","1,80% del patrimonio su base annua","1,80% del patrimonio su base annua","non previste","€ 50","non previste","non previste","non previste","caricamento in base alla periodicità scelta: 0,9% (annuale), 1,0% (semestrale), 1,2% (trimestrale), 2,0% (mensile)","5% ICE BofA 3-5 year Euro Government Index, 10% ICE BofA Euro Treasury Bill, 55% STOXX Global 1800 Daily Hedged Net Return Eur, 30% STOXX Global 1800 Net Return Index Eur","85% (minimo 60%, massimo 100%)","5% (minimo 0%, massimo 30%)","21/03/2003","non adotta una politica di investimento che promuove caratteristiche ambientali o sociali","4","https://www.bimvita.it/fondo-pensione-aperto-bim-vita/",""
"FPA","149","Fondo Pensione Aperto","RAIFFEISEN FONDO PENSIONE APERTO","CASSA CENTRALE RAIFFEISEN DELL’ALTO ADIGE S.P.A.","SAFE","Obbligazionario Puro","0.98","-2.96","-1.92","-0.63","","1.92","1.25","1.09","1.01","","","","","","","","","","","","","","","","2","https://www.raiffeisenpensionsfonds.it/it/index.html",""
"FPA","149","Fondo Pensione Aperto","RAIFFEISEN FONDO PENSIONE APERTO","CASSA CENTRALE RAIFFEISEN DELL’ALTO ADIGE S.P.A.","ACTIVITY","Bilanciato","2.65","-1.84","0.03","1.29","","2.13","1.46","1.3","1.22","","","","","","","","","","","","","","","","3","https://www.raiffeisenpensionsfonds.it/it/index.html",""
"FPA","149","Fondo Pensione Aperto","RAIFFEISEN FONDO PENSIONE APERTO","CASSA CENTRALE RAIFFEISEN DELL’ALTO ADIGE S.P.A.","DYNAMIC","Bilanciato","5.3","1.23","3.14","3.42","","2.33","1.66","1.51","1.42","","","","","","","","","","","","","","","","3","https://www.raiffeisenpensionsfonds.it/it/index.html",""
"FPA","149","Fondo Pensione Aperto","RAIFFEISEN FONDO PENSIONE APERTO","CASSA CENTRALE RAIFFEISEN DELL’ALTO ADIGE S.P.A.","GUARANTY","Obbligazionario Misto","2.31","0.56","0.25","","","2.07","1.4","1.25","1.16","Sì","","","","","","","","","","","","","","","2","https://www.raiffeisenpensionsfonds.it/it/index.html",""
"FPA","115","Fondo Pensione Aperto","FONDO PENSIONE APERTO CNP","CNP VITA ASSICURA S.P.A.","AZIONARIO","Azionario","6.36","1.23","3.55","3.82","3.98","1.88","1.54","1.38","1.25","Sì","Nessuna spesa prevista","25 euro (spesa fissa)","1,20%","Nessuna spesa prevista","Nessuna spesa prevista","Nessuna spesa prevista","20 euro","Nessuna spesa prevista","1,25% del valore capitale della rendita","FTSE World Series Asia Pacific TR EUR 3,0%; Tokyo Stock Exchange Topix Total Return Index 7,0%; Citi Euro 3M Eurodeposit 10,0%; S&P 500 Total Return EUR 17,0%; ICE BofA Euro Government Bond 25,0%; DJ Euro Stoxx Equity 38,0%","67%","31%","15/11/2002","NO","3","https://gruppocnp.it/prodotti/fondo-pensione-aperto/fondo-pensione-aperto-cnp",""
"FPA","115","Fondo Pensione Aperto","FONDO PENSIONE APERTO CNP","CNP VITA ASSICURA S.P.A.","BILANCIATO","Bilanciato","3.24","-1.13","0.89","1.72","2.95","1.68","1.34","1.18","1.05","Sì","Nessuna spesa prevista","25 euro (spesa fissa)","1,00%","Nessuna spesa prevista","Nessuna spesa prevista","Nessuna spesa prevista","20 euro","Nessuna spesa prevista","1,25% del valore capitale della rendita","Tokyo Stock Exchange Topix Total Return Index 3,0%; S&P 500 Total Return EUR 7,0%; Citi Euro 3M Eurodeposit 10,0%; FTSE World Series Europe Ex UK TR EUR 20,0%; ICE BofA Euro Government Bond 60,0%","32%","68%","15/11/2002","NO","3","https://gruppocnp.it/prodotti/fondo-pensione-aperto/fondo-pensione-aperto-cnp",""
"FPA","115","Fondo Pensione Aperto","FONDO PENSIONE APERTO CNP","CNP VITA ASSICURA S.P.A.","OBBLIGAZIONARIO","Obbligazionario Misto","2.2","-2.04","-0.25","0.83","2.45","1.59","1.24","1.08","0.95","Sì","Nessuna spesa prevista","25 euro (spesa fissa)","0,90%","Nessuna spesa prevista","Nessuna spesa prevista","Nessuna spesa prevista","20 euro","Nessuna spesa prevista","1,25% del valore capitale della rendita","Ftse World index in euro 6,0%; FTSE World Series Europe Ex UK TR EUR 10,0%; Citi Euro 3M Eurodeposit 10,0%; ICE BofA Euro Government Bond 74,0%","16%","84%","15/11/2002","NO","2","https://gruppocnp.it/prodotti/fondo-pensione-aperto/fondo-pensione-aperto-cnp",""
"FPA","115","Fondo Pensione Aperto","FONDO PENSIONE APERTO CNP","CNP VITA ASSICURA S.P.A.","GARANZIA RESTITUZIONE CAPITALE","Obbligazionario Misto","2.31","-0.31","0.31","0.74","2.23","1.78","1.44","1.28","1.15","Sì","Nessuna spesa prevista","25 euro (spesa fissa)","1,10%","Nessuna spesa prevista","Nessuna spesa prevista","Nessuna spesa prevista","20 euro","Nessuna spesa prevista","1,25% del valore capitale della rendita","","5%","95%","15/11/2002","NO","2","https://gruppocnp.it/prodotti/fondo-pensione-aperto/fondo-pensione-aperto-cnp",""
"FPA","115","Fondo Pensione Aperto","FONDO PENSIONE APERTO CNP","CNP VITA ASSICURA S.P.A.","GARANZIA DI RENDIMENTO MIN.","Obbligazionario Misto","2.19","-0.46","0.21","0.49","1.87","1.98","1.64","1.48","1.35","Sì","Nessuna spesa prevista","25 euro (spesa fissa)","1,30%","Nessuna spesa prevista","Nessuna spesa prevista","Nessuna spesa prevista","20 euro","Nessuna spesa prevista","1,25% del valore capitale della rendita","","5%","95%","15/11/2002","NO","2","https://gruppocnp.it/prodotti/fondo-pensione-aperto/fondo-pensione-aperto-cnp",""
"FPA","18","Fondo Pensione Aperto","CREDEMPREVIDENZA FONDO PENSIONE APERTO","CREDEMVITA S.P.A.","OBBLIGAZIONARIO GARANTITO","Obbligazionario Misto","4.79","-0.97","0.25","1.1","2.3","2.26","1.5","1.3","1.18","Sì","50,00 euro","1,10% (classe A), 1,00% (classe B)","1,10% (classe A), 1,00% (classe B)","Non previste","Non previste","Non previste","Non previste","Non previste","18 euro per rata RITA","35% ICE BofA Italy Government Index (G0I0), 40% ICE BofA Euro Government Index (EG00), 15% ICE BofA Euro Corporate Index (ER00), 7% MSCI World Net Total Return EUR Index, 3% MSCI EMU Net Total Return EUR Index","non più del 20% del patrimonio","forte prevalenza, fino al 100% del patrimonio","30/12/1998","Non promuove caratteristiche ambientali e/o sociali e non ha come obiettivo investimenti sostenibili","3","https://www.credemvita.it/content/credemvita/it/home/imprese-e-professionisti/previdenza/fondo-pensione-aperto-credemprevidenza.html",""
"FPA","18","Fondo Pensione Aperto","CREDEMPREVIDENZA FONDO PENSIONE APERTO","CREDEMVITA S.P.A.","FLESSIBILE","Obbligazionario Misto","2.98","0.56","1.43","1.66","1.81","2.16","1.39","1.19","1.08","Sì","50,00 euro","1,00% (classe A), 0,90% (classe B)","1,00% (classe A), 0,90% (classe B)","Non previste","Non previste","Non previste","Non previste","Non previste","18 euro per rata RITA","20% MSCI World Net Total Return EUR Index, 10% MSCI EMU Net Total Return EUR Index, 25% ICE BofA Italy Government Index (G0I0), 30% ICE BofA Euro Government Index (EG00), 15% ICE BofA Euro Corporate Index (ER00)","non più del 50% del patrimonio","prevalenza, fino al 90% del patrimonio","31/05/2013","Non promuove caratteristiche ambientali e/o sociali e non ha come obiettivo investimenti sostenibili","3","https://www.credemvita.it/content/credemvita/it/home/imprese-e-professionisti/previdenza/fondo-pensione-aperto-credemprevidenza.html",""
"FPA","18","Fondo Pensione Aperto","CREDEMPREVIDENZA FONDO PENSIONE APERTO","CREDEMVITA S.P.A.","BILANCIATO","Bilanciato","7.36","1.33","2.75","3.23","3.39","2.37","1.6","1.4","1.28","Sì","50,00 euro","1,20% (classe A), 0,90% (classe B)","1,20% (classe A), 0,90% (classe B)","Non previste","Non previste","Non previste","Non previste","Non previste","18 euro per rata RITA","25% MSCI World Net Total Return EUR Index, 25% MSCI EMU Net Total Return EUR Index, 15% ICE BofA Italy Government Index (G0I0), 20% ICE BofA Euro Government Index (EG00), 15% ICE BofA Euro Corporate Index (ER00)","non superiore al 70% del patrimonio","non superiore al 70% del patrimonio","30/12/1998","Non promuove caratteristiche ambientali e/o sociali e non ha come obiettivo investimenti sostenibili","3","https://www.credemvita.it/content/credemvita/it/home/imprese-e-professionisti/previdenza/fondo-pensione-aperto-credemprevidenza.html",""
"FPA","18","Fondo Pensione Aperto","CREDEMPREVIDENZA FONDO PENSIONE APERTO","CREDEMVITA S.P.A.","AZIONARIO","Azionario","11.86","4.82","5.96","5.42","4.58","2.67","1.91","1.71","1.6","Sì","50,00 euro","1,50% (classe A), 1,00% (classe B)","1,50% (classe A), 1,00% (classe B)","Non previste","Non previste","Non previste","Non previste","Non previste","18 euro per rata RITA","30% MSCI World Net Total Return EUR Index, 60% MSCI EMU Net Total Return EUR Index, 10% ICE BofA 0-1 Year Euro Government Index (EG0A)","prevalentemente allocato in strumenti azionari, fino al 100%","non più del 40% del patrimonio","30/12/1998","Non promuove caratteristiche ambientali e/o sociali e non ha come obiettivo investimenti sostenibili","4","https://www.credemvita.it/content/credemvita/it/home/imprese-e-professionisti/previdenza/fondo-pensione-aperto-credemprevidenza.html",""
"FPA","57","Fondo Pensione Aperto","FONDO PENSIONE APERTO CREDIT AGRICOLE VITA","CREDIT AGRICOLE VITA S.P.A.","LINEA GARANTITA","Bilanciato","1.97","-0.76","0.04","0.79","","2.4","1.59","1.37","1.24","Sì","Non previste","€ 20 annui (a carico dell'aderente), oltre 1,15% del patrimonio su base annua (indirettamente a carico)","1,15% del patrimonio su base annua","Gratuito","€ 50","€ 50","Gratuito","Gratuito","€ 25 sulla prima rata erogata","85% Citigroup EMU GBI 3-7 anni in Euro; 15% Eurostoxx50 Total Return Net Index","16,26%","83,57%","01/09/2002","NO, non ne tiene conto","2","https://www.ca-vita.it/fondo-pensione-e-previdenza/fondo-pensione-aperto",""
"FPA","57","Fondo Pensione Aperto","FONDO PENSIONE APERTO CREDIT AGRICOLE VITA","CREDIT AGRICOLE VITA S.P.A.","LINEA MODERATA","Bilanciato","7.13","-0.47","2.49","3.35","4.03","2.45","1.64","1.42","1.29","Sì","Non previste","€ 20 annui (a carico dell'aderente), oltre 1,20% del patrimonio su base annua (indirettamente a carico)","1,20% del patrimonio su base annua","Gratuito","€ 50","€ 50","Gratuito","Gratuito","€ 25 sulla prima rata erogata","50% JPMorgan GBI-Europe Hedged in Euro; 20% MSCI World Free Net Total Return in dollari Usa convertito in Euro; 30% MSCI World Free Net Total Return Hedged in Euro","51,75%","47,78%","01/09/2002","NO, non ne tiene conto","3","https://www.ca-vita.it/fondo-pensione-e-previdenza/fondo-pensione-aperto",""
"FPA","57","Fondo Pensione Aperto","FONDO PENSIONE APERTO CREDIT AGRICOLE VITA","CREDIT AGRICOLE VITA S.P.A.","LINEA DINAMICA","Azionario","10.75","2.84","5.75","5.49","5.47","2.66","1.85","1.63","1.5","Sì","Non previste","€ 20 annui (a carico dell'aderente), oltre 1,40% del patrimonio su base annua (indirettamente a carico)","1,40% del patrimonio su base annua","Gratuito","€ 50","€ 50","Gratuito","Gratuito","€ 25 sulla prima rata erogata","25% MSCI World Free Net Total Return in dollari Usa convertito in Euro; 50% MSCI World Free Net Total Return Hedged in Euro; 25% Boa ML Italy Treasury Bill","76,64%","22,76%","01/08/2020","NO, non ne tiene conto","4","https://www.ca-vita.it/fondo-pensione-e-previdenza/fondo-pensione-aperto",""
"FPA","147","Fondo Pensione Aperto","FONDO PENSIONE APERTO PENSPLAN PROFI","EUREGIO PLUS SGR S.P.A.","ETHICAL LIFE HIGH GROWTH","Azionario","2.85","-0.52","2.32","","","2.5","1.78","1.58","1.45","Sì","30,00 €","17,00 € (Commissione fissa) + 3,00 € (Contributo solidarietà)","1,35% del patrimonio su base annua","Non previste","10,00 €","Non previste","10,00 €","Non previste","50,00 € per l'apertura della pratica (RITA)","5% ECPI Eurozone 0-1Y Government Bond Index, 20% ECPI EMU Governance Government Bond Index, 5% ECPI Euro ESG Corporate Bond ex Military, 49% ECPI ESG EMU, 21% ECPI ESG World ex EMU","62%","38%","02.07.2018","SI, promuove CARATTERISTICHE AMBIENTALI O SOCIALI","3","https://www.fondopensioneprofi.com/",""
"FPA","147","Fondo Pensione Aperto","FONDO PENSIONE APERTO PENSPLAN PROFI","EUREGIO PLUS SGR S.P.A.","ETHICAL LIFE GROWTH","Bilanciato","2.57","-0.88","1.33","","","2.24","1.52","1.32","1.19","Sì","30,00 €","17,00 € (Commissione fissa) + 3,00 € (Contributo solidarietà)","1,10% del patrimonio su base annua","Non previste","10,00 €","Non previste","10,00 €","Non previste","50,00 € per l'apertura della pratica (RITA)","5% ECPI Eurozone 0-1Y Government Bond Index, 36% ECPI EMU Governance Government Bond Index, 9% ECPI Euro ESG Corporate Bond ex Military, 35% ECPI ESG EMU, 15% ECPI ESG World ex EMU","43%","57%","02.07.2018","SI, promuove CARATTERISTICHE AMBIENTALI O SOCIALI","3","https://www.fondopensioneprofi.com/",""
"FPA","147","Fondo Pensione Aperto","FONDO PENSIONE APERTO PENSPLAN PROFI","EUREGIO PLUS SGR S.P.A.","ETHICAL LIFE BALANCED GROWTH","Obbligazionario Misto","2.16","-1.43","0.31","","","2.14","1.42","1.21","1.08","Sì","30,00 €","17,00 € (Commissione fissa) + 3,00 € (Contributo solidarietà)","1,00% del patrimonio su base annua","Non previste","10,00 €","Non previste","10,00 €","Non previste","50,00 € per l'apertura della pratica (RITA)","5% ECPI Eurozone 0-1Y Government Bond Index, 52% ECPI EMU Governance Government Bond Index, 13% ECPI Euro ESG Corporate Bond ex Military, 21% ECPI ESG EMU, 9% ECPI ESG World ex EMU","26%","74%","02.07.2018","SI, promuove CARATTERISTICHE AMBIENTALI O SOCIALI","2","https://www.fondopensioneprofi.com/",""
"FPA","147","Fondo Pensione Aperto","FONDO PENSIONE APERTO PENSPLAN PROFI","EUREGIO PLUS SGR S.P.A.","ETHICAL LIFE CONSERVATIVE","Obbligazionario Misto","1.82","-1.92","-0.75","","","1.93","1.21","1.01","0.87","Sì","30,00 €","17,00 € (Commissione fissa) + 3,00 € (Contributo solidarietà)","0,80% del patrimonio su base annua","Non previste","10,00 €","Non previste","10,00 €","Non previste","50,00 € per l'apertura della pratica (RITA)","5% ECPI Eurozone 0-1Y Government Bond Index, 95% ECPI Euro Ethical Government Bond 1-3Y Index","9%","91%","02.07.2018","SI, promuove CARATTERISTICHE AMBIENTALI O SOCIALI","2","https://www.fondopensioneprofi.com/",""
"FPA","147","Fondo Pensione Aperto","FONDO PENSIONE APERTO PENSPLAN PROFI","EUREGIO PLUS SGR S.P.A.","ETHICAL LIFE SHORT TERM","Obbligazionario Puro","2.57","0.7","0.22","","","1.83","1.11","0.9","0.77","Sì","30,00 €","17,00 € (Commissione fissa) + 3,00 € (Contributo solidarietà)","0,70% del patrimonio su base annua","Non previste","10,00 €","Non previste","10,00 €","Non previste","50,00 € per l'apertura della pratica (RITA)","5% ECPI Eurozone 0-1Y Government Bond Index, 95% ECPI Euro Ethical Government Bond 1-3Y Index","0%","100%","02.07.2018","SI, promuove CARATTERISTICHE AMBIENTALI O SOCIALI","2","https://www.fondopensioneprofi.com/",""
"FPA","7","Fondo Pensione Aperto","FONDO PENSIONE FIDEURAM - FONDO PENSIONE APERTO","FIDEURAM VITA S.P.A.","SICUREZZA","Obbligazionario Puro","2.01","-2.82","-1.61","-0.22","1.57","3.21","1.84","1.52","1.35","Sì","50 euro","20 euro (fisso) + 1,30% (percentuale)","1,30% del patrimonio netto su base annua","Non previste","50 euro","Non previste","Non previste","Non previste","1,25% caricamento su rendita","50% ICE BofA Euro Government in Euro, 30% ICE BofA Euro Large Cap Corporate in Euro, 20% ICE BofA US Treasury in Euro","0%","100%","4 gennaio 1999","Promuove caratteristiche ambientali o sociali (art. 8 SFDR)","2","https://www.fideuramvita.it/fondo-pensione-fideuram-fondo-pensione-aperto",""
"FPA","7","Fondo Pensione Aperto","FONDO PENSIONE FIDEURAM - FONDO PENSIONE APERTO","FIDEURAM VITA S.P.A.","EQUILIBRIO","Bilanciato","5.23","-1.06","0.86","1.72","2.69","3.41","2.04","1.72","1.55","Sì","50 euro","20 euro (fisso) + 1,50% (percentuale)","1,50% del patrimonio netto su base annua","Non previste","50 euro","Non previste","Non previste","Non previste","1,25% caricamento su rendita","30% MSCI World Hedged in Euro Index (net total return), 35% ICE BofA Euro Government in Euro, 21% ICE BofA Euro Large Cap Corporate in Euro, 14% ICE BofA US Treasury in Euro","30,23%","69,77%","4 gennaio 1999","Promuove caratteristiche ambientali o sociali (art. 8 SFDR)","3","https://www.fideuramvita.it/fondo-pensione-fideuram-fondo-pensione-aperto",""
"FPA","7","Fondo Pensione Aperto","FONDO PENSIONE FIDEURAM - FONDO PENSIONE APERTO","FIDEURAM VITA S.P.A.","VALORE","Azionario","8.41","0.37","2.98","3.25","3.33","3.9","2.54","2.22","2.05","Sì","50 euro","20 euro (fisso) + 2,00% (percentuale)","2,00% del patrimonio netto su base annua","Non previste","50 euro","Non previste","Non previste","Non previste","1,25% caricamento su rendita","60% MSCI World Hedged in Euro Index (net total return), 20% ICE BofA Euro Government in Euro, 12% ICE BofA Euro Large Cap Corporate in Euro, 8% ICE BofA US Treasury in Euro","59,32%","40,68%","4 gennaio 1999","Promuove caratteristiche ambientali o sociali (art. 8 SFDR)","3","https://www.fideuramvita.it/fondo-pensione-fideuram-fondo-pensione-aperto",""
"FPA","7","Fondo Pensione Aperto","FONDO PENSIONE FIDEURAM - FONDO PENSIONE APERTO","FIDEURAM VITA S.P.A.","CRESCITA","Azionario","10.47","1.62","4.69","4.44","3.77","3.9","2.54","2.22","2.05","Sì","50 euro","20 euro (fisso) + 2,00% (percentuale)","2,00% del patrimonio netto su base annua","Non previste","50 euro","Non previste","Non previste","Non previste","1,25% caricamento su rendita","80% MSCI World Hedged in Euro Index (net total return), 10% ICE BofA Euro Government in Euro, 6% ICE BofA Euro Large Cap Corporate in Euro, 4% ICE BofA US Treasury in Euro","78,36%","21,64%","4 gennaio 1999","Promuove caratteristiche ambientali o sociali (art. 8 SFDR)","4","https://www.fideuramvita.it/fondo-pensione-fideuram-fondo-pensione-aperto",""
"FPA","7","Fondo Pensione Aperto","FONDO PENSIONE FIDEURAM - FONDO PENSIONE APERTO","FIDEURAM VITA S.P.A.","GARANZIA","Obbligazionario Puro","2.14","0.56","-0.08","-0.47","0.41","2.91","1.54","1.22","1.05","Sì","50 euro","20 euro (fisso) + 1,00% (percentuale)","1,00% del patrimonio netto su base annua","Non previste","50 euro","Non previste","Non previste","Non previste","1,25% caricamento su rendita","95% ICE BofA 0-1 Year Euro Government Index, 5% MSCI EMU Index","0%","100%","4 gennaio 1999","Promuove caratteristiche ambientali o sociali (art. 8 SFDR)","2","https://www.fideuramvita.it/fondo-pensione-fideuram-fondo-pensione-aperto",""
"FPA","7","Fondo Pensione Aperto","FONDO PENSIONE FIDEURAM - FONDO PENSIONE APERTO","FIDEURAM VITA S.P.A.","MILLENIALS","Azionario","16.61","2.83","","","","3.7","2.34","2.02","1.85","Sì","50 euro","20 euro (fisso) + 1,80% (percentuale)","1,80% del patrimonio netto su base annua","Non previste","50 euro","Non previste","Non previste","Non previste","1,25% caricamento su rendita","100% MSCI World Growth 3% Issuer Capped 100% Hedged to EUR Index","95,67%","4,33%","2 novembre 2020","Promuove caratteristiche ambientali o sociali (art. 8 SFDR)","3","https://www.fideuramvita.it/fondo-pensione-fideuram-fondo-pensione-aperto",""
"FPA","8","Fondo Pensione Aperto","GENERALI GLOBAL - FONDO PENSIONE APERTO A CONTRIBUZIONE DEFINITA","GENERALI ITALIA S.P.A.","OBBLIGAZIONARIO","Obbligazionario Puro","1.75","-2.43","-0.97","","","2.44","1.4","1.13","0.98","Sì","A: € 60; B: € 20; C: € 10; D: Non previste","A: € 20; B: € 10; C: € 5; D: Non previste","A: 0,90%; B: 0,80%; C: 0,70%; D: 0,65% (annui sul patrimonio)","€ 20","€ 30","€ 20","€ 30","€ 30","caricamento 0,90% e trattenuto 1,20% rendimento","10% BofA ML US Treasury Master All Mats Total Return € HEDGED, 35% JPM EMU Investment Grade All Mats Total Return, 15% Bloomberg Barclays Euro Govt Inflation-Linked All Markets ex-Greece Total Return, 10% BofA ML US Emerging External Sovereign IG All Mats, Total Return € HEDGED, 20% Bloomberg Barclays Euro Aggregate Corporate Total Return, 10% ICE BofA ML Euro High Yield Total Return","0%","100%","01/01/2015","NO","2","https://www.generali.it/previdenza/previdenza/generali-global-fondo-pensione-aperto",""
"FPA","8","Fondo Pensione Aperto","GENERALI GLOBAL - FONDO PENSIONE APERTO A CONTRIBUZIONE DEFINITA","GENERALI ITALIA S.P.A.","MULTIASSET","Bilanciato","4.51","0.69","0.5","1.05","2.66","2.85","1.81","1.55","1.4","Sì","A: € 60; B: € 20; C: € 10; D: Non previste","A: € 20; B: € 10; C: € 5; D: Non previste","A: 1,30%; B: 1,00%; C: 0,85%; D: 0,75% (annui sul patrimonio)","€ 20","€ 30","€ 20","€ 30","€ 30","caricamento 0,90% e trattenuto 1,20% rendimento","","max 60%","non specificato esplicitamente, flessibile","16/09/2002","NO","3","https://www.generali.it/previdenza/previdenza/generali-global-fondo-pensione-aperto",""
"FPA","8","Fondo Pensione Aperto","GENERALI GLOBAL - FONDO PENSIONE APERTO A CONTRIBUZIONE DEFINITA","GENERALI ITALIA S.P.A.","AZIONARIO GLOBALE","Azionario","9.67","3.42","5.07","4.45","4.28","3.06","2.02","1.76","1.6","Sì","A: € 60; B: € 20; C: € 10; D: Non previste","A: € 20; B: € 10; C: € 5; D: Non previste","A: 1,50%; B: 1,30%; C: 1,20%; D: 0,90% (annui sul patrimonio)","€ 20","€ 30","€ 20","€ 30","€ 30","caricamento 0,90% e trattenuto 1,20% rendimento","50% MSCI Europe Total Return Index, 25% MSCI US Total Return Index, 25% MSCI Pacific Total Return Index","100%","0%","16/09/2002","NO","4","https://www.generali.it/previdenza/previdenza/generali-global-fondo-pensione-aperto",""
"FPA","8","Fondo Pensione Aperto","GENERALI GLOBAL - FONDO PENSIONE APERTO A CONTRIBUZIONE DEFINITA","GENERALI ITALIA S.P.A.","OBBLIGAZIONARIO BREVE TERMINE","Obbligazionario Puro","2.24","-0.14","-0.24","","","2.39","1.34","1.08","0.93","Sì","A: € 60; B: € 20; C: € 10; D: Non previste","A: € 20; B: € 10; C: € 5; D: Non previste","A: 0,85%; B: 0,70%; C: 0,65%; D: 0,60% (annui sul patrimonio)","€ 20","€ 30","€ 20","€ 30","€ 30","caricamento 0,90% e trattenuto 1,20% rendimento","70% JPM EGBI Investment Grade 1-5Y Total Return, 30% ICE BofA ML 1-5Y Euro Corporate Index Total Return","0%","100%","01/01/2019","NO","2","https://www.generali.it/previdenza/previdenza/generali-global-fondo-pensione-aperto",""
"FPA","8","Fondo Pensione Aperto","GENERALI GLOBAL - FONDO PENSIONE APERTO A CONTRIBUZIONE DEFINITA","GENERALI ITALIA S.P.A.","REAL RETURN","Obbligazionario Misto","2.99","0.45","0.53","","","2.49","1.45","1.18","1.03","Sì","A: € 60; B: € 20; C: € 10; D: Non previste","A: € 20; B: € 10; C: € 5; D: Non previste","A: 0,95%; B: 0,85%; C: 0,70%; D: 0,65% (annui sul patrimonio)","€ 20","€ 30","€ 20","€ 30","€ 30","caricamento 0,90% e trattenuto 1,20% rendimento","","max 30%","non specificato esplicitamente, flessibile","01/01/2019","NO","2","https://www.generali.it/previdenza/previdenza/generali-global-fondo-pensione-aperto",""
"FPA","78","Fondo Pensione Aperto","PROGRAMMA OPEN FONDO PENSIONE APERTO","GROUPAMA ASSICURAZIONI S.P.A.","NUOVO OBBLIGAZIONARIO ETICO","Obbligazionario Misto","2.51","","","","","3.26","1.76","1.38","1.16","Sì","50,00 Euro","30,00 Euro","1,10% su base annua","non previste","50,00 Euro","non previste","25,00 Euro","25,00 Euro","2% delle rate di rendita attese","Bloomberg Euro Aggregate Treasury (25%), Bloomberg Euro - Aggregate Treasury 1-3 Year TR (25%), Bloomberg Euro Aggregate Corporate (45%), MSCI EMU Net Total Return EUR (5%)","massimo 10%","prevalente, con duration tra 0 e 6 anni","01/01/2024","Promuove caratteristiche ambientali o sociali","3","https://www.groupama.it/previdenza-integrativa/programma-open/",""
"FPA","78","Fondo Pensione Aperto","PROGRAMMA OPEN FONDO PENSIONE APERTO","GROUPAMA ASSICURAZIONI S.P.A.","BILANCIATO ETICO","Bilanciato","6.35","-0.11","1.67","2.26","2.64","3.46","1.96","1.58","1.36","Sì","50,00 Euro","30,00 Euro","1,30% su base annua","non previste","50,00 Euro","non previste","25,00 Euro","25,00 Euro","2% delle rate di rendita attese","Bloomberg Euro Aggregate Treasury (50%), Bloomberg Euro Aggregate Corporate (20%), MSCI World Net Total Return EUR (20%), MSCI World 100% Hedged to EUR Net Total Return (10%)","massimo 40%","prevalente, duration media tra 0 e 10 anni","30/11/1999","Promuove caratteristiche ambientali o sociali","3","https://www.groupama.it/previdenza-integrativa/programma-open/",""
"FPA","78","Fondo Pensione Aperto","PROGRAMMA OPEN FONDO PENSIONE APERTO","GROUPAMA ASSICURAZIONI S.P.A.","PREVALENTEMENTE AZIONARIO ETICO","Azionario","8.44","1.58","3.62","3.79","3.66","3.66","2.17","1.78","1.56","Sì","50,00 Euro","30,00 Euro","1,50% su base annua","non previste","50,00 Euro","non previste","25,00 Euro","25,00 Euro","2% delle rate di rendita attese","Bloomberg Euro Aggregate Treasury (45%), MSCI World Net Total Return EUR (25%), MSCI World 100% Hedged to EUR Net Total Return (20%), MSCI EMU Net Total Return EUR (10%)","massimo 65%","residuale, duration media tra 0 e 11 anni","30/11/1999","Promuove caratteristiche ambientali o sociali","3","https://www.groupama.it/previdenza-integrativa/programma-open/",""
"FPA","111","Fondo Pensione Aperto","AZIONE DI PREVIDENZA - FONDO PENSIONE APERTO","HDI ASSICURAZIONI S.P.A.","PRUDENTE","Obbligazionario Puro","3.32","-0.49","-0.01","0.88","2.18","2.01","1.36","1.17","1.04","Sì","20 euro","1,00% annuo","1,00%","Non previste","15 euro","Non previste","15 euro","Non previste","1,25% della rendita annua, più rivalutazione con costo 1,00%","35% iBoxx EUR Corporates Net Zero 2050 Paris-Aligned ESG TRI, 55% J.P. Morgan ESG EMU Government Bond IG 3-5 Year, 10% Euribor 3 mesi","0%","100%","31/05/2002","SI, promuove CARATTERISTICHE AMBIENTALI O SOCIALI","2","https://www.hdiassicurazioni.it/it/privati/previdenza/fondo-pensione-aperto",""
"FPA","111","Fondo Pensione Aperto","AZIONE DI PREVIDENZA - FONDO PENSIONE APERTO","HDI ASSICURAZIONI S.P.A.","EQUILIBRATA","Bilanciato","4.79","0.24","1.78","2.67","3.48","2.41","1.76","1.57","1.44","Sì","20 euro","1,40% annuo","1,40%","Non previste","15 euro","Non previste","15 euro","Non previste","1,25% della rendita annua, più rivalutazione con costo 1,00%","15% iBoxx EUR Corporates Net Zero 2050 Paris-Aligned ESG TRI, 35% J.P. Morgan ESG EMU Government Bond IG 3-5 Year, 10% Dow Jones Sustainability World Composite Index, 10% Euribor 3 mesi, 30% EURO STOXX 50 ESG Price EUR","42%","58%","31/03/2002","SI, promuove CARATTERISTICHE AMBIENTALI O SOCIALI","3","https://www.hdiassicurazioni.it/it/privati/previdenza/fondo-pensione-aperto",""
"FPA","111","Fondo Pensione Aperto","AZIONE DI PREVIDENZA - FONDO PENSIONE APERTO","HDI ASSICURAZIONI S.P.A.","DINAMICA","Azionario","6.52","1.67","4.3","5.12","3.73","2.81","2.16","1.97","1.84","Sì","20 euro","1,80% annuo","1,80%","Non previste","15 euro","Non previste","15 euro","Non previste","1,25% della rendita annua, più rivalutazione con costo 1,00%","20% MIB ESG, 20% Dow Jones Sustainability World Composite Index, 50% EURO STOXX 50 ESG Price EUR, 10% Euribor 3 mesi","86%","14%","31/05/2002","SI, promuove CARATTERISTICHE AMBIENTALI O SOCIALI","4","https://www.hdiassicurazioni.it/it/privati/previdenza/fondo-pensione-aperto",""
"FPA","111","Fondo Pensione Aperto","AZIONE DI PREVIDENZA - FONDO PENSIONE APERTO","HDI ASSICURAZIONI S.P.A.","GARANTITA","Obbligazionario Puro","3.44","-0.46","0.37","1.23","","1.71","1.06","0.86","0.74","Sì","20 euro","0,70% annuo","0,70%","Non previste","15 euro","Non previste","15 euro","Non previste","1,25% della rendita annua, più rivalutazione con costo 1,00%","30% iBoxx EUR Corporates Net Zero 2050 Paris-Aligned ESG TRI, 50% J.P. Morgan ESG EMU Government Bond IG 3-5 Year, 10% Euribor 3 mesi, 10% EURO STOXX 50 ESG Price EUR","4%","96%","16/07/2007","SI, promuove CARATTERISTICHE AMBIENTALI O SOCIALI","3","https://www.hdiassicurazioni.it/it/privati/previdenza/fondo-pensione-aperto",""
"FPA","155","Fondo Pensione Aperto","FONDO PENSIONE APERTO SOLUZIONE PREVIDENTE","HELVETIA VITA S.P.A. - COMPAGNIA ITALO SVIZZERA D'ASSICURAZIONI SULLA VITA","LINEA 1 GARANTITA","Obbligazionario Misto","2.35","-0.41","-0.38","-0.37","","2.06","1.36","1.18","1.07","Sì","20 Euro (una tantum all'atto dell'adesione)","1,00% (Standard), 0,85% (Fascia A), 0,65% (Fascia B)","1,00% (Standard), 0,85% (Fascia A), 0,65% (Fascia B)","0 Euro","25 Euro","0 Euro","0 Euro","0 Euro","1,25% della rendita annua (caricamento) + 1,20% rendimento trattenuto","ICE BofA 3-5 Year Euro Government (100%)","0,00%","96,77%","02/01/2007","NO, non ne tiene conto","2","https://www.helvetia.com/it/web/it/prodotti-e-servizi/prodotti-dedicati-alla-previdenza-complementare/previdenza_complementare/fpa-soluzione-previdente.html",""
"FPA","155","Fondo Pensione Aperto","FONDO PENSIONE APERTO SOLUZIONE PREVIDENTE","HELVETIA VITA S.P.A. - COMPAGNIA ITALO SVIZZERA D'ASSICURAZIONI SULLA VITA","LINEA 2 PRUDENTE","Bilanciato","4.3","-1.29","-0.3","0.5","","2.37","1.67","1.49","1.38","Sì","20 Euro (una tantum all'atto dell'adesione)","1,30% (Standard), 1,10% (Fascia A), 0,80% (Fascia B)","1,30% (Standard), 1,10% (Fascia A), 0,80% (Fascia B)","0 Euro","25 Euro","0 Euro","0 Euro","0 Euro","1,25% della rendita annua (caricamento) + 1,20% rendimento trattenuto","ICE BofA 5-10 Year Euro Government Index (85%), MSCI WORLD Net Total Return EUR Index (15%)","15,54%","81,54%","02/01/2007","NO, non ne tiene conto","2","https://www.helvetia.com/it/web/it/prodotti-e-servizi/prodotti-dedicati-alla-previdenza-complementare/previdenza_complementare/fpa-soluzione-previdente.html",""
"FPA","155","Fondo Pensione Aperto","FONDO PENSIONE APERTO SOLUZIONE PREVIDENTE","HELVETIA VITA S.P.A. - COMPAGNIA ITALO SVIZZERA D'ASSICURAZIONI SULLA VITA","LINEA 3 EQUILIBRATA","Bilanciato","6.46","-0.05","1.18","1.72","","2.57","1.88","1.7","1.59","Sì","20 Euro (una tantum all'atto dell'adesione)","1,50% (Standard), 1,30% (Fascia A), 0,95% (Fascia B)","1,50% (Standard), 1,30% (Fascia A), 0,95% (Fascia B)","0 Euro","25 Euro","0 Euro","0 Euro","0 Euro","1,25% della rendita annua (caricamento) + 1,20% rendimento trattenuto","ICE BofA 5-10 Year Euro Government Index (65%), MSCI WORLD Net Total Return EUR Index (30%), MSCI EMU NET TOTAL RETURN EUR (5%)","34,50%","60,76%","02/01/2007","SI, promuove CARATTERISTICHE AMBIENTALI O SOCIALI","3","https://www.helvetia.com/it/web/it/prodotti-e-servizi/prodotti-dedicati-alla-previdenza-complementare/previdenza_complementare/fpa-soluzione-previdente.html",""
"FPA","155","Fondo Pensione Aperto","FONDO PENSIONE APERTO SOLUZIONE PREVIDENTE","HELVETIA VITA S.P.A. - COMPAGNIA ITALO SVIZZERA D'ASSICURAZIONI SULLA VITA","LINEA 4 DINAMICA","Azionario","9.16","","","","","2.89","2.19","2.01","1.9","Sì","20 Euro (una tantum all'atto dell'adesione)","1,80% (Standard), 1,60% (Fascia A), 1,20% (Fascia B)","1,80% (Standard), 1,60% (Fascia A), 1,20% (Fascia B)","0 Euro","25 Euro","0 Euro","0 Euro","0 Euro","1,25% della rendita annua (caricamento) + 1,20% rendimento trattenuto","MSCI EMU NET TOTAL RETURN EUR (60%), MSCI WORLD Net Total Return EUR Index (30%), ICE BofA 1-3 Year Euro Government Index (10%)","90,08%","6,51%","31/03/2023","SI, promuove CARATTERISTICHE AMBIENTALI O SOCIALI","5","https://www.helvetia.com/it/web/it/prodotti-e-servizi/prodotti-dedicati-alla-previdenza-complementare/previdenza_complementare/fpa-soluzione-previdente.html",""
"FPA","10","Fondo Pensione Aperto","PREVID-SYSTEM - FONDO PENSIONE APERTO","INTESA SANPAOLO ASSICURAZIONI S.P.A.","TFR+","Bilanciato","3.08","0.27","0.51","0.23","1.19","1.66","1.09","0.93","0.84","Sì","€ 15,00","€ 13,94","0,80% dal patrimonio su base annua. Commissione di incentivo: 20% della differenza fra rendimento del Comparto e benchmark (max 80% della commissione ordinaria).","€ 20,00","€ 20,00","€ 20,00","Non specificato","Non specificato","€ 20,00 per RITA, € 2,00 su ciascuna rata di rendita. Caricamento per spese pagamento rendita 1,25%.","70% JP Morgan EMU Cash 3 mesi, 20% JP Morgan EMU Bond 3-5 anni e 10% Stoxx Europe 600","0% - 40%","Titoli di debito 89,02%","06/12/1999","Non adotta politica di investimento che promuove caratteristiche ambientali/sociali o obiettivi sostenibili (Articolo 6 SFDR).","2","https://www.intesasanpaoloassicurazioni.com/prodotti-e-rendimenti/pensione-integrativa/fondo-pensione-aperto-previdsystem",""
"FPA","10","Fondo Pensione Aperto","PREVID-SYSTEM - FONDO PENSIONE APERTO","INTESA SANPAOLO ASSICURAZIONI S.P.A.","CRESCITA PRUDENTE","Obbligazionario Misto","2.36","-0.87","-0.4","0.28","1.47","1.66","1.09","0.93","0.84","Sì","€ 15,00","€ 13,94","0,80% dal patrimonio su base annua. Commissione di incentivo: 20% della differenza fra rendimento del Comparto e benchmark (max 80% della commissione ordinaria).","€ 20,00","€ 20,00","€ 20,00","Non specificato","Non specificato","€ 20,00 per RITA, € 2,00 su ciascuna rata di rendita. Caricamento per spese pagamento rendita 1,25%.","45% JP Morgan EMU Cash 3 mesi, 30% JP Morgan EMU Gov. Bond Traded, 20% JP Morgan GBI Broad Traded e 5% MSCI All Country Europe","0% - 10%","Titoli di debito 91,91%","06/12/1999","Non adotta politica di investimento che promuove caratteristiche ambientali/sociali o obiettivi sostenibili (Articolo 6 SFDR).","2","https://www.intesasanpaoloassicurazioni.com/prodotti-e-rendimenti/pensione-integrativa/fondo-pensione-aperto-previdsystem",""
"FPA","10","Fondo Pensione Aperto","PREVID-SYSTEM - FONDO PENSIONE APERTO","INTESA SANPAOLO ASSICURAZIONI S.P.A.","CRESCITA DINAMICA","Obbligazionario Misto","2.94","-0.93","0.14","0.84","1.94","1.76","1.19","1.03","0.94","Sì","€ 15,00","€ 13,94","0,90% dal patrimonio su base annua. Commissione di incentivo: 20% della differenza fra rendimento del Comparto e benchmark (max 80% della commissione ordinaria).","€ 20,00","€ 20,00","€ 20,00","Non specificato","Non specificato","€ 20,00 per RITA, € 2,00 su ciascuna rata di rendita. Caricamento per spese pagamento rendita 1,25%.","30% JP Morgan EMU Cash 3 mesi, 35% JP Morgan EMU Gov. Bond Traded, 20% JP Morgan GBI Broad Traded Eur Hedged, 10% MSCI All Country Europe e 5% MSCI All Country World Free","0% - 20%","Titoli di debito 80,28%","06/12/1999","Non adotta politica di investimento che promuove caratteristiche ambientali/sociali o obiettivi sostenibili (Articolo 6 SFDR).","2","https://www.intesasanpaoloassicurazioni.com/prodotti-e-rendimenti/pensione-integrativa/fondo-pensione-aperto-previdsystem",""
"FPA","10","Fondo Pensione Aperto","PREVID-SYSTEM - FONDO PENSIONE APERTO","INTESA SANPAOLO ASSICURAZIONI S.P.A.","ACCUMULAZIONE BILANCIATA","Bilanciato","6.9","0.88","2.91","3","3.47","1.91","1.34","1.18","1.09","Sì","€ 15,00","€ 13,94","1,05% dal patrimonio su base annua. Commissione di incentivo: 20% della differenza fra rendimento del Comparto e benchmark (max 80% della commissione ordinaria).","€ 20,00","€ 20,00","€ 20,00","Non specificato","Non specificato","€ 20,00 per RITA, € 2,00 su ciascuna rata di rendita. Caricamento per spese pagamento rendita 1,25%.","10% JP Morgan EMU Cash 3 mesi, 20% JP Morgan EMU Gov. Bond Traded, 20% GBI Broad Traded Eur Hedged, 20% MSCI All Country Europe, 10% MSCI All Country World Free e 20% MSCI All Country World Eur Hedged","30% - 60%","Titoli di debito 43,85%","06/12/1999","Non adotta politica di investimento che promuove caratteristiche ambientali/sociali o obiettivi sostenibili (Articolo 6 SFDR).","3","https://www.intesasanpaoloassicurazioni.com/prodotti-e-rendimenti/pensione-integrativa/fondo-pensione-aperto-previdsystem",""
"FPA","10","Fondo Pensione Aperto","PREVID-SYSTEM - FONDO PENSIONE APERTO","INTESA SANPAOLO ASSICURAZIONI S.P.A.","RIVALUTAZIONE AZIONARIA","Azionario","11.71","2.94","5.73","5.03","4.69","2.21","1.64","1.48","1.39","Sì","€ 15,00","€ 13,94","1,35% dal patrimonio su base annua. Commissione di incentivo: 20% della differenza fra rendimento del Comparto e benchmark (max 80% della commissione ordinaria).","€ 20,00","€ 20,00","€ 20,00","Non specificato","Non specificato","€ 20,00 per RITA, € 2,00 su ciascuna rata di rendita. Caricamento per spese pagamento rendita 1,25%.","5% JP Morgan EMU Cash 3 mesi, 5% JP Morgan EMU Gov. Bond Traded, 5% JP Morgan GBI Broad Traded Eur Hedged, 20% MSCI All Country Europe, 10% MSCI All Country World Free e 55% MSCI All Country World Eur Hedged","50% - 100%","Titoli di debito 8,66%","06/12/1999","Non adotta politica di investimento che promuove caratteristiche ambientali/sociali o obiettivi sostenibili (Articolo 6 SFDR).","4","https://www.intesasanpaoloassicurazioni.com/prodotti-e-rendimenti/pensione-integrativa/fondo-pensione-aperto-previdsystem",""
"FPA","70","Fondo Pensione Aperto","FONDO PENSIONE APERTO GIUSTINIANO","INTESA SANPAOLO ASSICURAZIONI S.P.A.","MONETARIA","Obbligazionario Puro","2.47","0.29","0.01","-0.08","1.02","1.55","0.94","0.76","0.64","Sì","13,00 euro","0,57% (indiretto) + 18,59 euro (diretto)","0,57%","20,00 euro","20,00 euro","20,00 euro","","","20,00 euro (RITA)","100% JP Morgan EMU Bond 1-3 anni","0,00%","99,77%","06/12/1999","NO","2","https://www.intesasanpaoloassicurazioni.com/prodotti-e-rendimenti/pensione-integrativa/fondo-pensione-aperto-giustiniano",""
"FPA","70","Fondo Pensione Aperto","FONDO PENSIONE APERTO GIUSTINIANO","INTESA SANPAOLO ASSICURAZIONI S.P.A.","TFR+","Bilanciato","3.04","0.41","0.63","0.33","1.39","1.64","1.03","0.85","0.73","Sì","13,00 euro","0,66% (indiretto) + 18,59 euro (diretto)","0,66%","20,00 euro","20,00 euro","20,00 euro","","","20,00 euro (RITA)","70% JP Morgan EMU Cash 3 mesi, 20% JP Morgan EMU Bond 3-5 anni e 10% Stoxx Europe 600","6,02%","89,46%","06/12/1999","NO","2","https://www.intesasanpaoloassicurazioni.com/prodotti-e-rendimenti/pensione-integrativa/fondo-pensione-aperto-giustiniano",""
"FPA","70","Fondo Pensione Aperto","FONDO PENSIONE APERTO GIUSTINIANO","INTESA SANPAOLO ASSICURAZIONI S.P.A.","BILANCIATA","Bilanciato","9.09","0.8","3.2","3.49","4.05","2.03","1.42","1.24","1.12","Sì","13,00 euro","1,05% (indiretto) + 18,59 euro (diretto)","1,05%","20,00 euro","20,00 euro","20,00 euro","","","20,00 euro (RITA)","50% JP Morgan EMU Government Bond Traded, 30% MSCI All Country World Eur Hedged e 20% MSCI All Country World Free","54,25%","44,48%","06/12/1999","SÌ, promuove caratteristiche ambientali o sociali","3","https://www.intesasanpaoloassicurazioni.com/prodotti-e-rendimenti/pensione-integrativa/fondo-pensione-aperto-giustiniano",""
"FPA","70","Fondo Pensione Aperto","FONDO PENSIONE APERTO GIUSTINIANO","INTESA SANPAOLO ASSICURAZIONI S.P.A.","AZIONARIA","Azionario","13.76","3.24","6.33","5.62","5.37","2.33","1.72","1.54","1.42","Sì","13,00 euro","1,35% (indiretto) + 18,59 euro (diretto)","1,35%","20,00 euro","20,00 euro","20,00 euro","","","20,00 euro (RITA)","15% JP Morgan EMU Government Bond Traded, 65% MSCI All Country World Eur Hedged e 20% MSCI All Country World Free","87,45%","10,45%","06/12/1999","SÌ, promuove caratteristiche ambientali o sociali","4","https://www.intesasanpaoloassicurazioni.com/prodotti-e-rendimenti/pensione-integrativa/fondo-pensione-aperto-giustiniano",""
"FPA","70","Fondo Pensione Aperto","FONDO PENSIONE APERTO GIUSTINIANO","INTESA SANPAOLO ASSICURAZIONI S.P.A.","OBBLIGAZIONARIA","Obbligazionario Puro","1.22","-3.6","-2","-0.18","","1.64","1.03","0.85","0.73","Sì","13,00 euro","0,66% (indiretto) + 18,59 euro (diretto)","0,66%","20,00 euro","20,00 euro","20,00 euro","","","20,00 euro (RITA)","100% JP Morgan EMU Government Bond Traded","0,00%","99,76%","06/12/1999","NO","2","https://www.intesasanpaoloassicurazioni.com/prodotti-e-rendimenti/pensione-integrativa/fondo-pensione-aperto-giustiniano",""
"FPA","84","Fondo Pensione Aperto","FONDO PENSIONE APERTO IL MIO DOMANI","INTESA SANPAOLO ASSICURAZIONI S.P.A.","LINEA BREVE TERMINE","Obbligazionario Misto","2.5637671680837304","0.7661728240243137","0.40926244527135225","0.007655307411713608","","2.94","1.71","1.3","1.01","Sì","Non previste","0,90% dal patrimonio su base annua","0,90% dal patrimonio su base annua + eventuale commissione di incentivo","","€ 50,00","€ 50,00","","","1,25% caricamento + commissione di gestione componente fissa 1,20% più variabile","Indice Bloomberg Euro Treasury Bills Index maggiorato dello 0,25% annuo","0% - 10%","99,23% (Titoli di debito)","06/12/1999","NO","2","https://www.intesasanpaoloassicurazioni.com/prodotti-e-rendimenti/pensione-integrativa/fondo-pensione-aperto-il-mio-domani",""
"FPA","84","Fondo Pensione Aperto","FONDO PENSIONE APERTO IL MIO DOMANI","INTESA SANPAOLO ASSICURAZIONI S.P.A.","LINEA TFR","Bilanciato","2.926916861195905","0.20632260298765193","0.3942458290684847","0.015132382075955242","","3.04","1.81","1.4","1.11","Sì","Non previste","1,00% dal patrimonio su base annua","1,00% dal patrimonio su base annua + eventuale commissione di incentivo","","€ 50,00","€ 50,00","","","1,25% caricamento + commissione di gestione componente fissa 1,20% più variabile","rivalutazione del TFR","0% - 40%","89,28% (Titoli di debito)","06/12/1999","NO","2","https://www.intesasanpaoloassicurazioni.com/prodotti-e-rendimenti/pensione-integrativa/fondo-pensione-aperto-il-mio-domani",""
"FPA","84","Fondo Pensione Aperto","FONDO PENSIONE APERTO IL MIO DOMANI","INTESA SANPAOLO ASSICURAZIONI S.P.A.","LINEA MEDIO TERMINE","Bilanciato","5.59894193223327","1.1762193473623839","1.728665860837375","1.5306637029532721","","3.24","2.01","1.6","1.31","Sì","Non previste","1,20% dal patrimonio su base annua","1,20% dal patrimonio su base annua + eventuale commissione di incentivo","","€ 50,00","€ 50,00","","","1,25% caricamento + commissione di gestione componente fissa 1,20% più variabile","Indice Bloomberg Euro Treasury Bills Index maggiorato dell’1,75% annuo","0% - 75%","67,76% (Titoli di debito)","06/12/1999","NO","3","https://www.intesasanpaoloassicurazioni.com/prodotti-e-rendimenti/pensione-integrativa/fondo-pensione-aperto-il-mio-domani",""
"FPA","84","Fondo Pensione Aperto","FONDO PENSIONE APERTO IL MIO DOMANI","INTESA SANPAOLO ASSICURAZIONI S.P.A.","LINEA LUNGO TERMINE","Bilanciato","8.688107357704755","2.7308904756455865","3.9341459823853064","3.3723436021593","","3.44","2.21","1.8","1.51","Sì","Non previste","1,40% dal patrimonio su base annua","1,40% dal patrimonio su base annua + eventuale commissione di incentivo","","€ 50,00","€ 50,00","","","1,25% caricamento + commissione di gestione componente fissa 1,20% più variabile","Indice Bloomberg Euro Treasury Bills Index maggiorato del 4,25% annuo","0% - 100%","48,36% (Titoli di debito)","06/12/1999","NO","3","https://www.intesasanpaoloassicurazioni.com/prodotti-e-rendimenti/pensione-integrativa/fondo-pensione-aperto-il-mio-domani",""
"FPA","84","Fondo Pensione Aperto","FONDO PENSIONE APERTO IL MIO DOMANI","INTESA SANPAOLO ASSICURAZIONI S.P.A.","LINEA BREVE TERMINE ESG","Obbligazionario Misto","2.864417568427746","-1.4295308853179978","-0.5458154716131647","","","2.94","1.71","1.3","1.01","Sì","Non previste","0,90% dal patrimonio su base annua","0,90% dal patrimonio su base annua + eventuale commissione di incentivo","","€ 50,00","€ 50,00","","","1,25% caricamento + commissione di gestione componente fissa 1,20% più variabile","50% Bloomberg Barclays MSCI Euro Tsy 1-3 years ESG Weighted Customized TR Unhedged EUR, 30% Bloomberg MSCI Global Treasury Custom Country Exclusions Sustainability Index, 10% Bloomberg MSCI Euro Corporate Sustainability and SRI Select Index, 5% MSCI Europe Selection 100% Hedged to EUR (net total return) Index (ex MSCI Europe ESG Leaders 100% Hedged to EUR), 5% MSCI World ex Europe Selection 100% Hedged to EUR (net total return) Index (ex MSCI World ex Europe ESG Leaders 100% Hedged to EUR)","0% - 15%","87,50% (Titoli di debito)","19/10/2019","SÌ","2","https://www.intesasanpaoloassicurazioni.com/prodotti-e-rendimenti/pensione-integrativa/fondo-pensione-aperto-il-mio-domani",""
"FPA","84","Fondo Pensione Aperto","FONDO PENSIONE APERTO IL MIO DOMANI","INTESA SANPAOLO ASSICURAZIONI S.P.A.","LINEA MEDIO TERMINE ESG","Bilanciato","5.949454223620787","-0.1603654142478872","1.4656843252627283","","","3.24","2.01","1.6","1.31","Sì","Non previste","1,20% dal patrimonio su base annua","1,20% dal patrimonio su base annua + eventuale commissione di incentivo","","€ 50,00","€ 50,00","","","1,25% caricamento + commissione di gestione componente fissa 1,20% più variabile","20% Bloomberg Barclays MSCI Euro Tsy 1-3 years ESG Weighted Customized TR Unhedged EUR, 15% Bloomberg MSCI Global Treasury Custom Country Exclusions Sustainability Index, 20% Bloomberg MSCI Euro Corporate Sustainability and SRI Select Index, 20% MSCI Europe Selection 100% Hedged to EUR (net total return) Index (ex MSCI Europe ESG Leaders 100% Hedged to EUR), 25% MSCI World ex Europe Selection 100% Hedged to EUR (net total return) Index (ex MSCI World ex Europe ESG Leaders 100% Hedged to EUR)","30% - 55%","51,64% (Titoli di debito)","19/10/2019","SÌ","3","https://www.intesasanpaoloassicurazioni.com/prodotti-e-rendimenti/pensione-integrativa/fondo-pensione-aperto-il-mio-domani",""
"FPA","84","Fondo Pensione Aperto","FONDO PENSIONE APERTO IL MIO DOMANI","INTESA SANPAOLO ASSICURAZIONI S.P.A.","LINEA LUNGO TERMINE ESG","Azionario","8.004090359765748","0.7987279400166303","2.78914841703628","","","3.44","2.21","1.8","1.51","Sì","Non previste","1,40% dal patrimonio su base annua","1,40% dal patrimonio su base annua + eventuale commissione di incentivo","","€ 50,00","€ 50,00","","","1,25% caricamento + commissione di gestione componente fissa 1,20% più variabile","10% Bloomberg Barclays MSCI Euro Tsy 1-3 years ESG Weighted Customized TR Unhedged EUR, 10% Bloomberg MSCI Global Treasury Custom Country Exclusions Sustainability Index, 10% Bloomberg MSCI Euro Corporate Sustainability and SRI Select Index, 30% MSCI Europe Selection 100% Hedged to EUR (net total return) Index (ex MSCI Europe ESG Leaders 100% Hedged to EUR), 40% MSCI World ex Europe Selection 100% Hedged to EUR (net total return) Index (ex MSCI World ex Europe ESG Leaders 100% Hedged to EUR)","50% - 85%","25,16% (Titoli di debito)","19/10/2019","SÌ","3","https://www.intesasanpaoloassicurazioni.com/prodotti-e-rendimenti/pensione-integrativa/fondo-pensione-aperto-il-mio-domani",""
"FPA","153","Fondo Pensione Aperto","FONDO PENSIONE APERTO UBI PREVIDENZA","INTESA SANPAOLO ASSICURAZIONI S.P.A.","CAPITALE SICURO","Obbligazionario Misto","2.99","-0.09","0.11","0.11","","1.46","0.93","0.81","0.73","Sì","12,50 euro","0,69% dal patrimonio su base annua (spesa indiretta)","0,69% dal patrimonio su base annua (spesa indiretta)","Non previste","25,00 euro","Non previste","Non previste","Non previste","5,00 euro per ogni rata erogata","5% MSCI World Equity (Eur Hdg), 65% BofA ML 1-5Y Euro Government Bond, 30% BofA ML 1-3Y Euro Large Cap Corporate Bond","6,55%","93,40%","30/04/2008","Non adotta una politica di investimento che promuove caratteristiche ambientali o sociali o ha come obiettivo investimenti sostenibili.","2","https://www.intesasanpaoloassicurazioni.com/prodotti-e-rendimenti/pensione-integrativa/fondo-pensione-aperto-ubi-previdenza",""
"FPA","153","Fondo Pensione Aperto","FONDO PENSIONE APERTO UBI PREVIDENZA","INTESA SANPAOLO ASSICURAZIONI S.P.A.","GARANTITO","Obbligazionario Puro","1.95","-0.54","-0.68","-0.53","","1.77","1.24","1.12","1.04","Sì","12,50 euro","0,99% dal patrimonio su base annua (spesa indiretta)","0,99% dal patrimonio su base annua (spesa indiretta)","Non previste","25,00 euro","Non previste","Non previste","Non previste","5,00 euro per ogni rata erogata","80% BofA ML 1-5Y Euro Government Bond, 20% BofA ML 1-3Y Euro Corporate Bond","0,00%","99,94%","28/02/2007","Non adotta una politica di investimento che promuove caratteristiche ambientali o sociali o ha come obiettivo investimenti sostenibili.","2","https://www.intesasanpaoloassicurazioni.com/prodotti-e-rendimenti/pensione-integrativa/fondo-pensione-aperto-ubi-previdenza",""
"FPA","153","Fondo Pensione Aperto","FONDO PENSIONE APERTO UBI PREVIDENZA","INTESA SANPAOLO ASSICURAZIONI S.P.A.","PRUDENTE","Obbligazionario Misto","2.78","-1.14","-0.31","0.47","","1.49","0.97","0.84","0.77","Sì","12,50 euro","0,72% dal patrimonio su base annua (spesa indiretta, Classe I)","0,72% dal patrimonio su base annua (spesa indiretta, Classe I)","Non previste","25,00 euro","Non previste","Non previste","Non previste","5,00 euro per ogni rata erogata","45% BofA ML Euro Large Cap Bond, 30% BofA ML Euro Cash, 10% BofA ML Global Government ex Euro Bond (Euro Hdg), 5% MSCI AC World Equity ex Euro, 5% BofA ML Global Government ex Euro Bond, 5% DJ Euro Stoxx Equity","12,91%","86,63%","28/02/2007","Non adotta una politica di investimento che promuove caratteristiche ambientali o sociali o ha come obiettivo investimenti sostenibili.","2","https://www.intesasanpaoloassicurazioni.com/prodotti-e-rendimenti/pensione-integrativa/fondo-pensione-aperto-ubi-previdenza",""
"FPA","153","Fondo Pensione Aperto","FONDO PENSIONE APERTO UBI PREVIDENZA","INTESA SANPAOLO ASSICURAZIONI S.P.A.","MODERATO","Bilanciato","4.21","-0.31","0.8","1.44","","1.68","1.15","1.02","0.95","Sì","12,50 euro","0,90% dal patrimonio su base annua (spesa indiretta, Classe I)","0,90% dal patrimonio su base annua (spesa indiretta, Classe I)","Non previste","25,00 euro","Non previste","Non previste","Non previste","5,00 euro per ogni rata erogata","35% BofA ML 1-5Y Euro Large Cap Bond, 20% BofA ML 1-3Y Euro Cash, 20% BofA ML Global Government ex Euro Bond, 15% DJ Euro Stoxx Equity, 10% MSCI AC World Equity ex Euro","28,35%","71,17%","28/02/2007","Non adotta una politica di investimento che promuove caratteristiche ambientali o sociali o ha come obiettivo investimenti sostenibili.","3","https://www.intesasanpaoloassicurazioni.com/prodotti-e-rendimenti/pensione-integrativa/fondo-pensione-aperto-ubi-previdenza",""
"FPA","153","Fondo Pensione Aperto","FONDO PENSIONE APERTO UBI PREVIDENZA","INTESA SANPAOLO ASSICURAZIONI S.P.A.","DINAMICO","Bilanciato","5.92","1.06","2.7","2.85","","1.99","1.46","1.33","1.26","Sì","12,50 euro","1,20% dal patrimonio su base annua (spesa indiretta, Classe I)","1,20% dal patrimonio su base annua (spesa indiretta, Classe I)","Non previste","25,00 euro","Non previste","Non previste","Non previste","5,00 euro per ogni rata erogata","35% DJ Euro Stoxx Equity, 28% BofA ML Euro Large Cap Bond, 15% MSCI AC World Equity ex Euro, 12% BofA ML Global Government ex Euro Bond, 10% BofA ML Euro Cash","53,78%","45,76%","28/02/2007","Non adotta una politica di investimento che promuove caratteristiche ambientali o sociali o ha come obiettivo investimenti sostenibili.","3","https://www.intesasanpaoloassicurazioni.com/prodotti-e-rendimenti/pensione-integrativa/fondo-pensione-aperto-ubi-previdenza",""
"FPA","153","Fondo Pensione Aperto","FONDO PENSIONE APERTO UBI PREVIDENZA","INTESA SANPAOLO ASSICURAZIONI S.P.A.","AGGRESSIVO","Bilanciato","8.54","2.84","4.62","4.16","","2.23","1.71","1.58","1.51","Sì","12,50 euro","1,44% dal patrimonio su base annua (spesa indiretta, Classe I)","1,44% dal patrimonio su base annua (spesa indiretta, Classe I)","Non previste","25,00 euro","Non previste","Non previste","Non previste","5,00 euro per ogni rata erogata","50% DJ Euro Stoxx Equity, 25% BofA ML Euro Large Cap Bond, 25% MSCI AC World Equity ex Euro","78,27%","21,58%","28/02/2007","Non adotta una politica di investimento che promuove caratteristiche ambientali o sociali o ha come obiettivo investimenti sostenibili.","4","https://www.intesasanpaoloassicurazioni.com/prodotti-e-rendimenti/pensione-integrativa/fondo-pensione-aperto-ubi-previdenza",""
"FPA","160","Fondo Pensione Aperto","BAP PENSIONE 2007 FONDO PENSIONE APERTO","INTESA SANPAOLO ASSICURAZIONI S.P.A.","TFR","Obbligazionario Misto","1.59","-1.33","-0.61","-0.41","","2.06","1.41","1.29","1.25","Sì","Non specificati","1,06% (commissioni di gestione finanziaria 2025)","1,06%","Non specificato","Non specificato","Non specificato","Non specificato","Non specificato","Non specificato","45% BofA ML Euro Treasury Bill, 45% JPM GBI EMU, 10% MSCI EMU","11,08%","88,78%","13/06/2007","Il Comparto non adotta una politica di investimento che promuove caratteristiche ambientali o sociali o ha come obiettivo investimenti sostenibili.","2","https://www.intesasanpaoloassicurazioni.com/prodotti-e-rendimenti/pensione-integrativa/bappensione-2007",""
"FPA","160","Fondo Pensione Aperto","BAP PENSIONE 2007 FONDO PENSIONE APERTO","INTESA SANPAOLO ASSICURAZIONI S.P.A.","EQUILIBRIO","Bilanciato","4.02","0.01","1.13","0.93","","2.37","1.72","1.6","1.56","Sì","Non specificati","1,30% (commissioni di gestione finanziaria 2025)","1,30%","Non specificato","Non specificato","Non specificato","Non specificato","Non specificato","Non specificato","33% BofA ML Euro Treasury Bill, 35% JPM GBI EMU, 22% MSCI EMU, 10% MSCI World ex EMU USD","35,02%","64,31%","13/06/2007","Il Comparto non adotta una politica di investimento che promuove caratteristiche ambientali o sociali o ha come obiettivo investimenti sostenibili.","2","https://www.intesasanpaoloassicurazioni.com/prodotti-e-rendimenti/pensione-integrativa/bappensione-2007",""
"FPA","160","Fondo Pensione Aperto","BAP PENSIONE 2007 FONDO PENSIONE APERTO","INTESA SANPAOLO ASSICURAZIONI S.P.A.","INVESTIMENTO","Azionario","7.36","1.82","3.94","3.1","","2.63","1.98","1.86","1.82","Sì","Non specificati","1,28% (commissioni di gestione finanziaria 2025)","1,28%","Non specificato","Non specificato","Non specificato","Non specificato","Non specificato","Non specificato","10% BofA ML Euro Treasury Bill, 20% JPM GBI EMU, 50% MSCI EMU, 20% MSCI World ex EMU USD","74,01%","25,80%","13/06/2007","Il Comparto non adotta una politica di investimento che promuove caratteristiche ambientali o sociali o ha come obiettivo investimenti sostenibili.","3","https://www.intesasanpaoloassicurazioni.com/prodotti-e-rendimenti/pensione-integrativa/bappensione-2007",""
"FPA","40","Fondo Pensione Aperto","PLURIFONDS IL FONDO PENSIONE DI ITAS VITA","ITAS VITA S.P.A.","ACTIVITAS","Azionario","8.04","2.55","4.33","3.97","3.58","2.34","1.84","1.69","1.59","Sì","25,82 euro","15,49 euro","1,50% del patrimonio su base annua","Non previste","Non previste","Non previste","Non previste","","1,25% calcolato sull’annualità della rendita","5% ICE BofAML 0-1 Year Euro Government; 20% ICE BofAML Euro Government; 5% ICE BofAML Euro corporate; 40% MSCI EMU; 30% MSCI World ex EMU","66,40%","31,47%","15/12/1999","Promuove caratteristiche ambientali o sociali","3","https://www.gruppoitas.it/prodotti/fondo-pensione-plurifonds",""
"FPA","40","Fondo Pensione Aperto","PLURIFONDS IL FONDO PENSIONE DI ITAS VITA","ITAS VITA S.P.A.","SOLIDITAS","Bilanciato","6.34","1.46","2.93","2.99","3.14","1.98","1.48","1.33","1.23","Sì","25,82 euro","15,49 euro","1,15% del patrimonio su base annua","Non previste","Non previste","Non previste","Non previste","","1,25% calcolato sull’annualità della rendita","5% ICE BofAML 0-1 Year Euro Government; 30% ICE BofAML Euro Government; 5% ICE BofAML Global Government Ex-Euro in Euro; 10% ICE BofAML Euro Corporate; 30% MSCI EMU; 20% MSCI WORLD ex EMU","47,79%","48,82%","15/06/2001","Promuove caratteristiche ambientali o sociali","3","https://www.gruppoitas.it/prodotti/fondo-pensione-plurifonds",""
"FPA","40","Fondo Pensione Aperto","PLURIFONDS IL FONDO PENSIONE DI ITAS VITA","ITAS VITA S.P.A.","AEQUITAS","Bilanciato","2.55","-1.05","0.83","1.64","","2.01","1.44","1.26","1.13","Sì","25,82 euro","20,49 euro","1,05% del patrimonio su base annua","Non previste","Non previste","Non previste","Non previste","","1,25% calcolato sull’annualità della rendita","5% ICE BofAML 0-1 Year Euro Government; 45% ICE BofAML Euro Government; 5% ICE BofAML Global Government Ex-Euro in Euro; 15% ICE BofAML Euro Corporate; 15% MSCI EMU; 15% MSCI World ex EMU","28,22%","69,11%","30/04/2007","Promuove caratteristiche ambientali o sociali","3","https://www.gruppoitas.it/prodotti/fondo-pensione-plurifonds",""
"FPA","40","Fondo Pensione Aperto","PLURIFONDS IL FONDO PENSIONE DI ITAS VITA","ITAS VITA S.P.A.","SERENITAS","Obbligazionario Misto","3.12","-1.04","-0.06","0.77","2.12","1.62","1.12","0.96","0.86","Sì","25,82 euro","15,49 euro","0,80% del patrimonio su base annua","Non previste","Non previste","Non previste","Non previste","","1,25% calcolato sull’annualità della rendita","5% ICE BofAML 0-1 Year Euro Government; 50% ICE BofAML Euro Government; 10% ICE BofAML Global Government Ex-Euro in Euro; 25% ICE BofAML Euro Corporate; 5% MSCI EMU; 5% MSCI World Ex EMU","9,64%","84,08%","15/06/2001","Promuove caratteristiche ambientali o sociali","2","https://www.gruppoitas.it/prodotti/fondo-pensione-plurifonds",""
"FPA","40","Fondo Pensione Aperto","PLURIFONDS IL FONDO PENSIONE DI ITAS VITA","ITAS VITA S.P.A.","SECURITAS","Obbligazionario Misto","2.82","-1.38","-0.98","0.06","1.38","1.82","1.32","1.17","1.07","Sì","25,82 euro","15,49 euro","1,00% del patrimonio su base annua","Non previste","Non previste","Non previste","Non previste","","1,25% calcolato sull’annualità della rendita","50% Markit Iboxx Eur Liquid Corporates; 40% FTSE MTS Eurozone Gov Bond IG; 5% MSCI EMU; 5% Euromts Total Return Eonia Investable","4,96%","89,01%","15/06/2001","Promuove caratteristiche ambientali o sociali","2","https://www.gruppoitas.it/prodotti/fondo-pensione-plurifonds",""
"FPA","34","Fondo Pensione Aperto","FONDO PENSIONE APERTO PREVIGEST FUND MEDIOLANUM","MEDIOLANUM GESTIONE FONDI SGR P.A.","OBBLIGAZIONARIO","Obbligazionario Misto","1.39","-2.53","-1.07","-0.39","2.3","2.04","1.77","1.65","1.54","Sì","non previste","1,50% su base annua del patrimonio del Comparto","1,50% su base annua del patrimonio del Comparto","Non previste","Non previste","Non previste","Non previste","Non previste","Non previste","50% ICE BofA Euro Government Index denominato in euro, 35% ICE BofA Global Government Index coperto in euro, 10% ICE BofA Euro Treasury Bill Index denominato in euro, 5% MSCI World Net Return Index in Usd convertito in euro","5%","95%","30/06/1999","NO, non ne tiene conto","2","https://www.mediolanumgestionefondi.it/fondi-pensione",""
"FPA","34","Fondo Pensione Aperto","FONDO PENSIONE APERTO PREVIGEST FUND MEDIOLANUM","MEDIOLANUM GESTIONE FONDI SGR P.A.","BILANCIATO","Bilanciato","7.02","0.56","2.69","2.2","3.78","2.28","2.01","1.89","1.78","Sì","non previste","1,74% su base annua del patrimonio del Comparto","1,74% su base annua del patrimonio del Comparto","Non previste","Non previste","Non previste","Non previste","Non previste","Non previste","30% MSCI World Net Return Index coperto in euro, 20% MSCI World Net Return Index in Usd convertito in euro, 20% ICE BofA Euro Government Index denominato in euro, 20% ICE BofA Global Government Index coperto in euro, 10% ICE BofA Euro Treasury Bill Index denominato in euro","51%","49%","30/06/1999","NO, non ne tiene conto","3","https://www.mediolanumgestionefondi.it/fondi-pensione",""
"FPA","34","Fondo Pensione Aperto","FONDO PENSIONE APERTO PREVIGEST FUND MEDIOLANUM","MEDIOLANUM GESTIONE FONDI SGR P.A.","AZIONARIO","Azionario","11.41","2.57","5.24","4.25","4.93","2.54","2.27","2.14","2.04","Sì","non previste","2,00% su base annua del patrimonio del Comparto","2,00% su base annua del patrimonio del Comparto","Non previste","Non previste","Non previste","Non previste","Non previste","Non previste","65% MSCI World Net Return Index coperto in euro, 25% MSCI World Net Return Index in Usd convertito in euro, 10% ICE BofA Euro Treasury Bill Index denominato in euro","91%","9%","30/06/1999","NO, non ne tiene conto","4","https://www.mediolanumgestionefondi.it/fondi-pensione",""
"FPA","50","Fondo Pensione Aperto","EURORISPARMIO PREVIDENZA COMPLEMENTARE FONDO PENSIONE APERTO","SELLA SGR S.P.A.","OBBLIGAZIONARIO GARANTITO","Obbligazionario Puro","3.17","0.75","1.13","0.68","1.2","1.48","0.94","0.77","0.65","Sì","Non previste","0,60% (classe standard), 0,45% (classe A)","Indirettamente prelevate trimestralmente dal patrimonio del Comparto","25,00 € (non applicate in classe A)","25,00 € (non applicate in classe A)","25,00 € (non applicate in classe A)","Non previste","Non previste","20,00 € all'anno prelevate dalla prima rata della RITA","70% Bloomberg Series-E Euro Govt 1-3 Yr, 25% Bloomberg Euro TSYBills 0-3 Months, 5% Bloomberg Developed Markets Large & Mid Cap Net Return in EUR.","Massimo 10%","Principalmente strumenti monetari ed obbligazionari in Euro","01/07/2007","SI, promuove caratteristiche ambientali o sociali","2","https://www.sellasgr.it/it/previdenza/eurorisparmio",""
"FPA","50","Fondo Pensione Aperto","EURORISPARMIO PREVIDENZA COMPLEMENTARE FONDO PENSIONE APERTO","SELLA SGR S.P.A.","OBBLIGAZIONARIO","Obbligazionario Puro","1.79","-1.38","-0.18","0.53","1.71","1.68","1.14","0.97","0.85","Sì","Non previste","0,80% (classe standard), 0,45% (classe A)","Indirettamente prelevate trimestralmente dal patrimonio del Comparto","25,00 € (non applicate in classe A)","25,00 € (non applicate in classe A)","25,00 € (non applicate in classe A)","Non previste","Non previste","20,00 € all'anno prelevate dalla prima rata della RITA","90% Bloomberg Series-E Euro Govt All > 1 Yr, 10% Bloomberg Euro TSYBills 0-3 Months.","Non specificato esplicitamente (investimento residuale)","Principalmente strumenti monetari ed obbligazionari in Euro","29/03/1999","SI, promuove caratteristiche ambientali o sociali","2","https://www.sellasgr.it/it/previdenza/eurorisparmio",""
"FPA","50","Fondo Pensione Aperto","EURORISPARMIO PREVIDENZA COMPLEMENTARE FONDO PENSIONE APERTO","SELLA SGR S.P.A.","BILANCIATO","Bilanciato","2.4","-0.47","1.8","2","2.71","2.08","1.54","1.37","1.25","Sì","Non previste","1,20% (classe standard), 0,60% (classe A)","Indirettamente prelevate trimestralmente dal patrimonio del Comparto","25,00 € (non applicate in classe A)","25,00 € (non applicate in classe A)","25,00 € (non applicate in classe A)","Non previste","Non previste","20,00 € all'anno prelevate dalla prima rata della RITA","60% Bloomberg Series-E Euro Govt All > 1 Yr, 40% Bloomberg Europe Developed Markets Large & Mid Cap Net Return Index EUR.","Massimo 60%","Prevalentemente titoli di debito e titoli di capitale","29/03/1999","SI, promuove caratteristiche ambientali o sociali","3","https://www.sellasgr.it/it/previdenza/eurorisparmio",""
"FPA","50","Fondo Pensione Aperto","EURORISPARMIO PREVIDENZA COMPLEMENTARE FONDO PENSIONE APERTO","SELLA SGR S.P.A.","AZIONARIO EUROPA","Azionario","5.45","2.71","5.05","4.42","4.24","2.28","1.74","1.57","1.45","Sì","Non previste","1,40% (classe standard), 0,70% (classe A)","Indirettamente prelevate trimestralmente dal patrimonio del Comparto","25,00 € (non applicate in classe A)","25,00 € (non applicate in classe A)","25,00 € (non applicate in classe A)","Non previste","Non previste","20,00 € all'anno prelevate dalla prima rata della RITA","20% Bloomberg Euro TSYBills 0-3 Months, 40% Bloomberg Europe Developed Markets Large & Mid Cap Net Return Index EUR, 40% Bloomberg Eurozone Developed Markets Large & Mid Cap Net Return in EUR.","Massimo 100%","Componente obbligazionaria residuale","29/03/1999","SI, promuove caratteristiche ambientali o sociali","4","https://www.sellasgr.it/it/previdenza/eurorisparmio",""
"FPA","50","Fondo Pensione Aperto","EURORISPARMIO PREVIDENZA COMPLEMENTARE FONDO PENSIONE APERTO","SELLA SGR S.P.A.","AZIONARIO INTERNAZIONALE","Azionario","11.17","3.63","6.54","5.52","5.1","2.28","1.74","1.57","1.45","Sì","Non previste","1,40% (classe standard), 0,70% (classe A)","Indirettamente prelevate trimestralmente dal patrimonio del Comparto","25,00 € (non applicate in classe A)","25,00 € (non applicate in classe A)","25,00 € (non applicate in classe A)","Non previste","Non previste","20,00 € all'anno prelevate dalla prima rata della RITA","20% Bloomberg Euro TSYBills 0-3 Months, 20% Bloomberg Europe Developed Markets Large & Mid Cap Net Return Index EUR, 20% Bloomberg Eurozone Developed Markets Large & Mid Cap Net Return in EUR, 20% Bloomberg United States Large & Mid Cap Net Return in EUR, 20% Bloomberg United States Large & Mid Cap Net Return in USD.","Massimo 100%","Componente obbligazionaria residuale","29/03/1999","SI, promuove caratteristiche ambientali o sociali","4","https://www.sellasgr.it/it/previdenza/eurorisparmio",""
"FPA","17","Fondo Pensione Aperto","FONDO PENSIONE APERTO TESEO","SOCIETA' REALE MUTUA DI ASSICURAZIONI","GARANTITA ETICA","Obbligazionario Puro","2.95","0.82","0.37","0.45","1.31","1.37","0.81","0.71","0.67","Sì","50 euro (Scheda I Costi standard)","0,65%","0,65%","non previste","non previste","non previste","non previste","non previste","1,25% sull'annualità della rendita","ECPI Italy Ethical Government 1_3y Bond (ECAPIG13 Index)","0%","100%","01/06/1999","SI, promuove caratteristiche ambientali o sociali","2","https://www.realemutua.it/risparmio/previdenza/fondo-pensione-teseo",""
"FPA","17","Fondo Pensione Aperto","FONDO PENSIONE APERTO TESEO","SOCIETA' REALE MUTUA DI ASSICURAZIONI","PRUDENZIALE ETICA","Obbligazionario Puro","1.14","-3.76","-2.35","-0.44","1.56","1.71","1.16","1.06","1.02","Sì","50 euro (Scheda I Costi standard)","1,00%","1,00%","non previste","non previste","non previste","non previste","non previste","1,25% sull'annualità della rendita","ECPI ETHICAL EURO GOVT BOND (ECAPEGB Index)","0%","100%","01/06/1999","SI, promuove caratteristiche ambientali o sociali","2","https://www.realemutua.it/risparmio/previdenza/fondo-pensione-teseo",""
"FPA","17","Fondo Pensione Aperto","FONDO PENSIONE APERTO TESEO","SOCIETA' REALE MUTUA DI ASSICURAZIONI","BILANCIATA ETICA","Bilanciato","3.32","-1.04","0.73","1.54","2.62","2.01","1.46","1.36","1.32","Sì","50 euro (Scheda I Costi standard)","1,30%","1,30%","non previste","non previste","non previste","non previste","non previste","1,25% sull'annualità della rendita","60% ECPI ETHICAL EURO GOVT BOND (ECAPEGB Index) – 40% ECPI ETHICAL INDEX EMU TOTAL RETURN (ECAPMR Index)","40%","60%","01/06/1999","SI, promuove caratteristiche ambientali o sociali","3","https://www.realemutua.it/risparmio/previdenza/fondo-pensione-teseo",""
"FPA","17","Fondo Pensione Aperto","FONDO PENSIONE APERTO TESEO","SOCIETA' REALE MUTUA DI ASSICURAZIONI","SVILUPPO ETICA","Azionario","6.43","2.72","4.67","4.01","3.06","2.21","1.66","1.56","1.52","Sì","50 euro (Scheda I Costi standard)","1,50%","1,50%","non previste","non previste","non previste","non previste","non previste","1,25% sull'annualità della rendita","90% ECPI ETHICAL INDEX EMU TOTAL RETURN (ECAPMR Index) – 10% indice European Central Bank ESTR OIS (OISESTR Index)","89%","11%","01/06/1999","SI, promuove caratteristiche ambientali o sociali","4","https://www.realemutua.it/risparmio/previdenza/fondo-pensione-teseo",""
"FPA","33","Fondo Pensione Aperto","UNICREDIT - FONDO PENSIONE APERTO A CONTRIBUZIONE DEFINITA","UNICREDIT ALLIANZ VITA S.P.A.","SICURA - OBBLIGAZIONARIA CON GARANZIA DI RENDIMENTO MINIMO","Obbligazionario Puro","3.1","-0.87","-0.37","-0.11","0.71","2.45","1.37","1.17","1.1","Sì","50,00 € (o agevolate: 1-5 aderenti 50€, 6-99 aderenti 2,50€, 100+ 0€)","1,10% del patrimonio","1,12% (dato 2025)","Non previste","50,00 €","Non previste","Non previste","Non previste","Caricamento su rata rendita: 3,30% mensile, 2,20% trimestrale, 2,10% quadrimestrale, 2,00% semestrale, 1,80% annuale","Nessuno (natura flessibile)","100% (quota OICR ed eventuale quota azionaria diretta)","39,58% Titoli di Stato","01/03/1999","Non adotta politica di investimento sostenibile","2","https://www.unicreditallianzvita.it/le-soluzioni-per-te/archivio-prodotti/previdenza.html#",""
"FPA","33","Fondo Pensione Aperto","UNICREDIT - FONDO PENSIONE APERTO A CONTRIBUZIONE DEFINITA","UNICREDIT ALLIANZ VITA S.P.A.","TRANQUILLA - OBBLIGAZIONARIA MISTA CON GARANZIA DI RESTITUZIONE DEL CAPITALE","Obbligazionario Misto","1.2","-3.87","-2.13","-0.34","1.64","2.6","1.52","1.32","1.25","Sì","50,00 € (o agevolate: 1-5 aderenti 50€, 6-99 aderenti 2,50€, 100+ 0€)","1,25% del patrimonio","1,26% (dato 2025)","Non previste","50,00 €","Non previste","Non previste","Non previste","Caricamento su rata rendita: 3,30% mensile, 2,20% trimestrale, 2,10% quadrimestrale, 2,00% semestrale, 1,80% annuale","97% JP Morgan EMU Bond Total Return Index in Euro – 3% MSCI World Free Total Return in euro","Componente azionaria residuale","91,01% Titoli di Stato","01/03/1999","Non adotta politica di investimento sostenibile","2","https://www.unicreditallianzvita.it/le-soluzioni-per-te/archivio-prodotti/previdenza.html#",""
"FPA","33","Fondo Pensione Aperto","UNICREDIT - FONDO PENSIONE APERTO A CONTRIBUZIONE DEFINITA","UNICREDIT ALLIANZ VITA S.P.A.","SERENA - BILANCIATA","Bilanciato","4.4","-1.61","0.86","1.72","2.96","2.75","1.67","1.47","1.4","Sì","50,00 € (o agevolate: 1-5 aderenti 50€, 6-99 aderenti 2,50€, 100+ 0€)","1,40% del patrimonio","1,44% (dato 2025)","Non previste","50,00 €","Non previste","Non previste","Non previste","Caricamento su rata rendita: 3,30% mensile, 2,20% trimestrale, 2,10% quadrimestrale, 2,00% semestrale, 1,80% annuale","70% JP Morgan EMU Bond Total Return in Euro – 30% MSCI World Free Total Return in euro","Componente azionaria non superiore al 50%","55,95% Titoli di Stato","01/03/1999","Non adotta politica di investimento sostenibile","3","https://www.unicreditallianzvita.it/le-soluzioni-per-te/archivio-prodotti/previdenza.html#",""
"FPA","33","Fondo Pensione Aperto","UNICREDIT - FONDO PENSIONE APERTO A CONTRIBUZIONE DEFINITA","UNICREDIT ALLIANZ VITA S.P.A.","DINAMICA - AZIONARIA INTERNAZIONALE","Azionario","6.78","2.07","4.94","4.66","4.06","2.95","1.87","1.67","1.6","Sì","50,00 € (o agevolate: 1-5 aderenti 50€, 6-99 aderenti 2,50€, 100+ 0€)","1,60% del patrimonio","1,59% (dato 2025)","Non previste","50,00 €","Non previste","Non previste","Non previste","Caricamento su rata rendita: 3,30% mensile, 2,20% trimestrale, 2,10% quadrimestrale, 2,00% semestrale, 1,80% annuale","10% JP Morgan EMU Govt Total Return 1-3 y in Euro, 66% MSCI EMU Total Return in Euro, 24% MSCI World Ex EMU Total Return in euro","Prevalentemente azionario","4,31% Titoli di Stato","01/03/1999","Non adotta politica di investimento sostenibile","4","https://www.unicreditallianzvita.it/le-soluzioni-per-te/archivio-prodotti/previdenza.html#",""
"FPA","30","Fondo Pensione Aperto","FONDO PENSIONE APERTO UNIPOL PREVIDENZA FPA","UNIPOL ASSICURAZIONI S.P.A.","OBBLIGAZIONARIO","Obbligazionario Misto","2.66","-0.39","-0.04","0.38","2.05","2.32","1.42","1.16","0.99","Sì","50,00 euro","0,90% del patrimonio annuo","0,90% del patrimonio annuo","50,00 euro (la prima è gratuita)","non previste","non previste","25,00 euro","25,00 euro","da 0,9% a 2,0% della rendita annua","Non è stato individuato un benchmark in quanto il Comparto adotta una strategia di gestione flessibile","5,64%","94,36%","15/03/1999","NO, non ne tiene conto","2","https://www.unipol.it/aziende/grandi-aziende/soluzioni-dipendenti/fondo-pensione-aperto",""
"FPA","30","Fondo Pensione Aperto","FONDO PENSIONE APERTO UNIPOL PREVIDENZA FPA","UNIPOL ASSICURAZIONI S.P.A.","BILANCIATO PRUDENTE","Obbligazionario Misto","3.4","-0.75","0.21","1.02","2.49","2.52","1.63","1.37","1.2","Sì","50,00 euro","1,10% del patrimonio annuo","1,10% del patrimonio annuo","50,00 euro (la prima è gratuita)","non previste","non previste","25,00 euro","25,00 euro","da 0,9% a 2,0% della rendita annua","Indice JP Morgan EMU Investment Grade 40%, Indice JP Morgan GBI Global 10%, Indice JP Morgan Cash Index Euro 3M 15%, Indice ICE Bofa Euro Large cap Corporate 20%, Indice MSCI EMU Net Return 7,5%, Indice MSCI All Country World Net Return 7,5%","23,06%","76,94%","15/03/1999","NO, non ne tiene conto","3","https://www.unipol.it/aziende/grandi-aziende/soluzioni-dipendenti/fondo-pensione-aperto",""
"FPA","30","Fondo Pensione Aperto","FONDO PENSIONE APERTO UNIPOL PREVIDENZA FPA","UNIPOL ASSICURAZIONI S.P.A.","BILANCIATO EQUILIBRATO","Bilanciato","4.95","-0.17","1.21","1.96","3.04","2.52","1.63","1.37","1.2","Sì","50,00 euro","1,10% del patrimonio annuo","1,10% del patrimonio annuo","50,00 euro (la prima è gratuita)","non previste","non previste","25,00 euro","25,00 euro","da 0,9% a 2,0% della rendita annua","Indice JP Morgan EMU Investment Grade 35%, Indice JP Morgan GBI Global 10%, Indice JP Morgan Cash Index Euro 3M 10%, Indice ICE Bofa Euro Large cap Corporate 15%, Indice MSCI EMU Net Return 15%, Indice MSCI All Country World Net Return 15%","31,01%","68,99%","15/03/1999","NO, non ne tiene conto","3","https://www.unipol.it/aziende/grandi-aziende/soluzioni-dipendenti/fondo-pensione-aperto",""
"FPA","30","Fondo Pensione Aperto","FONDO PENSIONE APERTO UNIPOL PREVIDENZA FPA","UNIPOL ASSICURAZIONI S.P.A.","BILANCIATO DINAMICO","Bilanciato","6.91","0.92","2.62","3.06","3.61","2.73","1.83","1.57","1.41","Sì","50,00 euro","1,30% del patrimonio annuo","1,30% del patrimonio annuo","50,00 euro (la prima è gratuita)","non previste","non previste","25,00 euro","25,00 euro","da 0,9% a 2,0% della rendita annua","Indice JP Morgan EMU Investment Grade 30%, Indice JP Morgan GBI Global 5%, Indice JP Morgan Cash Index Euro 3M 8%, Indice ICE Bofa Euro Large cap Corporate 7%, Indice MSCI EMU Net Return 25%, Indice MSCI All Country World Net Return 25%","51,31%","48,69%","15/03/1999","NO, non ne tiene conto","3","https://www.unipol.it/aziende/grandi-aziende/soluzioni-dipendenti/fondo-pensione-aperto",""
"FPA","30","Fondo Pensione Aperto","FONDO PENSIONE APERTO UNIPOL PREVIDENZA FPA","UNIPOL ASSICURAZIONI S.P.A.","GARANTITO FLEX","Bilanciato","3.41","0.64","0.86","","","2.17","1.26","1","0.83","Sì","50,00 euro","0,75% del patrimonio annuo","0,75% del patrimonio annuo","50,00 euro (la prima è gratuita)","non previste","non previste","25,00 euro","25,00 euro","da 0,9% a 2,0% della rendita annua","Non è stato individuato un benchmark in quanto il Comparto adotta una strategia di gestione flessibile","9,07%","90,93%","01/05/2016","NO, non ne tiene conto","2","https://www.unipol.it/aziende/grandi-aziende/soluzioni-dipendenti/fondo-pensione-aperto",""
"FPA","30","Fondo Pensione Aperto","FONDO PENSIONE APERTO UNIPOL PREVIDENZA FPA","UNIPOL ASSICURAZIONI S.P.A.","BILANCIATO ETICO","Obbligazionario Misto","3.56","-0.11","0.32","","","2.32","1.42","1.16","0.99","Sì","50,00 euro","0,90% del patrimonio annuo","0,90% del patrimonio annuo","50,00 euro (la prima è gratuita)","non previste","non previste","25,00 euro","25,00 euro","da 0,9% a 2,0% della rendita annua","Non è stato individuato un benchmark in quanto il Comparto adotta una strategia di gestione flessibile","10,21%","89,79%","01/05/2016","SI, promuove caratteristiche ambientali o sociali","2","https://www.unipol.it/aziende/grandi-aziende/soluzioni-dipendenti/fondo-pensione-aperto",""
"FPA","30","Fondo Pensione Aperto","FONDO PENSIONE APERTO UNIPOL PREVIDENZA FPA","UNIPOL ASSICURAZIONI S.P.A.","AZIONARIO","Azionario","8.68","2.38","4.33","","","3.04","2.14","1.89","1.72","Sì","50,00 euro","1,60% del patrimonio annuo","1,60% del patrimonio annuo","50,00 euro (la prima è gratuita)","non previste","non previste","25,00 euro","25,00 euro","da 0,9% a 2,0% della rendita annua","Indice JP Morgan EMU Investment Grade 15%, Indice JP Morgan Cash Index Euro 3M 5%, Indice MSCI EMU Net Return 50%, Indice MSCI All Country World Net Return 30%","82,99%","17,01%","01/05/2016","NO, non ne tiene conto","4","https://www.unipol.it/aziende/grandi-aziende/soluzioni-dipendenti/fondo-pensione-aperto",""
"FPA","31","Fondo Pensione Aperto","FONDO PENSIONE APERTO VERA VITA","VERA VITA S.P.A.","POPOLARE-BOND","Obbligazionario Puro","0.79","-3.04","-1.97","-1.01","1.26","2.07","1.34","1.2","1.15","Sì","40,00 Euro","1,10% del patrimonio","1,10% del patrimonio","Non previsti","25,00 Euro","25,00 Euro","25,00 Euro","Non previsti","Caricamento su rendita: 0,90% (annuale), 1% (semestrale), 2% (mensile). Rivalutazione rendita: costo pari al 10% del rendimento (min. 0,75%).","20% ICE BofA Euro Treasury Bill Index, 80% JP Morgan GBI EMU Unhedged LOC.","0%","100%","15/03/1999","No","2","https://www.veravitaassicurazioni.it/prodotti/previdenza/fondo-pensione-aperto-vera-vita",""
"FPA","31","Fondo Pensione Aperto","FONDO PENSIONE APERTO VERA VITA","VERA VITA S.P.A.","POPOLARE-GEST","Bilanciato","1.56","-2","-0.78","0.05","1.76","2.12","1.39","1.25","1.2","Sì","40,00 Euro","1,15% del patrimonio","1,15% del patrimonio","Non previsti","25,00 Euro","25,00 Euro","25,00 Euro","Non previsti","Caricamento su rendita: 0,90% (annuale), 1% (semestrale), 2% (mensile). Rivalutazione rendita: costo pari al 10% del rendimento (min. 0,75%).","15% ICE BofA Euro Treasury Bill Index, 70% JP Morgan GBI EMU Unhedged LOC e 15% EURO STOXX 50 Net Return EUR.","15,58%","84,42%","15/03/1999","No","2","https://www.veravitaassicurazioni.it/prodotti/previdenza/fondo-pensione-aperto-vera-vita",""
"FPA","31","Fondo Pensione Aperto","FONDO PENSIONE APERTO VERA VITA","VERA VITA S.P.A.","POPOLARE-MIX","Bilanciato","4.15","0.82","1.96","2.5","3.31","2.16","1.44","1.3","1.25","Sì","40,00 Euro","1,20% del patrimonio","1,20% del patrimonio","Non previste","25,00 Euro","25,00 Euro","25,00 Euro","Non previsti","Caricamento su rendita: 0,90% (annuale), 1% (semestrale), 2% (mensile). Rivalutazione rendita: costo pari al 10% del rendimento (min. 0,75%).","10% ICE BofA Euro Treasury Bill Index, 40% JP Morgan GBI EMU Unhedged LOC e 50% EURO STOXX 50 Net Return EUR.","51,32%","48,68%","15/03/1999","No","3","https://www.veravitaassicurazioni.it/prodotti/previdenza/fondo-pensione-aperto-vera-vita",""
"FPA","22","Fondo Pensione Aperto","FONDO PENSIONE APERTO VITTORIA FORMULA LAVORO","VITTORIA ASSICURAZIONI S.P.A.","PREVIDENZA GARANTITA","Obbligazionario Misto","1.59","-2.61","-1.23","-0.08","1.44","2.99","1.59","1.24","1.05","Sì","50,00 euro","1,00% del patrimonio","1,00%","non previste","50,00 euro","50,00 euro","non previste","non previste","50,00 euro","90% JPM GBI EMU e 10% MSCI EMU","10,26%","88,33%","31/12/1999","NO","2","https://www.vittoriaassicurazioni.com/prodotti/privati/previdenza/fondo-pensione-aperto-vittoria-formula-lavoro/",""
"FPA","22","Fondo Pensione Aperto","FONDO PENSIONE APERTO VITTORIA FORMULA LAVORO","VITTORIA ASSICURAZIONI S.P.A.","PREVIDENZA EQUILIBRATA","Bilanciato","2.19","-1.09","0.54","1.43","2.45","3.31","1.91","1.56","1.37","Sì","50,00 euro","1,32% del patrimonio","1,32%","non previste","50,00 euro","50,00 euro","non previste","non previste","50,00 euro","60% JPM GBI EMU e 40% MSCI EUROPE","40,58%","59,19%","31/12/1999","NO","3","https://www.vittoriaassicurazioni.com/prodotti/privati/previdenza/fondo-pensione-aperto-vittoria-formula-lavoro/",""
"FPA","22","Fondo Pensione Aperto","FONDO PENSIONE APERTO VITTORIA FORMULA LAVORO","VITTORIA ASSICURAZIONI S.P.A.","PREVIDENZA BILANCIATO INTERNAZIONALE","Bilanciato","6.63","","","","","2.99","1.59","1.24","1.05","Sì","50,00 euro","1,00% del patrimonio","1,00%","non previste","50,00 euro","50,00 euro","non previste","non previste","50,00 euro","50% MSCI World Eur Hedged, 25% Bloomberg Euro Aggregate Bond e 25% Bloomberg US Aggregate Bond Hedged EUR","43,73%","43,70%","30/11/2022","NO","4","https://www.vittoriaassicurazioni.com/prodotti/privati/previdenza/fondo-pensione-aperto-vittoria-formula-lavoro/",""
"FPA","22","Fondo Pensione Aperto","FONDO PENSIONE APERTO VITTORIA FORMULA LAVORO","VITTORIA ASSICURAZIONI S.P.A.","PREVIDENZA CAPITALIZZATA","Azionario","4.17","0.78","2.63","3.24","3","3.66","2.27","1.92","1.73","Sì","50,00 euro","1,68% del patrimonio","1,68%","non previste","50,00 euro","50,00 euro","non previste","non previste","50,00 euro","20% JPM GBI EMU, 40% MSCI EUROPE e 40% MSCI EMU","80,12%","18,55%","30/11/1999","NO","3","https://www.vittoriaassicurazioni.com/prodotti/privati/previdenza/fondo-pensione-aperto-vittoria-formula-lavoro/",""
"FPA","37","Fondo Pensione Aperto","FONDO PENSIONE APERTO ZURICH CONTRIBUTION","ZURICH INVESTMENTS LIFE S.P.A.","GARANTITA","Obbligazionario Puro","1.3105695664494155","-1.5430871739875895","-1.158535689353013","-0.2374128826507227","0.9717767741831196","2.3","1.18","0.97","0.9","Sì","Euro 51,65","0,90% su base annua","0,90% su base annua","Non previste","Euro 51,65","Euro 51,65","Non previste","Non previste","caricamento dell’1,25% + 2,50 euro per rata + 0,75% annuo trattenuto dal rendimento","Non esplicitato nel testo come indice specifico, ma indicato come confronto grafico","0,00%","100,00% (Titoli di debito compresa la liquidità)","7 aprile 1999","SI, promuove CARATTERISTICHE AMBIENTALI O SOCIALI","2","https://www.zurich.it/persone/risparmio-e-investimento/previdenza/zurich-contribution",""
"FPA","37","Fondo Pensione Aperto","FONDO PENSIONE APERTO ZURICH CONTRIBUTION","ZURICH INVESTMENTS LIFE S.P.A.","CONSERVATIVA","Obbligazionario Puro","1.129616220130325","-3.26832593003622","-2.1245177699831808","-0.3345872412472195","1.0096095050169618","2.35","1.23","1.02","0.95","Sì","Euro 51,65","0,95% su base annua","0,95% su base annua","Non previste","Euro 51,65","Euro 51,65","Non previste","Non previste","caricamento dell’1,25% + 2,50 euro per rata + 0,75% annuo trattenuto dal rendimento","Non esplicitato nel testo come indice specifico, ma indicato come confronto grafico","0,00%","100,00% (Titoli di debito compresa la liquidità)","7 aprile 1999","SI, promuove CARATTERISTICHE AMBIENTALI O SOCIALI","2","https://www.zurich.it/persone/risparmio-e-investimento/previdenza/zurich-contribution",""
"FPA","37","Fondo Pensione Aperto","FONDO PENSIONE APERTO ZURICH CONTRIBUTION","ZURICH INVESTMENTS LIFE S.P.A.","DINAMICA","Azionario","6.378783397416932","0.9812577495520669","2.9007986670125607","3.5376012513107735","3.5568086111912978","2.45","1.33","1.12","1.05","Sì","Euro 51,65","1,05% su base annua","1,05% su base annua","Non previste","Euro 51,65","Euro 51,65","Non previste","Non previste","caricamento dell’1,25% + 2,50 euro per rata + 0,75% annuo trattenuto dal rendimento","Non esplicitato nel testo come indice specifico, ma indicato come confronto grafico","69,33%","30,67% (Titoli di debito compresa la liquidità)","7 aprile 1999","SI, promuove CARATTERISTICHE AMBIENTALI O SOCIALI","3","https://www.zurich.it/persone/risparmio-e-investimento/previdenza/zurich-contribution",""
"FPA","39","Fondo Pensione Aperto","ZED OMNIFUND - FONDO PENSIONE APERTO","ZURICH INVESTMENTS LIFE S.P.A.","BILANCIATA 65","Azionario","6.03","0.57","2.47","3.14","3.35","3.55","2.41","2.09","1.89","Sì","51,65 Euro","30 Euro (fissa) + 0,150% (variabile sul patrimonio)","0,150%","Non previste","Euro 15","Non previste","Euro 15","","1,25% (caricamento sui coefficienti) + 2,50 euro (fissa su rata) + 0,75% (aliquota su rivalutazione)","Non indicato esplicitamente nel testo","69,73%","30,27%","20 gennaio 1999","NO","3","https://www.zurich.it/gruppo-zurich/zurich-italia/partner/banks-and-ifa/zed-omnifund",""
"FPA","39","Fondo Pensione Aperto","ZED OMNIFUND - FONDO PENSIONE APERTO","ZURICH INVESTMENTS LIFE S.P.A.","BILANCIATA 30","Bilanciato","3.61","-1.24","0.24","1.51","2.42","3.14","1.99","1.67","1.46","Sì","51,65 Euro","30 Euro (fissa) + 0,115% (variabile sul patrimonio)","0,115%","Non previste","Euro 15","Non previste","Euro 15","","1,25% (caricamento sui coefficienti) + 2,50 euro (fissa su rata) + 0,75% (aliquota su rivalutazione)","Non indicato esplicitamente nel testo","34,32%","65,68%","20 gennaio 1999","NO","3","https://www.zurich.it/gruppo-zurich/zurich-italia/partner/banks-and-ifa/zed-omnifund",""
"FPA","39","Fondo Pensione Aperto","ZED OMNIFUND - FONDO PENSIONE APERTO","ZURICH INVESTMENTS LIFE S.P.A.","OBBLIGAZIONARIA","Obbligazionario Puro","1.29","-3.15","-2.05","-0.12","1.33","2.66","1.51","1.19","0.98","Sì","51,65 Euro","30 Euro (fissa) + 0,075% (variabile sul patrimonio)","0,075%","Non previste","Euro 15","Non previste","Euro 15","","1,25% (caricamento sui coefficienti) + 2,50 euro (fissa su rata) + 0,75% (aliquota su rivalutazione)","Non indicato esplicitamente nel testo","0,00%","100,00%","20 gennaio 1999","NO","2","https://www.zurich.it/gruppo-zurich/zurich-italia/partner/banks-and-ifa/zed-omnifund",""
"FPA","39","Fondo Pensione Aperto","ZED OMNIFUND - FONDO PENSIONE APERTO","ZURICH INVESTMENTS LIFE S.P.A.","GARANTITA","Obbligazionario Misto","0.62","-2.21","-1.85","-1.04","0.2","3.55","2.41","2.09","1.89","Sì","51,65 Euro","30 Euro (fissa) + 0,150% (variabile sul patrimonio)","0,150% (di cui 0,045% per la garanzia)","Non previste","Euro 15","Non previste","Euro 15","","1,25% (caricamento sui coefficienti) + 2,50 euro (fissa su rata) + 0,75% (aliquota su rivalutazione)","Non indicato esplicitamente nel testo","0,00%","100,00%","20 gennaio 1999","NO","2","https://www.zurich.it/gruppo-zurich/zurich-italia/partner/banks-and-ifa/zed-omnifund",""
"FPA","39","Fondo Pensione Aperto","ZED OMNIFUND - FONDO PENSIONE APERTO","ZURICH INVESTMENTS LIFE S.P.A.","AZIONARIA","Azionario","7.92","2.3","4.22","4.24","3.68","3.96","2.83","2.51","2.31","Sì","51,65 Euro","30 Euro (fissa) + 0,185% (variabile sul patrimonio)","0,185%","Non previste","Euro 15","Non previste","Euro 15","","1,25% (caricamento sui coefficienti) + 2,50 euro (fissa su rata) + 0,75% (aliquota su rivalutazione)","Non indicato esplicitamente nel testo","93,78%","6,22%","1 marzo 2001","NO","4","https://www.zurich.it/gruppo-zurich/zurich-italia/partner/banks-and-ifa/zed-omnifund",""
"FPN","1","Fondo Pensione Negoziale","FONDO PENSIONE FONCHIM","FONDO PENSIONE FONCHIM","CRESCITA","Azionario","10.32","2.66","4.51","4.23","4.3","0.82","0.44","0.27","0.15","Sì","16 euro","24 euro annui fissi + commissioni di gestione variabili","0,07% annuo","25 euro","","2 euro","10 euro","","1,48% sulla rata","28% BofA Merrill Lynch 1-10 Year Pan-Europe Government hedged, 12% BofA Merrill Lynch Euro Corporate, 14,5% MSCI Daily TR Net EMU Local, 19,5% MSCI Daily Net TR World Ex EMU Euro, 19,5% MSCI Hedged Indices In EUR World Ex EMU, 5% MSCI Emerging Market TR Net in EURO, 1,5% Private Equity","61,72%","37,27%","01/01/2003","NO","4","https://fonchim.it","Chimico-farmaceutico, vetro, lampade, coibenti, minero-metallurgico"
"FPN","1","Fondo Pensione Negoziale","FONDO PENSIONE FONCHIM","FONDO PENSIONE FONCHIM","GARANTITO","Garantito","2.64","1.63","1.17","0.83","","1.23","0.85","0.69","0.57","Sì","16 euro","24 euro annui fissi + commissioni di gestione variabili","0,48% annuo","25 euro","","2 euro","10 euro","","1,48% sulla rata","65% ICE BofA 1-5 Year Euro Government Excluding Italy, 5% ICE BofA 1-5 Year Italy Government, 10% ICE BofA Euro Government, 15% ICE BofA 1-5 Year Euro Large Cap Corp, 2,5% MSCI Daily TR Net EMU Local, 2,5% MSCI USA Large Cap","5,10%","92,68%","05/10/2007","NO","2","https://fonchim.it","Chimico-farmaceutico, vetro, lampade, coibenti, minero-metallurgico"
"FPN","1","Fondo Pensione Negoziale","FONDO PENSIONE FONCHIM","FONDO PENSIONE FONCHIM","STABILITÀ","Obbligazionario Misto","5.92","0.61","2.29","2.48","3.16","0.81","0.43","0.27","0.14","Sì","16 euro","24 euro annui fissi + commissioni di gestione variabili","0,07% annuo","25 euro","","2 euro","10 euro","","1,48% sulla rata","42% ICE BofA 1-10 Year Pan-Europe Government hedged, 6% ICE BofA US Treasury hedged, 6% Barclays EGILB EMU HICP-Linked, 8,5% ICE BofA Euro Corporate, 4,5% ICE BofA 1-5 Year US Corporate hedged, 3% Bloomberg Barclays Emerging Markets IG TR, 7% MSCI Daily TR Net EMU Local, 13% MSCI Daily Net TR World Ex EMU Euro, 6% MSCI Hedged Indices In EUR World Ex EMU, 3% MSCI Emerging Market TR, 1% Private Equity","36,56%","60,67%","01/03/1999","NO","3","https://fonchim.it","Chimico-farmaceutico, vetro, lampade, coibenti, minero-metallurgico"
"FPN","2","Fondo Pensione Negoziale","FONDO PENSIONE FONDENERGIA","FONDO PENSIONE FONDENERGIA","BILANCIATO","Bilanciato","4.84","-0.29","2.07","2.6","3.57","0.42","0.3","0.26","0.23","Sì","15 euro (3 a carico del lavoratore e 12 a carico dell'azienda)","0,21% del patrimonio su base annua","0,17% (dato 2025)","23 euro","Non previste","Non previste","Non previste","Non previste","1,48% della rata (General) o 0,50% annuo gestione separata (Unipol)","Benchmark composto da indici obbligazionari (61%), azionari (25%) e indici alternativi/strategici (14%)","38,37%","61,63%","07/02/2000","NO","3","https://fondenergia.it","Energia e petrolio"
"FPN","2","Fondo Pensione Negoziale","FONDO PENSIONE FONDENERGIA","FONDO PENSIONE FONDENERGIA","DINAMICO","Azionario","8.05","2.24","3.94","3.91","4.28","0.44","0.32","0.27","0.24","Sì","15 euro (3 a carico del lavoratore e 12 a carico dell'azienda)","0,20% del patrimonio su base annua","0,19% (dato 2025)","23 euro","Non previste","Non previste","Non previste","Non previste","1,48% della rata (General) o 0,50% annuo gestione separata (Unipol)","Benchmark composto da indici obbligazionari (30%), azionari (56,5%) e indici alternativi/strategici (13,5%)","69,67%","30,33%","01/11/2003","NO","3","https://fondenergia.it","Energia e petrolio"
"FPN","2","Fondo Pensione Negoziale","FONDO PENSIONE FONDENERGIA","FONDO PENSIONE FONDENERGIA","GARANTITO","Garantito","2.36","1.9","1.14","0.85","","0.76","0.64","0.6","0.56","Sì","15 euro (3 a carico del lavoratore e 12 a carico dell'azienda)","0,53% del patrimonio su base annua","0,48% (dato 2025)","23 euro","Non previste","Non previste","Non previste","Non previste","1,48% della rata (General) o 0,50% annuo gestione separata (Unipol)","Benchmark composto per 91% da indici obbligazionari, 4% azioni, 5% investimenti strategici","5,27%","94,73%","17/08/2007","NO","2","https://fondenergia.it","Energia e petrolio"
"FPN","3","Fondo Pensione Negoziale","FONDO PENSIONE QUADRI E CAPI FIAT","FONDO PENSIONE QUADRI E CAPI FIAT","CRESCITA","Bilanciato","10","1.53","3.36","3.73","4","0.91","0.5","0.33","0.19","Sì","5,16","0,14%","0,12%","25,00","Non previste","Non previste","Non previste","Non previste","1,25% della rendita annua","","","","01/04/2004","NO","3","https://fondoquadrifiat.it","Lavoratori quadri e capi Gruppo Fiat"
"FPN","3","Fondo Pensione Negoziale","FONDO PENSIONE QUADRI E CAPI FIAT","FONDO PENSIONE QUADRI E CAPI FIAT","REDDITO","Obbligazionario Misto","6.38","0.03","1.98","2.47","3.48","0.89","0.48","0.31","0.17","Sì","5,16","0,12%","0,10%","25,00","Non previste","Non previste","Non previste","Non previste","1,25% della rendita annua","rendimento netto del Trattamento di Fine Rapporto (TFR)","","","01/04/2004","NO","3","https://fondoquadrifiat.it","Lavoratori quadri e capi Gruppo Fiat"
"FPN","3","Fondo Pensione Negoziale","FONDO PENSIONE QUADRI E CAPI FIAT","FONDO PENSIONE QUADRI E CAPI FIAT","STABILITA'","Garantito","3.86","1.86","1.15","0.78","1.35","1.4","1","0.83","0.69","Sì","5,16","0,62%","0,60%","25,00","Non previste","Non previste","Non previste","Non previste","1,25% della rendita annua","rendimento netto del Trattamento di Fine Rapporto (TFR)","","","01/07/2007","NO","2","https://fondoquadrifiat.it","Lavoratori quadri e capi Gruppo Fiat"
"FPN","61","Fondo Pensione Negoziale","FONDO PENSIONE COMETA","FONDO PENSIONE COMETA","CRESCITA","Bilanciato","10.42","2.34","2.52","2.93","","0.62","0.29","0.18","0.11","Sì","5,16","0,08% del patrimonio su base annua","0,06% (TER 2025)","10","10","10","10","10","Non previste","Benchmark complesso composto da ICE BofA (80% obbligazionario) e MSCI (20% azionario)","45% - 65%","39,71%","01.05.2005","SI, promuove caratteristiche ambientali o sociali","3","https://cometafondo.it","Industria metalmeccanica privata, installazione di impianti, aziende orafe-argentiere"
"FPN","61","Fondo Pensione Negoziale","FONDO PENSIONE COMETA","FONDO PENSIONE COMETA","MONETARIO PLUS","Obbligazionario Puro","3.1","0.99","0.64","0.34","","0.57","0.24","0.13","0.06","Sì","5,16","0,04% del patrimonio su base annua","0,03% (TER 2025)","10","10","10","10","10","Non previste","strategie non a benchmark","0,00%","98,25%","01.05.2005","SI, promuove caratteristiche ambientali o sociali","2","https://cometafondo.it","Industria metalmeccanica privata, installazione di impianti, aziende orafe-argentiere"
"FPN","61","Fondo Pensione Negoziale","FONDO PENSIONE COMETA","FONDO PENSIONE COMETA","REDDITO","Bilanciato","5.52","0.1","1.11","1.61","2.83","0.6","0.27","0.16","0.09","Sì","5,16","0,06% del patrimonio su base annua","0,05% (TER 2025)","10","10","10","10","10","Non previste","strategie non a benchmark con obiettivo rendimento pari al TFR","32,17%","63,26%","01.01.2000","SI, promuove caratteristiche ambientali o sociali","3","https://cometafondo.it","Industria metalmeccanica privata, installazione di impianti, aziende orafe-argentiere"
"FPN","61","Fondo Pensione Negoziale","FONDO PENSIONE COMETA","FONDO PENSIONE COMETA","SICUREZZA 2020","Garantito","2.8","-1.53","","","","1.18","0.85","0.74","0.67","Sì","5,16","0,58% del patrimonio su base annua","0,59% (TER 2025)","10","10","10","10","10","Non previste","strategie non a benchmark","4,85%","92,41%","01.06.2020","SI, promuove caratteristiche ambientali o sociali","2","https://cometafondo.it","Industria metalmeccanica privata, installazione di impianti, aziende orafe-argentiere"
"FPN","61","Fondo Pensione Negoziale","FONDO PENSIONE COMETA","FONDO PENSIONE COMETA","TFR SILENTE","Garantito","2.17","-2.2","","","","1.26","0.93","0.82","0.75","Sì","","","","","","","","","","","","","","","2","https://cometafondo.it","Industria metalmeccanica privata, installazione di impianti, aziende orafe-argentiere"
"FPN","77","Fondo Pensione Negoziale","FONDOSANITA'","FONDOSANITA'","ESPANSIONE","Azionario","13.9","2.64","5.8","5.51","5.14","2.97","1.28","0.75","0.38","Sì","26","0,25%","0,13% commissione di gestione, 0,03% commissione di depositario, 0,09% commissione amministrativa","Non previste","52","Non previste","Non previste","Non previste","0,75% caricamento d'acquisto + 1,25% rendita","25% Merrill Lynch Emu Direct Governments 1-3 years TR, 30% MSCI Daily Total Return Net World USD, 45% MSCI World hedge index e - net return","non inferiore al 55%","restante parte","25/09/2000","NO, non ne tiene conto","4","https://www.fondosanita.it/",""
"FPN","77","Fondo Pensione Negoziale","FONDOSANITA'","FONDOSANITA'","PROGRESSIONE","Bilanciato","7.34","2.66","3.56","3.07","3.32","2.95","1.26","0.73","0.36","Sì","26","0,23%","0,11% commissione di gestione, 0,03% commissione di depositario, 0,09% commissione amministrativa","Non previste","52","Non previste","Non previste","Non previste","0,75% caricamento d'acquisto + 1,25% rendita","70% Merrill Lynch Emu Direct Governments 1-3 years TR, 10% MSCI Daily Total Return Net World USD, 20% MSCI World hedge index e - net return","non superiore al 55%","prevalente","25/09/2000","NO, non ne tiene conto","3","https://www.fondosanita.it/",""
"FPN","77","Fondo Pensione Negoziale","FONDOSANITA'","FONDOSANITA'","SCUDO","Obbligazionario Puro","3.26","0.56","0.47","0.57","1.46","2.93","1.24","0.71","0.34","Sì","26","0,21%","0,09% commissione di gestione, 0,03% commissione di depositario, 0,09% commissione amministrativa","Non previste","52","Non previste","Non previste","Non previste","0,75% caricamento d'acquisto + 1,25% rendita","50% Merrill Lynch 1-3 years Euro Government Index, 45% Merrill Lynch 3-5 years Euro Government Index, 5% MSCI World hedge index e - net return","minima esposizione","non inferiore al 80%","25/09/2000","NO, non ne tiene conto","2","https://www.fondosanita.it/",""
"FPN","87","Fondo Pensione Negoziale","SOLIDARIETA' VENETO - FONDO PENSIONE","SOLIDARIETA' VENETO - FONDO PENSIONE","DINAMICO - Lavoratori autonomi","Azionario","","","","","","1.43","0.71","0.46","0.27","Sì","10,00","0,19%","0,19%","15","15","15","Non previste","Non previste","1,24%","MSCI World Net TR EUR Index, MSCI World Net TR 100% Hedged to EUR Index, MSCI Emerging Markets Net TR EUR Index, Private Debt, Private Equity, Real Asset","37,64%","62,36%","01/10/2002","SI, promuove CARATTERISTICHE AMBIENTALI O SOCIALI","4","https://solidarietaveneto.it","Tutte le categorie (fondo regionale Veneto)"
"FPN","87","Fondo Pensione Negoziale","SOLIDARIETA' VENETO - FONDO PENSIONE","SOLIDARIETA' VENETO - FONDO PENSIONE","DINAMICO - Lavoratori dipendenti","Azionario","","","","","","0.91","0.48","0.34","0.24","Sì","5,00","0,19%","0,19%","15","15","15","Non previste","Non previste","1,24%","MSCI World Net TR EUR Index, MSCI World Net TR 100% Hedged to EUR Index, MSCI Emerging Markets Net TR EUR Index, Private Debt, Private Equity, Real Asset","37,64%","62,36%","01/10/2002","SI, promuove CARATTERISTICHE AMBIENTALI O SOCIALI","4","https://solidarietaveneto.it","Tutte le categorie (fondo regionale Veneto)"
"FPN","87","Fondo Pensione Negoziale","SOLIDARIETA' VENETO - FONDO PENSIONE","SOLIDARIETA' VENETO - FONDO PENSIONE","PRUDENTE - Lavoratori autonomi","Obbligazionario","","","","","","1.4","0.68","0.42","0.24","Sì","10,00","0,18%","0,18%","15","15","15","Non previste","Non previste","1,24%","ICE BofA Euro Government 1-3Y, ICE BofA Euro Government all mats, ICE BofA Euro Inflation Linked all mats, ICE BofA US Treasury all mats, ICE BofA Emerging external sovereign US Inv. Grade all mats, ICE BofA Euro Corporate all mats, ICE BofA US Corporate large cap all mats, MSCI World Net TR EUR Index, Private Debt, Real Assets","23,69%","76,31%","01.10.2002","SI, promuove CARATTERISTICHE AMBIENTALI O SOCIALI","4","https://solidarietaveneto.it","Tutte le categorie (fondo regionale Veneto)"
"FPN","87","Fondo Pensione Negoziale","SOLIDARIETA' VENETO - FONDO PENSIONE","SOLIDARIETA' VENETO - FONDO PENSIONE","PRUDENTE - Lavoratori dipendenti","Obbligazionario","","","","","","0.89","0.44","0.3","0.2","Sì","5,00","0,18%","0,18%","15","15","15","Non previste","Non previste","1,24%","ICE BofA Euro Government 1-3Y, ICE BofA Euro Government all mats, ICE BofA Euro Inflation Linked all mats, ICE BofA US Treasury all mats, ICE BofA Emerging external sovereign US Inv. Grade all mats, ICE BofA Euro Corporate all mats, ICE BofA US Corporate large cap all mats, MSCI World Net TR EUR Index, Private Debt, Real Assets","23,69%","76,31%","01.10.2002","SI, promuove CARATTERISTICHE AMBIENTALI O SOCIALI","4","https://solidarietaveneto.it","Tutte le categorie (fondo regionale Veneto)"
"FPN","87","Fondo Pensione Negoziale","SOLIDARIETA' VENETO - FONDO PENSIONE","SOLIDARIETA' VENETO - FONDO PENSIONE","REDDITO - Lavoratori dipendenti","Bilanciato","","","","","","0.91","0.47","0.33","0.24","Sì","5,00","0,20%","0,20%","15","15","15","Non previste","Non previste","1,24%","ICE BofA Euro Government 1-3Y, ICE BofA Euro Government all mats, ICE BofA Euro Inflation Linked all mats, ICE BofA US Treasury all mats, ICE BofA Emerging external sovereign US Inv. Grade all mats, ICE BofA Euro Corporate all mats, ICE BofA US Corporate large cap all mats, MSCI World Net TR EUR Index, Private Debt, Private Equity, Real Asset","40,39%","59,61%","01/10/2002","SI, promuove CARATTERISTICHE AMBIENTALI O SOCIALI","4","https://solidarietaveneto.it","Tutte le categorie (fondo regionale Veneto)"
"FPN","87","Fondo Pensione Negoziale","SOLIDARIETA' VENETO - FONDO PENSIONE","SOLIDARIETA' VENETO - FONDO PENSIONE","REDDITO - Lavoratori autonomi","Bilanciato","","","","","","1.43","0.71","0.45","0.27","Sì","10,00","0,20%","0,20%","15","15","15","Non previste","Non previste","1,24%","ICE BofA Euro Government 1-3Y, ICE BofA Euro Government all mats, ICE BofA Euro Inflation Linked all mats, ICE BofA US Treasury all mats, ICE BofA Emerging external sovereign US Inv. Grade all mats, ICE BofA Euro Corporate all mats, ICE BofA US Corporate large cap all mats, MSCI World Net TR EUR Index, Private Debt, Private Equity, Real Asset","40,39%","59,61%","01/10/2002","SI, promuove CARATTERISTICHE AMBIENTALI O SOCIALI","4","https://solidarietaveneto.it","Tutte le categorie (fondo regionale Veneto)"
"FPN","87","Fondo Pensione Negoziale","SOLIDARIETA' VENETO - FONDO PENSIONE","SOLIDARIETA' VENETO - FONDO PENSIONE","GARANTITO - Lavoratori autonomi","Garantito","","","","","","1.79","1.07","0.82","0.63","Sì","10,00","0,55%","0,55%","15","15","15","Non previste","Non previste","1,24%","BBG Barclays Euro Tbills 0-3 m (LEB2TREU) + 0,5%","5,59%","93,80%","31/07/2007","NO, non ne tiene conto","3","https://solidarietaveneto.it","Tutte le categorie (fondo regionale Veneto)"
"FPN","87","Fondo Pensione Negoziale","SOLIDARIETA' VENETO - FONDO PENSIONE","SOLIDARIETA' VENETO - FONDO PENSIONE","GARANTITO - Lavoratori dipendenti","Garantito","","","","","","1.28","0.84","0.7","0.6","Sì","5,00","0,55%","0,55%","15","15","15","Non previste","Non previste","1,24%","BBG Barclays Euro Tbills 0-3 m (LEB2TREU) + 0,5%","5,59%","93,80%","31/07/2007","NO, non ne tiene conto","3","https://solidarietaveneto.it","Tutte le categorie (fondo regionale Veneto)"
"FPN","88","Fondo Pensione Negoziale","FONDO PENSIONE PREVIAMBIENTE","FONDO PENSIONE PREVIAMBIENTE","BILANCIATO","Obbligazionario Misto","8.48","2.31","2.76","2.96","3.57","1.22","0.66","0.48","0.36","Sì","10,32 euro (5,16 a carico datore, 5,16 a carico lavoratore)","0,29% del patrimonio su base annua","0,29% del patrimonio su base annua (spesa indiretta)","18 euro (o 24 in caso di vincolo)","18 euro (o 24 in caso di vincolo)","18 euro (o 24 in caso di vincolo)","9 euro","9 euro","1,10% della rendita annua (5% in caso di opzione F-Rendita annua LTC)","ICE BofA Euro Currency 3-Month Deposit 12%; ICE BofA Euro Broad Market 1-3 Year 18%; Bloomberg Barclays Global Aggregate Total Return Euro Hedged 35%; ICE BofA Euro Inflation Linked Government 5%; MSCI ACWI ESG Selection 15%; MSCI World Total Return Net 15%","circa 30%","circa 40% (obbligazioni medio-lungo termine) + 30% monetario","02/09/2002","Art. 6 (non promuove caratteristiche ambientali o sociali)","3","https://previambiente.it","Igiene ambientale e settori affini"
"FPN","88","Fondo Pensione Negoziale","FONDO PENSIONE PREVIAMBIENTE","FONDO PENSIONE PREVIAMBIENTE","GARANTITO","Garantito","3.12","-0.31","-0.32","0.09","","1.5","0.94","0.76","0.64","Sì","10,32 euro (5,16 a carico datore, 5,16 a carico lavoratore)","0,58% del patrimonio su base annua","0,58% del patrimonio su base annua (spesa indiretta)","18 euro (o 24 in caso di vincolo)","18 euro (o 24 in caso di vincolo)","18 euro (o 24 in caso di vincolo)","9 euro","9 euro","1,10% della rendita annua (5% in caso di opzione F-Rendita annua LTC)","ICE BofA 1-5 Year Euro Government Index 75%, ICE BofA 1-5 Year Italy Government Index 10%, ICE BofA 1-5 Year Euro Large Cap Corporate Index 10%, MSCI World Net Total Return EUR Index 5%","circa 5%","circa 95%","31/07/2007","Art. 6 (non promuove caratteristiche ambientali o sociali)","2","https://previambiente.it","Igiene ambientale e settori affini"
"FPN","88","Fondo Pensione Negoziale","FONDO PENSIONE PREVIAMBIENTE","FONDO PENSIONE PREVIAMBIENTE","AZIONARIO","Azionario","12.05","","","","","1.45","0.89","0.71","0.59","Sì","10,32 euro (5,16 a carico datore, 5,16 a carico lavoratore)","0,50% del patrimonio su base annua","0,50% del patrimonio su base annua (spesa indiretta)","18 euro (o 24 in caso di vincolo)","18 euro (o 24 in caso di vincolo)","18 euro (o 24 in caso di vincolo)","9 euro","9 euro","1,10% della rendita annua (5% in caso di opzione F-Rendita annua LTC)","MSCI World Net TR EURO 21%; MSCI Emerging Markets Net TR EURO 9%; MSCI World 100% Hedged to EURO Net TR 40%; Bloomberg Barclays Global Aggregate Total Return Index Euro Hedged 30%","circa 70%","circa 30% (inclusa liquidità)","01/01/2023","Art. 6 (non promuove caratteristiche ambientali o sociali)","5","https://previambiente.it","Igiene ambientale e settori affini"
"FPN","89","Fondo Pensione Negoziale","FONDO PENSIONE ALIFOND","FONDO PENSIONE ALIFOND","BILANCIATO","Bilanciato","7.89","1.31","3.08","3.21","3.46","0.87","0.53","0.38","0.25","Sì","Non previste","0,22% (0,20% commissione di gestione finanziaria, 0,02% commissione depositario)","0,20%","25 €","Non previste","15 €","Non previste","Non previste","15 € una tantum per avvio della prestazione e 5 € al momento dell’erogazione di ogni rata (per RITA)","ICE BofA Global Government Excluding Japan Index 24%; ICE BofA 1 - 10 Year Global Inflation - Linked Government Excluding Japan Index 7%; ICE BofA US Emerging Markets External Sovereign Index 4%; ICE BofA Global Corporate & High Yield Index 30%; MSCI Emu 3%; MSCI World All Country 32%","35%","65%","30/09/2003","NO, non ne tiene conto","3","https://alifond.it","Industria alimentare e settori affini"
"FPN","89","Fondo Pensione Negoziale","FONDO PENSIONE ALIFOND","FONDO PENSIONE ALIFOND","DINAMICO","Azionario","11.47","3.36","5.21","5.18","","0.8","0.46","0.31","0.18","Sì","Non previste","0,27% (0,25% commissione di gestione finanziaria, 0,02% commissione depositario)","0,25%","25 €","Non previste","15 €","Non previste","Non previste","15 € una tantum per avvio della prestazione e 5 € al momento dell’erogazione di ogni rata (per RITA)","ICE BofA Global Government Excluding Japan Index 13%; ICE BofA 1 - 10 Year Global Inflation - Linked Government Excluding Japan Index 4%; ICE BofA US Emerging Markets External Sovereign Index 3%; ICE BofA Global Corporate & High Yield Index 15%; MSCI Emu 5%; MSCI World Developed 25%; MSCI World Developed hedged 30%; MSCI Emerging Markets 5%","65%","35%","01/08/2009","NO, non ne tiene conto","4","https://alifond.it","Industria alimentare e settori affini"
"FPN","89","Fondo Pensione Negoziale","FONDO PENSIONE ALIFOND","FONDO PENSIONE ALIFOND","GARANTITO","Garantito","3.29","-0.03","-0.31","0.13","","1.2","0.87","0.71","0.59","Sì","Non previste","0,52% (0,50% commissione di gestione finanziaria, 0,02% commissione depositario)","0,50%","25 €","Non previste","15 €","Non previste","Non previste","15 € una tantum per avvio della prestazione e 5 € al momento dell’erogazione di ogni rata (per RITA)","tasso di rivalutazione del TFR","massimo 20%","prevalentemente titoli di debito","01/07/2007","NO, non ne tiene conto","2","https://alifond.it","Industria alimentare e settori affini"
"FPN","93","Fondo Pensione Negoziale","FONDO PENSIONE LABORFONDS","FONDO PENSIONE LABORFONDS","LINEA BILANCIATA","Bilanciato","5.57","-0.12","1.73","2.63","3.61","0.58","0.41","0.34","0.28","","","","","","","","","","","","","","","","3","https://laborfonds.it","Trentino Alto Adige (fondo regionale)"
"FPN","93","Fondo Pensione Negoziale","FONDO PENSIONE LABORFONDS","FONDO PENSIONE LABORFONDS","LINEA DINAMICA","Azionario","9.4","1.9","5.37","4.55","","0.53","0.36","0.29","0.23","","","","","","","","","","","","","","","","4","https://laborfonds.it","Trentino Alto Adige (fondo regionale)"
"FPN","93","Fondo Pensione Negoziale","FONDO PENSIONE LABORFONDS","FONDO PENSIONE LABORFONDS","LINEA GARANTITA","Garantito","2.63","1.66","1.02","0.75","","0.82","0.65","0.58","0.52","Sì","","","","","","","","","","","","","","","2","https://laborfonds.it","Trentino Alto Adige (fondo regionale)"
"FPN","93","Fondo Pensione Negoziale","FONDO PENSIONE LABORFONDS","FONDO PENSIONE LABORFONDS","LINEA PRUDENTE - ETICA","Obbligazionario Misto","5.49","-0.23","1.12","2.03","","0.46","0.29","0.22","0.17","","","","","","","","","","","","","","","","3","https://laborfonds.it","Trentino Alto Adige (fondo regionale)"
"FPN","99","Fondo Pensione Negoziale","FONDO PENSIONE FOPEN","FONDO PENSIONE FOPEN","BILANCIATO AZIONARIO","Azionario","11.03","2.61","5.1","4.28","4.36","0.95","0.67","0.56","0.48","Sì","5,16 €","15,5 € annui (quota fissa) + 0,39% del patrimonio su base annua (gestione finanziaria) + 0,02% (depositario) + 0,0125% (altro)","0,39% del patrimonio su base annua","20 €","Non previste","Non previste","Non previste","Non previste","1,24% della rata di rendita","13,5% ICE BofA Pan-Europe Govt., TR € hedged; 6,5% ICE BofA US Treasury, TR € hedged; 3% ICE BofA 1-10Y Global Inflat. Lkd. Govt. excl. Japan, TR € hedged; 1% ICE BofA US Emerging Markets Ext. Sov. IG, TR € hedged; 8% ICE BofA Global Corporate IG, TR € hedged; 3% ICE BofA Global Corp. High Yield BB-B, TR € hedged; 13% MSCI World, NTR €; 14% MSCI World, NTR 100% € hedged; 8,5% MSCI World ESG Screened Net EUR; 8,5% MSCI World ESG Screened 100% hdg to EUR, Net Return EUR 5,5% MSCI Emerging Markets, NTR €; 2% FTSE Italia Star; 7% Private Equity; Private Debt 5%; 1,5% Infrastrutture Equity","prevalentemente orientata verso titoli di natura azionaria, inclusi gli investimenti in FIA di private equity (7%) e infrastrutture equity (1,5%)","tra il 32% e il 48% del portafoglio, inclusi gli investimenti in FIA di private debt (5%)","16/06/2003","Il comparto non adotta una politica di investimento che promuove caratteristiche ambientali o sociali o ha come obiettivo investimenti sostenibili","4","https://fondofopen.it","Dipendenti Gruppo Enel"
"FPN","99","Fondo Pensione Negoziale","FONDO PENSIONE FOPEN","FONDO PENSIONE FOPEN","BILANCIATO OBBLIGAZIONARIO","Obbligazionario Misto","6.49","1.01","2.61","2.68","3.68","0.89","0.62","0.51","0.43","Sì","5,16 €","15,5 € annui (quota fissa) + 0,35% del patrimonio su base annua (gestione finanziaria) + 0,02% (depositario) + 0,0125% (altro)","0,35% del patrimonio su base annua","20 €","Non previste","Non previste","Non previste","Non previste","1,24% della rata di rendita","25% ICE BofA Pan-Europe Govt., TR € hedged; 12% ICE BofA US Treasury, TR € hedged; 6% ICE BofA 1-10Y Global Inflat. Lkd. Govt. excl. Japan, TR € hedged; 2% ICE BofA US Emerging Markets Ext. Sov. IG, TR € hedged; 15% ICE BofA Global Corporate IG, TR € hedged; 5% ICE BofA Global Corp. High Yield BB-B, TR € hedged; 12,5% MSCI World, NTR €; 8% MSCI World ESG Screened, Net EUR; 2,5% MSCI Emerging Markets, NTR €; 1% FTSE Italia Star; 5% Private Equity; 5% Private Debt; 1% Infrastrutture Equity","prevista una componente azionaria tra il 25% e il 35% del portafoglio inclusiva degli investimenti in FIA di private equity (5%) ed in infrastrutture equity (1%)","prevalentemente orientata verso titoli obbligazionari di media durata, inclusi gli investimenti in FIA di private debt (5%)","16/06/2003","Il comparto non adotta una politica di investimento che promuove caratteristiche ambientali o sociali o ha come obiettivo investimenti sostenibili","3","https://fondofopen.it","Dipendenti Gruppo Enel"
"FPN","99","Fondo Pensione Negoziale","FONDO PENSIONE FOPEN","FONDO PENSIONE FOPEN","OBBLIGAZIONARIO GARANTITO","Garantito","3.53","2.16","1.39","0.98","","1.05","0.78","0.67","0.58","Sì","5,16 €","15,5 € annui (quota fissa) + 0,50% del patrimonio su base annua (gestione finanziaria) + 0,02% (depositario) + 0,0125% (altro)","0,50% del patrimonio su base annua","20 €","Non previste","Non previste","Non previste","Non previste","1,24% della rata di rendita","5% ICE BofA Euro Government Index All Mat; 50% ICE BofA 1-5 Year Euro Government Index; 20% ICE BofA 1-5 Year Italy Government Index; 20% ICE BofA 1-5 Year Euro Large Cap Corporate Index; 5% MSCI World Net Total Return EUR Index","investimento in azioni in via residuale (comunque non superiore al 5%, come peso neutrale)","titoli di debito di breve/media durata (duration 3 anni)","01/06/2007","Il comparto non adotta una politica di investimento che promuove caratteristiche ambientali o sociali o ha come obiettivo investimenti sostenibili","2","https://fondofopen.it","Dipendenti Gruppo Enel"
"FPN","100","Fondo Pensione Negoziale","FONDO PENSIONE PEGASO","FONDO PENSIONE PEGASO","BILANCIATO","Bilanciato","6.46","0.91","2.13","2.5","3.55","1.07","0.73","0.6","0.49","Sì","5 euro","0,43% del patrimonio","0,43% del patrimonio","20 euro (10 euro in full digital)","Non previste","Non previste","Non previste","Non previste","1,10% (Unipol) o 1,48% (Generali) sulla rata di rendita","70% indici obbligazionari, 30% indici azionari","23,4% - 35%","52,4% - 75,6%","01/08/2002","SI, promuove CARATTERISTICHE AMBIENTALI O SOCIALI","3","https://fondopegaso.it","Imprese servizi pubblica utilità, Federutility"
"FPN","100","Fondo Pensione Negoziale","FONDO PENSIONE PEGASO","FONDO PENSIONE PEGASO","GARANTITO","Garantito","3.08","1.92","1.25","0.89","","1.22","0.88","0.75","0.64","Sì","5 euro","0,64% del patrimonio","0,64% del patrimonio","20 euro (10 euro in full digital)","Non previste","Non previste","Non previste","Non previste","1,10% (Unipol) o 1,48% (Generali) sulla rata di rendita","95% indici obbligazionari, 5% indici azionari","sino ad un massimo del 20%","sino ad un massimo del 100%","01/08/2007","SI, promuove CARATTERISTICHE AMBIENTALI O SOCIALI","2","https://fondopegaso.it","Imprese servizi pubblica utilità, Federutility"
"FPN","100","Fondo Pensione Negoziale","FONDO PENSIONE PEGASO","FONDO PENSIONE PEGASO","CRESCITA","Azionario","","","","","","0.97","0.64","0.5","0.39","Sì","5 euro","0,26% del patrimonio","0,26% del patrimonio","20 euro (10 euro in full digital)","Non previste","Non previste","Non previste","Non previste","1,10% (Unipol) o 1,48% (Generali) sulla rata di rendita","30% indici obbligazionari, 70% indici azionari","60% - 75%","15% - 40%","02/05/2024","SI, promuove CARATTERISTICHE AMBIENTALI O SOCIALI","3","https://fondopegaso.it","Imprese servizi pubblica utilità, Federutility"
"FPN","103","Fondo Pensione Negoziale","FONDO PENSIONE TELEMACO","FONDO PENSIONE TELEMACO","BILANCIATO (YELLOW)","Bilanciato","7.04","1.45","3.3","3.41","4.04","0.92","0.59","0.45","0.34","Sì","4,65 euro a carico del lavoratore e 4,65 euro a carico del datore di lavoro","0,32% del patrimonio","0,28% (comprensivi di commissioni massime per investimenti in FIA pari al 5,1%)","acquisto/ristrutturazione prima casa: 20 euro; ulteriori esigenze: 10 euro","non previste","non previste","10 euro","","1,10% del premio alla conversione in rendita","10% Euro-Aggregate Government 1-3 Year, 30% Bloomberg Global Aggregate TR hedged EUR, 12% MSCI Europe Index hedged to EUR TR, 18% MSCI World Net Total Return EUR Index, 18% MSCI World 100% Hedged to EUR Net Total Return Index, 6% MSCI World Small Cap Net Total Return EUR Index, 6% MSCI Emerging Markets Net Total Return EUR Index","60%","40%","01/07/2004","no, non ne tiene conto","3","https://fondotelemaco.it","Telecomunicazioni"
"FPN","103","Fondo Pensione Negoziale","FONDO PENSIONE TELEMACO","FONDO PENSIONE TELEMACO","GARANTITO (WHITE)","Garantito","3.97","0.16","0.69","0.94","","0.97","0.64","0.5","0.39","Sì","4,65 euro a carico del lavoratore e 4,65 euro a carico del datore di lavoro","0,34% del patrimonio","0,30% per oneri di gestione finanziaria e garanzia","non previste per spese sanitarie; altri casi 10-20 euro","non previste","non previste","10 euro","","1,10% del premio alla conversione in rendita","39% ICE BofA ML Italia Gov 1-5y Total Return €, 24% ICE BofA ML Euro Gov 1-5y Total return €, 19% ICE BofA ML Euro Gov all mats Total Return €, 10% ICE BofA ML Euro Corp. 1-5y Large Cap Total Return €, 8% MSCI Daily Net TR World Index","8%","92%","01/08/2007","no, non ne tiene conto","2","https://fondotelemaco.it","Telecomunicazioni"
"FPN","103","Fondo Pensione Negoziale","FONDO PENSIONE TELEMACO","FONDO PENSIONE TELEMACO","PRUDENTE (GREEN)","Obbligazionario Misto","5.04","0.5","1.96","2.26","3.32","0.82","0.49","0.36","0.25","Sì","4,65 euro a carico del lavoratore e 4,65 euro a carico del datore di lavoro","0,27% del patrimonio","0,23% (comprensivi di commissioni massime per investimenti in FIA pari al 4,7%)","acquisto/ristrutturazione prima casa: 20 euro; ulteriori esigenze: 10 euro","non previste","non previste","10 euro","","1,10% del premio alla conversione in rendita","20% Euro-Aggregate Government 1-3 Year, 45% Bloomberg Global Aggregate TR hedged EUR, 5% Bloomberg Global High Yield TR hedged EUR, 6% MSCI Europe Index hedged to EUR TR, 18% MSCI World Net Total Return EUR Index, 3% MSCI World Small Cap Net Total Return EUR Index, 3% MSCI Emerging Markets Net Total Return EUR Index","30%","70%","01/07/2004","no, non ne tiene conto","3","https://fondotelemaco.it","Telecomunicazioni"
"FPN","106","Fondo Pensione Negoziale","FONDO PENSIONE ARCO","FONDO PENSIONE ARCO","BILANCIATO DINAMICO","Bilanciato","10.39","2.12","4.08","4.29","","1.25","0.58","0.37","0.22","Sì","€ 10,33","0,25% del patrimonio su base annua","0,20% per commissioni finanziarie","€ 25,00","€ 20,00","€ 25,00 (riscatto immediato) o € 20,00 (pensionamento)","€ 15,00","€ 15,00","0,40%-1,48% sul premio, 0,50%-0,55% sul rendimento","10% ICE BofA 1-3 Year Euro Government; 40% ICE BofA Global Credit Hedged; 20% MSCI World Net Total Return EUR; 5% MSCI World Small Cap Net Total Return EUR; 5% MSCI Emerging Markets Daily Net TR EUR; 20% MSCI World 100% Hedged to EUR","53,72%","44,60%","01/07/2007","NO, non ne tiene conto","4","https://fondoarco.it","Legno, sughero, mobile, arredamento, boschivi/forestali, laterizi, manufatti in cemento, lapidei, maniglie"
"FPN","106","Fondo Pensione Negoziale","FONDO PENSIONE ARCO","FONDO PENSIONE ARCO","BILANCIATO PRUDENTE","Bilanciato","7.43","1.23","2.48","2.89","3.48","1.27","0.6","0.39","0.24","Sì","€ 10,33","0,29% del patrimonio su base annua","0,24% per commissioni finanziarie","€ 25,00","€ 20,00","€ 25,00 (riscatto immediato) o € 20,00 (pensionamento)","€ 15,00","€ 15,00","0,40%-1,48% sul premio, 0,50%-0,55% sul rendimento","20% ICE BofA 1-3 Year Euro Government; 40% ICE BofA Global Credit Hedged; 10% ICE BofA Global High Yield & Crossover; 24% MSCI World Net Total Return EUR; 3% MSCI World Small Cap Net Total Return EUR; 3% MSCI Emerging Markets Daily Net TR EUR","31,55%","65,14%","01/04/2003","NO, non ne tiene conto","3","https://fondoarco.it","Legno, sughero, mobile, arredamento, boschivi/forestali, laterizi, manufatti in cemento, lapidei, maniglie"
"FPN","106","Fondo Pensione Negoziale","FONDO PENSIONE ARCO","FONDO PENSIONE ARCO","GARANTITO","Garantito","3.76","0.07","0.63","0.66","","1.31","0.64","0.43","0.29","Sì","€ 10,33","0,22% del patrimonio su base annua","0,17% per commissioni finanziarie","€ 25,00","€ 20,00","€ 25,00 (riscatto immediato) o € 20,00 (pensionamento)","€ 15,00","€ 15,00","0,40%-1,48% sul premio, 0,50%-0,55% sul rendimento","null","4,63%","93,63%","01/07/2007","NO, non ne tiene conto","2","https://fondoarco.it","Legno, sughero, mobile, arredamento, boschivi/forestali, laterizi, manufatti in cemento, lapidei, maniglie"
"FPN","107","Fondo Pensione Negoziale","FONDO PENSIONE FONCER","FONDO PENSIONE FONCER","BILANCIATO","Bilanciato","5.71","1.16","2.39","2.64","3.71","1.34","0.77","0.55","0.38","Sì","16 euro","0,30% del patrimonio","0,22% (escluse commissioni di performance per private equity)","25 euro","10 euro","10 euro","10 euro (dalla seconda operazione)","","0,40% caricamento su premio unico, 0,50% su rendimento","42% ICE BofA Pan-Europe Govt. TR € hdg., 10% ICE BofA US Treasury TR € hdg., 5% ICE BofA Euro Inflation Linked Govt. TR €, 7,5% ICE BofA Euro Corp. TR €, 7,5% ICE BofA US Large Cap Corporate IG TR € hdg., 28% MSCI World AC Net Total Return €","15%-45%","55%-85%","01/12/2002","Art. 6 SFDR","3","https://foncer.it","Industria ceramica, materiali refrattari, sanitari, stoviglierie"
"FPN","107","Fondo Pensione Negoziale","FONDO PENSIONE FONCER","FONDO PENSIONE FONCER","DINAMICO","Azionario","8.01","1.49","4.36","4.57","","1.2","0.63","0.41","0.25","Sì","16 euro","0,17% del patrimonio","0,09%","25 euro","10 euro","10 euro","10 euro (dalla seconda operazione)","","0,40% caricamento su premio unico, 0,50% su rendimento","32% ICE BofA Pan-Europe Govt. TR € hdg., 10% ICE BofA US Treasury TR € hdg., 28% MSCI World 100% Hedged to EUR NTR €, 25% MSCI World NTR €, 5% MSCI Emerging Markets NTR €","50%-70%","30%-50%","01/05/2008","Art. 6 SFDR","4","https://foncer.it","Industria ceramica, materiali refrattari, sanitari, stoviglierie"
"FPN","107","Fondo Pensione Negoziale","FONDO PENSIONE FONCER","FONDO PENSIONE FONCER","GARANTITO","Garantito","3.22","1.64","0.93","0.61","","1.72","1.15","0.93","0.77","Sì","16 euro","0,68% del patrimonio","0,60%","25 euro","10 euro","10 euro","10 euro (dalla seconda operazione)","","0,40% caricamento su premio unico, 0,50% su rendimento","1,00% + Euro short-term rate (€STR)","fino al 15%","85%-100%","01/09/2007","Art. 6 SFDR","2","https://foncer.it","Industria ceramica, materiali refrattari, sanitari, stoviglierie"
"FPN","116","Fondo Pensione Negoziale","FONDO PENSIONE FONDAPI","FONDO PENSIONE FONDAPI","CRESCITA","Bilanciato","7.49","1.93","4.02","4.41","","0.87","0.51","0.36","0.24","Sì","11,36","22,00 euro fissi + 0,20% del patrimonio","0,20%","25","0","25","0,00 per il primo switch, 10,00 per i successivi","","1,10% del premio versato alla compagnia","ECPI EMU GOVERNANCE GOVERNMENT BOND (20,00%), ECPI GLOBAL DEVELOPED EX-EMU GOVERNANCE GOVERNMENT HEDGED BOND (6,75%), ECPI EMU GOVERNANCE GOVERNMENT INFLATION LINKED BOND (8,00%), ECPI GLOBAL DEVELOPED ESG CORPORATE EX FINANCIALS HEDGED BOND (11,25%), ECPI GLOBAL DEVELOPED ESG CORPORATE FINANCIALS HEDGED BOND (4,00%), ECPI GLOBAL DEVELOPED ESG BEST-IN-CLASS EQUITY NET RETURN (23,00%), ECPI GLOBAL DEVELOPED ESG BEST IN CLASS EQUITY NET RETURN EURO HEDGED (22,00%), ECPI EMERGING MARKETS ESG EQUITY NET RETURN (5,00%)","50%","50%","01/01/2008","SI, promuove CARATTERISTICHE AMBIENTALI O SOCIALI","4","https://fondapi.it","Piccola e media impresa (metalmeccanico, chimico, tessile, grafico, alimentare, edile, informatico, laterizi, cemento, lapidei, calce, gesso)"
"FPN","116","Fondo Pensione Negoziale","FONDO PENSIONE FONDAPI","FONDO PENSIONE FONDAPI","GARANZIA","Garantito","2.91","0.3","0.76","0.97","","1.2","0.84","0.69","0.57","Sì","11,36","22,00 euro fissi + 0,51% del patrimonio","0,51%","25","0","25","0,00 per il primo switch, 10,00 per i successivi","","1,10% del premio versato alla compagnia","MSCI World Net Total Return EUR Index (10,00%), ICE BofA 1-5 Year Euro Large Cap Corporate Index (10,00%), ICE BofA 1-5 Year Italy Government Index (10,00%), ICE BofA 1-5 Year Euro Government Index (70,00%)","10%","90%","01/09/2007","NO, non ne tiene conto","2","https://fondapi.it","Piccola e media impresa (metalmeccanico, chimico, tessile, grafico, alimentare, edile, informatico, laterizi, cemento, lapidei, calce, gesso)"
"FPN","116","Fondo Pensione Negoziale","FONDO PENSIONE FONDAPI","FONDO PENSIONE FONDAPI","PRUDENTE","Obbligazionario Misto","5.2","0.47","2.24","2.79","","0.85","0.49","0.33","0.21","Sì","11,36","22,00 euro fissi + 0,18% del patrimonio","0,18%","25","0","25","0,00 per il primo switch, 10,00 per i successivi","","1,10% del premio versato alla compagnia","ECPI EMU GOVERNANCE GOVERNMENT 1-3Y BOND INDEX (12,00%), ECPI EMU GOVERNANCE GOVERNMENT BOND INDEX (21,375%), ECPI GLOBAL DEVELOPED EX-EMU GOVERNANCE GOVERNMENT HEDGED BOND INDEX (10,125%), ECPI EMU GOVERNANCE GOVERNMENT INFLATION LINKED BOND INDEX (8,625%), ECPI GLOBAL DEVELOPED ESG CORPORATE EX FINANCIALS HEDGED BOND INDEX (16,875%), ECPI GLOBAL DEVELOPED ESG CORPORATE FINANCIALS HEDGED BOND INDEX (6,000%), ECPI GLOBAL DEVELOPED ESG BEST-IN-CLASS EQUITY NET RETURN INDEX (22,500%), ECPI EMERGING MARKETS ESG EQUITY NET RETURN INDEX (2,500%)","25%","75%","01/01/2008","SI, promuove CARATTERISTICHE AMBIENTALI O SOCIALI","3","https://fondapi.it","Piccola e media impresa (metalmeccanico, chimico, tessile, grafico, alimentare, edile, informatico, laterizi, cemento, lapidei, calce, gesso)"
"FPN","117","Fondo Pensione Negoziale","FONDO PENSIONE PREVIMODA","FONDO PENSIONE PREVIMODA","GARANTITO","Garantito","4.13","-0.06","-0.16","0.28","","1.37","1.01","0.86","0.74","Sì","5€ a carico lavoratore e 5€ a carico azienda da versare in unica soluzione all’atto dell’adesione per i CCNL tessile abbigliamento, calzature, pelle cuoio, spazzole pennelli e scope, articoli per scrittura e affini e settore della concia. 2,58€ a carico lavoratore all’atto dell’adesione per i CCNL giocattoli, lavanderie industriali, occhialeria.","22 € a titolo di quota associativa annua ridotto a 12 € per i familiari fiscalmente a carico.","0,668% del patrimonio (di cui 0,625% per la gestione finanziaria, 0,043% per la banca depositaria e le spese amministrative riconducibili alla gestione finanziaria).","10€ per spese sanitarie; 25€ per acquisto/ristrutturazione prima casa e ulteriori esigenze.","","25€","","","Caricamento di 0,40% sulla somma versata dal fondo alla compagnia di assicurazione per la rendita; 0,50% in termini di rendimento trattenuto sulla rivalutazione annua.","95,00% JP Morgan EGBI 1-5 years, 5,00% MSCI EMU Net Return local currency","5,59%","88,92%","01.11.2007","Non promuove caratteristiche ambientali e/o sociali e non ha come obiettivo investimenti sostenibili.","2","https://previmoda.it","Industria tessile-abbigliamento, calzature, settori moda"
"FPN","117","Fondo Pensione Negoziale","FONDO PENSIONE PREVIMODA","FONDO PENSIONE PREVIMODA","RUBINO AZIONARIO","Azionario","8.84","1.42","4.14","4.42","","0.95","0.58","0.43","0.31","Sì","5€ a carico lavoratore e 5€ a carico azienda da versare in unica soluzione all’atto dell’adesione per i CCNL tessile abbigliamento, calzature, pelle cuoio, spazzole pennelli e scope, articoli per scrittura e affini e settore della concia. 2,58€ a carico lavoratore all’atto dell’adesione per i CCNL giocattoli, lavanderie industriali, occhialeria.","22 € a titolo di quota associativa annua ridotto a 12 € per i familiari fiscalmente a carico.","0,261% del patrimonio (di cui 0,218% per la gestione finanziaria, 0,043% per la banca depositaria e le spese amministrative riconducibili alla gestione finanziaria).","10€ per spese sanitarie; 25€ per acquisto/ristrutturazione prima casa e ulteriori esigenze.","","25€","","","Caricamento di 0,40% sulla somma versata dal fondo alla compagnia di assicurazione per la rendita; 0,50% in termini di rendimento trattenuto sulla rivalutazione annua.","17,60% ICE BofA Pan Europe govt 1-10 Year Total Return € hedged, 17,60% ICE BofA 1-10 Year US Treasury € hedged, 5,30% MSCI Emerging Markets unhedged, 29,00% MSCI World 100% hedged to EUR, 18,50% MSCI World € unhedged, 12,00% Obiettivo Reddituale per il Private Equity (FOF PEI)","63,30%","35,01%","02.05.2008","Non promuove caratteristiche ambientali e/o sociali e non ha come obiettivo investimenti sostenibili.","4","https://previmoda.it","Industria tessile-abbigliamento, calzature, settori moda"
"FPN","117","Fondo Pensione Negoziale","FONDO PENSIONE PREVIMODA","FONDO PENSIONE PREVIMODA","SMERALDO BILANCIATO","Bilanciato","6.05","1.02","2.71","2.89","3.73","0.93","0.56","0.41","0.29","Sì","5€ a carico lavoratore e 5€ a carico azienda da versare in unica soluzione all’atto dell’adesione per i CCNL tessile abbigliamento, calzature, pelle cuoio, spazzole pennelli e scope, articoli per scrittura e affini e settore della concia. 2,58€ a carico lavoratore all’atto dell’adesione per i CCNL giocattoli, lavanderie industriali, occhialeria.","22 € a titolo di quota associativa annua ridotto a 12 € per i familiari fiscalmente a carico.","0,237% del patrimonio (di cui 0,194% per la gestione finanziaria, 0,043% per la banca depositaria e le spese amministrative riconducibili alla gestione finanziaria).","10€ per spese sanitarie; 25€ per acquisto/ristrutturazione prima casa e ulteriori esigenze.","","25€","","","Caricamento di 0,40% sulla somma versata dal fondo alla compagnia di assicurazione per la rendita; 0,50% in termini di rendimento trattenuto sulla rivalutazione annua.","19,40% ICE BofA Pan Europe govt 1-10 anni, 12,40% ICE BofA 1-10 Year US Treasury € hedged, 9,90% ICE BofA 1-10 Year Global Inflation Linked Government ex-Japan Total Return € hedged, 11,10% ICE BofA Global Corporate Total Return € hedged, 2,20% ICE BofA Global Corporate High Yield BB-B rated, Total Return € hedged, 18,00% MSCI World All Countries € unhedged, 18,00% Eurostat Eurozone HICP ex Tobacco Unrevised Series NSA+2,5%, 3,00% Obiettivo Reddituale per il Private Equity, 3,00% Obiettivo Reddituale per il Private Debt, 3,00% Obiettivo Reddituale per le Infrastrutture.","34,06%","63,25%","29.10.2004","Non promuove caratteristiche ambientali e/o sociali e non ha come obiettivo investimenti sostenibili.","3","https://previmoda.it","Industria tessile-abbigliamento, calzature, settori moda"
"FPN","122","Fondo Pensione Negoziale","FONDO PENSIONE CONCRETO","FONDO PENSIONE CONCRETO","BILANCIATO","Obbligazionario Misto","7.45","1.4","2.39","2.46","3.38","1.03","0.61","0.42","0.26","Sì","12,91 euro a carico del datore di lavoro","0,192% del patrimonio su base annua","0,10% per commissione di gestione","20,00 euro","Non previste","20,00 euro","10,00 euro (escluso il primo gratuito)","Non previste","Non sono previsti costi","40% JPM EMU Investment Grade 1-3 in Local Currency; 20% Jp Morgan Global Govt Bond Emu; 10% BofA Merrill Lynch Euro Corporate Index; 5% BofA Merrill Lynch Euro High Yield Index; 25% MSCI AC World Daily TR Net EUR","dal 15 al 35% del valore di mercato del portafoglio","prevalentemente classificati come Investment grade","31/12/2002","NO","3","https://fondoconcreto.it","Industria cemento, calce, gesso e relativi manufatti, malte, materiali base costruzioni"
"FPN","122","Fondo Pensione Negoziale","FONDO PENSIONE CONCRETO","FONDO PENSIONE CONCRETO","GARANTITO","Garantito","3.53","0.04","0.51","0.5","","1.22","0.8","0.61","0.46","Sì","12,91 euro a carico del datore di lavoro","0,382% del patrimonio su base annua","0,29% per commissione di gestione","20,00 euro","Non previste","20,00 euro","10,00 euro (escluso il primo gratuito)","Non previste","Non sono previsti costi","40% JP Morgan Italia 1-5 Y; 20% JP Morgan Emu IG all maturities; 25% JP Morgan Emu gov IG 1-5 Y; 10% ICE BofAML 1-5 Year Euro Large Cap Corporate Index; 5% MSCI Daily Net TR World Index","limite massimo del 10% sul totale delle risorse affidate in Gestione","titoli di debito di breve/media durata (duration 3 anni)","01/07/2007","NO","2","https://fondoconcreto.it","Industria cemento, calce, gesso e relativi manufatti, malte, materiali base costruzioni"
"FPN","123","Fondo Pensione Negoziale","FONDO PENSIONE FON.TE.","FONDO PENSIONE FON.TE.","CONSERVATIVO","Garantito","3.07","-0.31","-0.23","0.3","","1.9","1.24","1.03","0.9","Sì","15,50 € (lavoratori dipendenti), 30,00 € (liberi professionisti)","0,5745%","0,5647%","24 € (34 € con vincoli)","30 € (40 € con vincoli)","Non previsti","5 €","Non previsti","1,1% - 2,2% della rendita","ICE BofA 1-5 Year Euro Government (5%), ICE BofA 1-5 Year Italy Government (5%), ICE BofA 1-10 Year Euro Inflation-Linked Government (32,5%), ICE BofA 1-3 Year Euro Corporate (5%), MSCI World Net Total Return EUR (2,5%), Tasso di Rivalutazione del TFR (50%)","5,06%","89,72%","31/07/2007","Il comparto tiene in considerazione i rischi ESG ma non promuove caratteristiche ambientali/sociali (Art. 6 SFDR)","2","https://fondofonte.it","Commercio, servizi, artigianato, turismo, terziario"
"FPN","123","Fondo Pensione Negoziale","FONDO PENSIONE FON.TE.","FONDO PENSIONE FON.TE.","CRESCITA","Bilanciato","5.73","0.09","2.44","3.23","","1.23","0.57","0.36","0.23","Sì","15,50 € (lavoratori dipendenti), 30,00 € (liberi professionisti)","0,1925%","0,1827%","24 € (34 € con vincoli)","30 € (40 € con vincoli)","Non previsti","5 €","Non previsti","1,1% - 2,2% della rendita","ICE BofAML Pan-Europe Government All mats (35%), ICE BofAML US Treasury All mats (10%), ICE BofAML Euro Corporate All mats (15%), Dow Jones Sustainability World Net Return EUR (35%), Dow Jones Sustainability World Net Return Local Currency (5%)","40,83%","54,27%","30/06/2008","Il comparto tiene in considerazione i rischi ESG ma non promuove caratteristiche ambientali/sociali (Art. 6 SFDR)","3","https://fondofonte.it","Commercio, servizi, artigianato, turismo, terziario"
"FPN","123","Fondo Pensione Negoziale","FONDO PENSIONE FON.TE.","FONDO PENSIONE FON.TE.","DINAMICO","Azionario","8.63","1.96","4.42","4.72","","1.24","0.57","0.36","0.23","Sì","15,50 € (lavoratori dipendenti), 30,00 € (liberi professionisti)","0,1894%","0,1796%","24 € (34 € con vincoli)","30 € (40 € con vincoli)","Non previsti","5 €","Non previsti","1,1% - 2,2% della rendita","ICE BofAML Pan-Europe Government All mats (25%), ICE BofAML US Treasury All mats (5%), ICE BofAML Euro Corporate All mats (10%), Dow Jones Sustainability World Net Return EUR (35%), Dow Jones Sustainability World Net Return Local Currency (25%)","61,90%","31,94%","31/07/2008","Il comparto tiene in considerazione i rischi ESG ma non promuove caratteristiche ambientali/sociali (Art. 6 SFDR)","4","https://fondofonte.it","Commercio, servizi, artigianato, turismo, terziario"
"FPN","123","Fondo Pensione Negoziale","FONDO PENSIONE FON.TE.","FONDO PENSIONE FON.TE.","SVILUPPO","Obbligazionario Misto","5.15","0.19","1.83","2.2","","1.27","0.6","0.4","0.27","Sì","15,50 € (lavoratori dipendenti), 30,00 € (liberi professionisti)","0,2585%","0,2487%","24 € (34 € con vincoli)","30 € (40 € con vincoli)","Non previsti","5 €","Non previsti","1,1% - 2,2% della rendita","ICE BofAML 1-10 Year Pan-Europe Government (40%), ICE BofAML 1-10 Year US Treasury (10%), ICE BofAML US Emerging Markets External Sovereign IG (5%), ICE BofAML Euro Corporate All mats (10%), ICE BofA US Large Cap Corporate Index (10%), Dow Jones Sustainability World Net Return EUR (22,5%), MSCI Italy Small Cap (2,5%)","24,04%","67,78%","30/01/2004","Il comparto tiene in considerazione i rischi ESG ma non promuove caratteristiche ambientali/sociali (Art. 6 SFDR)","3","https://fondofonte.it","Commercio, servizi, artigianato, turismo, terziario"
"FPN","124","Fondo Pensione Negoziale","FONDO PENSIONE BYBLOS","FONDO PENSIONE BYBLOS","BILANCIATO","Bilanciato","7.29","1.01","2.49","2.86","3.41","1.28","0.7","0.51","0.37","Sì","5,16 euro","0,32% del patrimonio su base annua","0,32% del patrimonio su base annua (spese indirette)","20 euro","20 euro","20 euro","10 euro in occasione di ogni riallocazione ad eccezione della prima","Non prevista","20 euro alla prima erogazione e 10 euro alle successive","Non ha un benchmark di riferimento, obiettivo di rendimento pari o maggiore alla rivalutazione del TFR e volatilità max 4,5% annualizzato","34,83%","69,39%","13/06/2005","NO, non ne tiene conto","3","https://fondobyblos.it","Industria carta e cartone, aziende grafiche editoriali, comunicazione, spettacolo, sport e tempo libero"
"FPN","124","Fondo Pensione Negoziale","FONDO PENSIONE BYBLOS","FONDO PENSIONE BYBLOS","DINAMICO","Azionario","11.49","3.02","5.43","4.86","","1.16","0.57","0.38","0.25","Sì","5,16 euro","0,18% del patrimonio su base annua","0,18% del patrimonio su base annua (spese indirette)","20 euro","20 euro","20 euro","10 euro in occasione di ogni riallocazione ad eccezione della prima","Non prevista","20 euro alla prima erogazione e 10 euro alle successive","11% MSCI World TR Net Euro, 28% MSCI World Total Return 100% Hedged to Euro, 9% MSCI Europe TR EUR, 6% MSCI World Small Cap TR Net Euro, 6% MSCI Emerging Markets TR Net euro, 15% Bloomberg Barclays Euro Aggregate Govt 1-3 year, 25% Bloomberg Barclays Global Treasuries Total R Index Hedged Eur","63,24%","34,97%","31/10/2008","SI, promuove CARATTERISTICHE AMBIENTALI O SOCIALI","4","https://fondobyblos.it","Industria carta e cartone, aziende grafiche editoriali, comunicazione, spettacolo, sport e tempo libero"
"FPN","124","Fondo Pensione Negoziale","FONDO PENSIONE BYBLOS","FONDO PENSIONE BYBLOS","GARANTITO","Garantito","2.59","-0.44","-0.04","0.52","","1.53","0.95","0.76","0.62","Sì","5,16 euro","0,55% del patrimonio su base annua","0,55% del patrimonio su base annua (spese indirette)","20 euro","20 euro","20 euro","10 euro in occasione di ogni riallocazione ad eccezione della prima","Non prevista","20 euro alla prima erogazione e 10 euro alle successive","Non ha un benchmark di riferimento, obiettivo di rendimento pari o maggiore alla rivalutazione del TFR e volatilità max 4,5% annualizzato","4,85%","85,57%","01/07/2007","NO, non ne tiene conto","2","https://fondobyblos.it","Industria carta e cartone, aziende grafiche editoriali, comunicazione, spettacolo, sport e tempo libero"
"FPN","125","Fondo Pensione Negoziale","FONDO PENSIONE FONDO GOMMA PLASTICA","FONDO PENSIONE FONDO GOMMA PLASTICA","BILANCIATO","Bilanciato","6.04","0.21","2.08","2.75","","1.18","0.62","0.43","0.3","Sì","3,62 euro","0,245% del patrimonio","0,174% (dato 2025)","20 euro (per anticipazioni del 30%)","20 euro","20 euro (in presenza di vincolo di cessione del quinto)","0 euro","0 euro","0,40% annuo di caricamento sui coefficienti di conversione e 0,50% di rendimento trattenuto","Composizione di indici: 18,32% LEATTREU, 16,67% LEB2TREU, 13% LGCPTREH, 12,67% LUATTREH, 4% LF94TREH, 2,67% BEHGTREH, 2,67% H30768EU, 3% MSDEEEMN, 4% NDDLEMU, 3% NDDLEXEU, 2% MSDEITSN, 6% MSDENAN, 6% NDDLNA, 3% MSDEPN, 3% NDDLP","33,22%","62,61%","01/07/2006","Non promuove caratteristiche ambientali e/o sociali (Art. 6)","3","https://fondogommaplastica.it","Gomma, cavi elettrici, materie plastiche"
"FPN","125","Fondo Pensione Negoziale","FONDO PENSIONE FONDO GOMMA PLASTICA","FONDO PENSIONE FONDO GOMMA PLASTICA","CONSERVATIVO CON GARANZIA","Garantito","3.72","1.63","1.04","0.8","","1.58","1.02","0.84","0.71","Sì","3,62 euro","0,641% del patrimonio","0,588% (dato 2025)","20 euro (per anticipazioni del 30%)","20 euro","20 euro (in presenza di vincolo di cessione del quinto)","0 euro","0 euro","0,40% annuo di caricamento sui coefficienti di conversione e 0,50% di rendimento trattenuto","Peso 40% EG0V, 30% GVI0, 20% ERLV, 5% EG00, 5% MSDEWIN","5,11%","94,74%","01/07/2006","Non promuove caratteristiche ambientali e/o sociali (Art. 6)","2","https://fondogommaplastica.it","Gomma, cavi elettrici, materie plastiche"
"FPN","125","Fondo Pensione Negoziale","FONDO PENSIONE FONDO GOMMA PLASTICA","FONDO PENSIONE FONDO GOMMA PLASTICA","DINAMICO","Azionario","9.05","1.56","4","4.37","","1.06","0.5","0.31","0.18","Sì","3,62 euro","0,134% del patrimonio","0,108% (dato 2025)","20 euro (per anticipazioni del 30%)","20 euro","20 euro (in presenza di vincolo di cessione del quinto)","0 euro","0 euro","0,40% annuo di caricamento sui coefficienti di conversione e 0,50% di rendimento trattenuto","14% LEATTREU, 12% LUATTREH, 14% LGCPTREH, 8% NDDLEMU, 6% NDDLEXEU, 12% MSDENAN, 12% NDDLNA, 6% MSDEPN, 6% NDDLP, 6% MSDEEEMN, 4% MSDEITSN","60,94%","37,24%","01/07/2006","Non promuove caratteristiche ambientali e/o sociali (Art. 6)","4","https://fondogommaplastica.it","Gomma, cavi elettrici, materie plastiche"
"FPN","126","Fondo Pensione Negoziale","FONDO PENSIONE MEDIAFOND","FONDO PENSIONE MEDIAFOND","COMPARTO AZIONARIO","Azionario","15.36","3.01","7.61","7.19","","0.85","0.51","0.36","0.23","Sì","Non previste","10% dell’extra rendimento, se positivo, realizzato nei confronti del benchmark di riferimento alla scadenza della convenzione (su base triennale)","0,12% del patrimonio su base annua; 0,03% per commissioni depositario; 0,02% per commissioni amministrative","Non previste","Non previste","Non previste","Non previste","Non previste","1,1% della rendita annua (5% per la sola opzione rendita LTC) (periodicità annuale)","68% MSCI World 100% Hedged to Eur Net TR Index; 10% MSCI Net TR Europe EUR Index; 11% MSCI Net TR Emerging Markets Net Total Return EUR Index; 11% MSCI World Small Cap Net Total Return EUR Index","strumenti azionari, azioni quotate o quotande prevalentemente su mercati regolamentati, opzioni e contratti futures su indici azionari e valutari","non previsto in misura prevalente","01/01/2013","NO, non ne tiene conto","5","https://mediafond.it","Dipendenti Gruppo Mediaset"
"FPN","126","Fondo Pensione Negoziale","FONDO PENSIONE MEDIAFOND","FONDO PENSIONE MEDIAFOND","COMPARTO GARANTITO","Garantito","3.09","0.42","0.9","0.78","","1.06","0.72","0.57","0.44","Sì","Non previste","0,35% del patrimonio su base annua; 0,03% per commissioni depositario; 0,02% per commissioni amministrative","0,35% del patrimonio su base annua; 0,03% per commissioni depositario; 0,02% per commissioni amministrative","Non previste","Non previste","Non previste","Non previste","Non previste","1,1% della rendita annua (5% per la sola opzione rendita LTC) (periodicità annuale)","tasso di rivalutazione TFR","non superiore al 10% delle risorse complessive","titoli di debito e altre attività di natura obbligazionaria; titoli governativi prevalentemente dell'area OCSE","01/07/2007","NO, non ne tiene conto","2","https://mediafond.it","Dipendenti Gruppo Mediaset"
"FPN","126","Fondo Pensione Negoziale","FONDO PENSIONE MEDIAFOND","FONDO PENSIONE MEDIAFOND","COMPARTO OBBLIGAZIONARIO","Obbligazionario Puro","3.35","-0.52","0.02","0.71","","0.8","0.46","0.31","0.18","Sì","Non previste","0,09% del patrimonio su base annua; 0,03% per commissioni depositario; 10% dell'extra rendimento, se positivo, realizzato nei confronti del benchmark di riferimento alla scadenza della convenzione; 0,02% per commissioni amministrative","0,09% del patrimonio su base annua; 0,03% per commissioni depositario; 10% dell'extra rendimento, se positivo; 0,02% per commissioni amministrative","Non previste","Non previste","Non previste","Non previste","Non previste","1,1% della rendita annua (5% per la sola opzione rendita LTC) (periodicità annuale)","20% Bloomberg Euro Aggregate 1-3-Year Total Return Index Unhedged; 10% Bloomberg Global Inflation EuroZone CPI Unhedged; 60% Bloomberg Global-Aggregate Total Return Index Value Hedged; 10% Bloomberg Global High Yield TR Unhedged","non previsto (obbligazionario puro)","titoli di debito governativi, societari, enti sovranazionali e agenzie; obbligazioni societarie max 40%","01/01/2013","NO, non ne tiene conto","2","https://mediafond.it","Dipendenti Gruppo Mediaset"
"FPN","127","Fondo Pensione Negoziale","PREVAER - FONDO PENSIONE","PREVAER - FONDO PENSIONE","LINEA CRESCITA","Bilanciato","7.43","1.32","2.69","3.02","","1.08","0.58","0.4","0.27","Sì","5,16","0,28% del patrimonio su base annua","0,21% (di cui 0,08% strumenti liquidi, 0,13% strumenti illiquidi FIA)","10,00","10,00","10,00","10,00","Non previste","3,00 su ciascuna rata erogata","70% Citigroup EMU GBI All Maturities Euro, 20% Citigroup EMU GBI 1 to 3 Year Euro, 30% MSCI Daily Euro World NT","31,17%","68,83%","01.04.2005","NO","3","https://prevaer.it","Settore aereo e personale di terra"
"FPN","127","Fondo Pensione Negoziale","PREVAER - FONDO PENSIONE","PREVAER - FONDO PENSIONE","LINEA DINAMICA","Bilanciato","10.24","2.3","4.23","4.44","","1.08","0.58","0.4","0.27","Sì","5,16","0,28% del patrimonio su base annua","0,21% (di cui 0,08% strumenti liquidi, 0,13% strumenti illiquidi FIA)","10,00","10,00","10,00","10,00","Non previste","3,00 su ciascuna rata erogata","40% Citigroup Emu GBI ALL MAT Euro, 10% Citigroup Emu GBI 1 to 3 years Euro, 30% MSCI Daily Euro World NT, 20% MSCI World 100% Hedged to Eur Net TR","49,05%","50,95%","31.12.2007","NO","4","https://prevaer.it","Settore aereo e personale di terra"
"FPN","127","Fondo Pensione Negoziale","PREVAER - FONDO PENSIONE","PREVAER - FONDO PENSIONE","LINEA GARANTITA","Garantito","3.26","2.22","1.46","1.02","","1.4","0.91","0.72","0.59","Sì","5,16","0,52% del patrimonio su base annua","0,45% per la gestione finanziaria","10,00","10,00","10,00","10,00","Non previste","3,00 su ciascuna rata erogata","5% ICE BofA Euro Government Index All Mat, 50% ICE BofA 1 - 5 Year Euro Government Index, 20% ICE BofA 1 - 5 Year Italy Government Index, 20% ICE BofA 1 - 5 Year Euro Large Cap Corporate Index, 5% MSCI World Net Total Return EUR Index","5,16%","94,84%","31.08.2007","NO","3","https://prevaer.it","Settore aereo e personale di terra"
"FPN","127","Fondo Pensione Negoziale","PREVAER - FONDO PENSIONE","PREVAER - FONDO PENSIONE","LINEA PRUDENTE","Obbligazionario Misto","2.9","-1.02","-0.03","0.9","","1.07","0.57","0.39","0.25","Sì","5,16","0,23% del patrimonio su base annua","0,16% (di cui 0,08% strumenti liquidi, 0,08% strumenti illiquidi FIA)","10,00","10,00","10,00","10,00","Non previste","3,00 su ciascuna rata erogata","70% Citigroup Emu GBI ALL MAT Euro, 25% Citigroup Emu GBI 1 to 3 years Euro, 5% MSCI Daily Euro World NT","7,68%","92,32%","31.12.2007","NO","2","https://prevaer.it","Settore aereo e personale di terra"
"FPN","129","Fondo Pensione Negoziale","FONDO PENSIONE EUROFER","FONDO PENSIONE EUROFER","BILANCIATO","Bilanciato","7.05","1.1","2.47","2.95","3.41","0.8","0.4","0.29","0.22","Sì","5,16 €","0,18% del patrimonio su base annua","0,18% (di cui 0,06% gestione diretta, 0,04% incentivo, 0,02% depositario)","Non previste","20 € in costanza di requisiti; Non previste per cessazione requisiti","Non previste","10 € (dalla seconda in poi)","Non previste","0,40% al momento della conversione; 0,50% annuo di rendimento trattenuto","Bloomberg Euro Aggregate 1-3 Y, Bloomberg Global Treasuries, Bloomberg Global Aggregate, Bloomberg Global High Yield, MSCI World, MSCI World Small Cap, MSCI Emerging Market","33,06%","64,88%","05/11/2004","NO","3","https://fondoeurofer.it","Ferrovie e Anas"
"FPN","129","Fondo Pensione Negoziale","FONDO PENSIONE EUROFER","FONDO PENSIONE EUROFER","DINAMICO","Azionario","11.6","2.52","4.7","5.02","","0.74","0.34","0.23","0.16","Sì","5,16 €","0,12% del patrimonio su base annua","0,16% (di cui 0,09% gestione diretta, 0,06% incentivo, 0,01% depositario)","Non previste","20 € in costanza di requisiti; Non previste per cessazione requisiti","Non previste","10 € (dalla seconda in poi)","Non previste","0,40% al momento della conversione; 0,50% annuo di rendimento trattenuto","Bloomberg Euro Government 1-3Y TR, Bloomberg Global Aggregate TR, MSCI World Developed 100% Hedged, MSCI World Developed, MSCI Emerging Markets, MSCI World Small Cap","62,19%","35,95%","01/02/2009","NO","4","https://fondoeurofer.it","Ferrovie e Anas"
"FPN","129","Fondo Pensione Negoziale","FONDO PENSIONE EUROFER","FONDO PENSIONE EUROFER","GARANTITO","Garantito","2.62","0.78","0.72","0.72","","1.17","0.78","0.67","0.59","Sì","5,16 €","0,48% del patrimonio su base annua","0,50% (di cui 0,48% gestione diretta, 0,00% incentivo, 0,02% depositario)","Non previste","20 € in costanza di requisiti; Non previste per cessazione requisiti","Non previste","10 € (dalla seconda in poi)","Non previste","0,40% al momento della conversione; 0,50% annuo di rendimento trattenuto","Nessuno (gestione total return)","5,12%","92,69%","01/10/2007","NO","2","https://fondoeurofer.it","Ferrovie e Anas"
"FPN","136","Fondo Pensione Negoziale","FONDO PENSIONE PREVEDI","FONDO PENSIONE PREVEDI","BILANCIATO","Bilanciato","6.64","0.66","2.49","2.95","","0.42","0.27","0.21","0.17","Sì","4,5 euro","4,5 euro (quota associativa annua)","0,17% del patrimonio su base annua (di cui 0,151% per i gestori e 0,019% per il depositario)","non specificato","non specificato","non specificato","non specificato","non specificato","1,24% della rata di rendita","benchmark ESG emesso dalla società ECPI Srl","quota massima titoli di capitale 44,6%","quota titoli di debito 60,7% (allocazione strategica complessiva dal 01/01/2026)","02/01/2007","SI, promuove CARATTERISTICHE AMBIENTALI O SOCIALI","3","https://prevedi.it","Imprese industriali, artigiane, edili e affini"
"FPN","136","Fondo Pensione Negoziale","FONDO PENSIONE PREVEDI","FONDO PENSIONE PREVEDI","SICUREZZA","Garantito","3.72","0.03","0.67","0.86","","0.48","0.33","0.27","0.23","Sì","4,5 euro","4,5 euro (quota associativa annua)","0,209% del patrimonio su base annua (di cui 0,16% per la garanzia, 0,03% per il gestore e 0,019% per il depositario)","non specificato","non specificato","non specificato","non specificato","non specificato","1,24% della rata di rendita","non adotta un benchmark, ma si pone come obiettivo di rendimento la remunerazione del TFR aziendale","quota massima 10%","titoli obbligazionari governativi min 50%, societari max 40%","03/09/2007","NO, non ne tiene conto","2","https://prevedi.it","Imprese industriali, artigiane, edili e affini"
"FPN","139","Fondo Pensione Negoziale","FONDO PENSIONE PRIAMO","FONDO PENSIONE PRIAMO","BILANCIATO PRUDENZA","Obbligazionario Misto","4.63","1.79","1.98","1.77","","1.4","0.56","0.34","0.21","Sì","5,16 euro a carico dell'aderente (in unica soluzione all'atto dell'adesione) e 5,16 euro a carico dell'azienda. Non previste per adesioni contrattuali.","18,00 euro quota associativa annuale (imputazione 1,50 euro/mese).","0,14% annuo su patrimonio + 0,02% commissione depositario.","Non previste","50 euro (una tantum)","20 euro (una tantum)","Non previste","Non previste","1,10% della rendita annua (5% per opzione F per perdita autosufficienza fisica)","6,25% Bloomberg EURO Agg Treasury; 4,25% Bloomberg Global Treasury EUR Hedged; 8,50% Bloomberg Global Aggregate Corporate EUR Hedged; 50,00% Bloomberg Euro Aggregate Corporate; 8,25% Bloomberg Global High Yield Corporate EUR Hedged; 6,00% Bloomberg Euro High Yield BB; 5,75% MSCI Europe EUR Hedged; 11,00% MSCI All Country World EUR Hedged.","massimo 17,5%","Prevalentemente obbligazionario","01/11/2009","NO","3","https://fondopriamo.it","Servizi trasporto pubblico e settori affini"
"FPN","139","Fondo Pensione Negoziale","FONDO PENSIONE PRIAMO","FONDO PENSIONE PRIAMO","BILANCIATO SVILUPPO","Bilanciato","5.81","1.03","2.69","2.82","","1.4","0.56","0.34","0.21","Sì","5,16 euro a carico dell'aderente (in unica soluzione all'atto dell'adesione) e 5,16 euro a carico dell'azienda. Non previste per adesioni contrattuali.","18,00 euro quota associativa annuale (imputazione 1,50 euro/mese).","0,13% annuo su patrimonio + 0,02% commissione depositario.","Non previste","50 euro (una tantum)","20 euro (una tantum)","Non previste","Non previste","1,10% della rendita annua (5% per opzione F per perdita autosufficienza fisica)","15,00% Bloomberg Euro Aggregate Treasury; 2,00% Bloomberg Global Treasury EUR Hedged; 3,50% Bloomberg Global Aggregate EUR Hedged; 3,50% Bloomberg Global Aggregate Corporate EUR Hedged; 33,00% Bloomberg EURO Aggregate Corporate; 2,50% Bloomberg Euro High Yield BB; 7,00% Bloomberg Global High Yield Corporate EUR Hedged; 6,00% MSCI Europe SMID Cap EUR Hedged; 4,50% FTSE Italia All_Shared Capped; 23,00% MSCI All Country World EUR Hedged.","massimo 35%","bilanciata tra titoli di debito e titoli di capitale","12/01/2005","NO","3","https://fondopriamo.it","Servizi trasporto pubblico e settori affini"
"FPN","139","Fondo Pensione Negoziale","FONDO PENSIONE PRIAMO","FONDO PENSIONE PRIAMO","GARANTITO PROTEZIONE","Garantito","2.83","1.82","1.13","0.92","","1.73","0.89","0.67","0.55","Sì","5,16 euro a carico dell'aderente (in unica soluzione all'atto dell'adesione) e 5,16 euro a carico dell'azienda. Non previste per adesioni contrattuali.","18,00 euro quota associativa annuale (imputazione 1,50 euro/mese).","0,45% annuo su patrimonio + 0,02% commissione depositario.","Non previste","50 euro (una tantum)","20 euro (una tantum)","Non previste","Non previste","1,10% della rendita annua (5% per opzione F per perdita autosufficienza fisica)","60% J.P. Morgan EMU Investment Grade – 1_5 LOC; 35% Merrill Lynch 1-5 y Euro Corporate; 5% MSCI World 100% Hedged to EUR Net Total Return.","5,35%","92,41%","01/07/2007","NO","2","https://fondopriamo.it","Servizi trasporto pubblico e settori affini"
"FPN","142","Fondo Pensione Negoziale","FONDO PENSIONE FONDEMAIN","FONDO PENSIONE FONDEMAIN","DINAMICO - Lavoratori autonomi","Azionario","","","","","","0.87","0.43","0.28","0.19","Sì","8 euro una tantum","16 euro (quota associativa annua) + 0,15% del patrimonio annuo","0,10% del patrimonio su base annua","12 euro","12 euro","12 euro","non previste","non previste","0,4% del montante iniziale (spese pagamento rendita) + 0,50% rendimento trattenuto","40% Bloomberg Global Aggregate Treasuries TR Index Hedged EUR; 15% MSCI World Net Total Return EUR Index; 39% MSCI World 100% hedged to EUR TR; 6% MSCI Emerging Markets Daily Net TR EUR","63,26%","33,68%","15/09/2009","NO, non ne tiene conto","4","https://fondemain.it","Lavoratori territorio Regione autonoma Valle d'Aosta"
"FPN","142","Fondo Pensione Negoziale","FONDO PENSIONE FONDEMAIN","FONDO PENSIONE FONDEMAIN","DINAMICO - Lavoratori dipendenti","Azionario","","","","","","0.81","0.41","0.28","0.19","Sì","8 euro una tantum (4 euro lavoratore, 4 euro datore)","16 euro (quota associativa annua, frazionata trimestralmente) + 0,15% del patrimonio annuo","0,10% del patrimonio su base annua","12 euro","12 euro","12 euro","non previste","non previste","0,4% del montante iniziale (spese pagamento rendita) + 0,50% rendimento trattenuto","40% Bloomberg Global Aggregate Treasuries TR Index Hedged EUR; 15% MSCI World Net Total Return EUR Index; 39% MSCI World 100% hedged to EUR TR; 6% MSCI Emerging Markets Daily Net TR EUR","63,26%","33,68%","15/09/2009","NO, non ne tiene conto","4","https://fondemain.it","Lavoratori territorio Regione autonoma Valle d'Aosta"
"FPN","142","Fondo Pensione Negoziale","FONDO PENSIONE FONDEMAIN","FONDO PENSIONE FONDEMAIN","GARANTITO - Lavoratori autonomi","Garantito","","","","","","1.23","0.79","0.65","0.55","Sì","8 euro una tantum","16 euro (quota associativa annua) + 0,50% del patrimonio annuo","0,06% commissioni finanziarie + 0,39% commissioni di garanzia","12 euro","12 euro","12 euro","non previste","non previste","0,4% del montante iniziale (spese pagamento rendita) + 0,50% rendimento trattenuto","Tasso di rivalutazione del TFR (Strategia non a benchmark)","3,96%","96,04%","15/02/2008","NO, non ne tiene conto","3","https://fondemain.it","Lavoratori territorio Regione autonoma Valle d'Aosta"
"FPN","142","Fondo Pensione Negoziale","FONDO PENSIONE FONDEMAIN","FONDO PENSIONE FONDEMAIN","GARANTITO - Lavoratori dipendenti","Garantito","","","","","","1.17","0.78","0.65","0.55","Sì","8 euro una tantum (4 euro lavoratore, 4 euro datore)","16 euro (quota associativa annua, frazionata trimestralmente) + 0,50% del patrimonio annuo","0,06% commissioni finanziarie + 0,39% commissioni di garanzia","12 euro","12 euro","12 euro","non previste","non previste","0,4% del montante iniziale (spese pagamento rendita) + 0,50% rendimento trattenuto","Tasso di rivalutazione del TFR (Strategia non a benchmark)","3,96%","96,04%","15/02/2008","NO, non ne tiene conto","3","https://fondemain.it","Lavoratori territorio Regione autonoma Valle d'Aosta"
"FPN","142","Fondo Pensione Negoziale","FONDO PENSIONE FONDEMAIN","FONDO PENSIONE FONDEMAIN","PRUDENTE - Lavoratori autonomi","Obbligazionario","","","","","","0.87","0.43","0.28","0.19","Sì","8 euro una tantum","16 euro (quota associativa annua) + 0,15% del patrimonio annuo","0,10% del patrimonio su base annua","12 euro","12 euro","12 euro","non previste","non previste","0,4% del montante iniziale (spese pagamento rendita) + 0,50% rendimento trattenuto","60% Bloomberg Global-Aggregate Total Return Index Value Hedged EUR; 10% Bloomberg Global High Yield Total Return Index Value Hedged EUR; 15% MSCI All Countries Net Return Index USD; 15% MSCI ACWI with Developed Markets 100% hedged to EUR Index","32,93%","67,07%","17/08/2005","NO, non ne tiene conto","4","https://fondemain.it","Lavoratori territorio Regione autonoma Valle d'Aosta"
"FPN","142","Fondo Pensione Negoziale","FONDO PENSIONE FONDEMAIN","FONDO PENSIONE FONDEMAIN","PRUDENTE - Lavoratori dipendenti","Obbligazionario","","","","","","0.81","0.41","0.28","0.19","Sì","8 euro una tantum (4 euro lavoratore, 4 euro datore)","16 euro (quota associativa annua, frazionata trimestralmente) + 0,15% del patrimonio annuo","0,10% del patrimonio su base annua","12 euro","12 euro","12 euro","non previste","non previste","0,4% del montante iniziale (spese pagamento rendita) + 0,50% rendimento trattenuto","60% Bloomberg Global-Aggregate Total Return Index Value Hedged EUR; 10% Bloomberg Global High Yield Total Return Index Value Hedged EUR; 15% MSCI All Countries Net Return Index USD; 15% MSCI ACWI with Developed Markets 100% hedged to EUR Index","32,93%","67,07%","17/08/2005","NO, non ne tiene conto","4","https://fondemain.it","Lavoratori territorio Regione autonoma Valle d'Aosta"
"FPN","143","Fondo Pensione Negoziale","FONDO PENSIONE FONDOPOSTE","FONDO PENSIONE FONDOPOSTE","BILANCIATO","Bilanciato","6.61","0.04","2.39","2.87","","0.43","0.34","0.3","0.27","Sì","5 euro a carico dell'azienda","0,35% del patrimonio","0,20% del patrimonio","Non specificato","Non addebita alcun importo","Non specificato","Senza alcun onere","Senza alcun onere","1,10% (rendite standard)","36% ICE BofAML Global Government ex-Japan, 7% ICE BofAML 1-10y Inflation-Linked Global, 3% ICE BofAML US Emerging Markets External Sovereign, 10% ICE BofAML Euro Corporate IG, 10% ICE BofAML US Large Cap Corporate IG, 4% ICE BofAML BB Global High Yield, 26% MSCI AC World, 2% FTSE MIB, 2% FTSE Italia Star","34%","66%","01/07/2007","NO","3","https://fondoposte.it","Gruppo Poste Italiane e settori affini"
"FPN","143","Fondo Pensione Negoziale","FONDO PENSIONE FONDOPOSTE","FONDO PENSIONE FONDOPOSTE","GARANTITO","Garantito","4.34","0.05","0.92","1.06","","0.53","0.45","0.41","0.38","Sì","5 euro a carico dell'azienda","0,24% del patrimonio","0,11% del patrimonio","Non specificato","Non addebita alcun importo","Non specificato","Non è possibile riallocare la posizione verso il comparto Garantito","Non è possibile riallocare la posizione verso il comparto Garantito","1,10% (rendite standard)","Nessuno (obiettivo rendimento TFR)","13%","87%","01/07/2007","SI, promuove caratteristiche ambientali e sociali","3","https://fondoposte.it","Gruppo Poste Italiane e settori affini"
"FPN","143","Fondo Pensione Negoziale","FONDO PENSIONE FONDOPOSTE","FONDO PENSIONE FONDOPOSTE","AZIONARIO","Azionario","","","","","","0.38","0.3","0.26","0.23","Sì","5 euro a carico dell'azienda","0,31% del patrimonio","0,20% del patrimonio","Non specificato","Non addebita alcun importo","Non specificato","Senza alcun onere","Senza alcun onere","1,10% (rendite standard)","40% MSCI World Net Return hedged, 25% MSCI World Net Return, 5% MSCI Emerging Markets Net Return, 15% ICE BofA Euro Government, 15% ICE BofA Euro Corporate IG","73%","27%","03/06/2025","NO","4","https://fondoposte.it","Gruppo Poste Italiane e settori affini"
"FPN","143","Fondo Pensione Negoziale","FONDO PENSIONE FONDOPOSTE","FONDO PENSIONE FONDOPOSTE","MONETARIO","Obbligazionario","","","","","","0.38","0.3","0.26","0.23","Sì","5 euro a carico dell'azienda","0,21% del patrimonio","0,11% del patrimonio","Non specificato","Non addebita alcun importo","Non specificato","Senza alcun onere","Senza alcun onere","1,10% (rendite standard)","60% ICE BofA Euro Government 1-3 Year, 40% ICE BofA Euro Corporate 1-3 Year","0%","100%","03/06/2025","NO","4","https://fondoposte.it","Gruppo Poste Italiane e settori affini"
"FPN","145","Fondo Pensione Negoziale","FONDO PENSIONE FONDO SCUOLA ESPERO","FONDO PENSIONE FONDO SCUOLA ESPERO","CRESCITA","Bilanciato","7.55","1.7","2.96","2.88","","0.8","0.44","0.31","0.2","Sì","2,58 euro","0,14% commissione di gestione comparto, 0,02% commissione depositario","0,14% commissione di gestione comparto, 0,02% commissione depositario","5,50 euro","5,50 euro","10,50 euro","5,50 euro","Non previste","0,55% in termini di rendimento trattenuto","10% JP Morgan Cash 3 mesi indice euribor; 15% MSCI All Countries TR Net; 10,5% MSCI World Net Total Return EUR Index; 4,5% MSCI World 100% Hedged to EUR Net Total Return Index; 19% Bloomberg Barclays Global Agg 1-3yr EUR Hedged + 1% Vix; 40% Bloomberg Barclays Global Aggregate All Maturity Euro Hedged","30% azioni internazionali","40% obbligazioni mercato globale, 19% obbligazioni mercato globale short duration","01/04/2009","Articolo 6 SFDR (Non promuove caratteristiche ambientali/sociali)","3","https://fondoespero.it","Scuola"
"FPN","145","Fondo Pensione Negoziale","FONDO PENSIONE FONDO SCUOLA ESPERO","FONDO PENSIONE FONDO SCUOLA ESPERO","GARANZIA","Garantito","3.5","0.04","0.57","0.62","","0.96","0.61","0.47","0.37","Sì","2,58 euro","0,30% commissione di gestione comparto, 0,02% commissione depositario","0,30% commissione di gestione comparto, 0,02% commissione depositario","5,50 euro","5,50 euro","10,50 euro","5,50 euro","Non previste","0,55% in termini di rendimento trattenuto","40% JP Morgan ITALIA 1-5y; 25% JP Morgan EMU Gov IG 1-5y; 20% JP Morgan EMU IG all mat.; 10% ICE BofAML 1-5 Year Euro Large Cap Corporate Index; 5% MSCI Daily Net TR World Index","Componente azionaria residuale (max 10% azionario OCSE)","Titoli obbligazionari di breve/media durata","01/04/2009","Articolo 6 SFDR (Non promuove caratteristiche ambientali/sociali)","2","https://fondoespero.it","Scuola"
"FPN","145","Fondo Pensione Negoziale","FONDO PENSIONE FONDO SCUOLA ESPERO","FONDO PENSIONE FONDO SCUOLA ESPERO","DINAMICO","Azionario","","","","","","0.82","0.46","0.33","0.22","Sì","2,58 euro","0,16% commissione di gestione comparto, 0,02% commissione depositario","0,16% commissione di gestione comparto, 0,02% commissione depositario","5,50 euro","5,50 euro","10,50 euro","5,50 euro","Non previste","0,55% in termini di rendimento trattenuto","40% Bloomberg Barclays Global Aggregate All Maturity Euro Hedged; 24% MSCI World Index TR in USD convertito in euro; 30% MSCI World Index euro hedged; 6% MSCI Emerging Markets in USD convertito in euro","60% azioni internazionali","40% obbligazioni globali investment grade","01/11/2024","Articolo 6 SFDR (Non promuove caratteristiche ambientali/sociali)","3","https://fondoespero.it","Scuola"
"FPN","148","Fondo Pensione Negoziale","ASTRI - FONDO PENSIONE","ASTRI - FONDO PENSIONE","BILANCIATO","Bilanciato","6.13","0.22","2.11","2.71","","0.84","0.42","0.28","0.17","Sì","15 € a carico aderente, 15 € a carico azienda","0,090% del patrimonio su base annua (spese gestione finanziaria), 0,02% depositario, 0,01% spese amministrative","0,090%","Non previste","Non previste","Non previste","Non previste","Non previste","1,24% caricamento sulla rata di rendita; 0,55% costi applicati in funzione della modalità di partecipazione agli utili","MSCI WORLD all countries 30%, JPM EMU IG all maturities 35%, ML BOFA Euro Corporate 20%, JPM GBI US TR Index Hedged in Eur 15%","31,50%","66,30%","02/01/2008","Il comparto promuove caratteristiche ambientali o sociali","3","https://astrifondopensione.it","Autostrade, strade, trasporti e infrastrutture"
"FPN","148","Fondo Pensione Negoziale","ASTRI - FONDO PENSIONE","ASTRI - FONDO PENSIONE","GARANTITO","Garantito","2.76","1.95","1.25","0.9","","1.2","0.79","0.64","0.54","Sì","15 € a carico aderente, 15 € a carico azienda","0,45% del patrimonio su base annua (spese gestione finanziaria), 0,02% depositario, 0,01% spese amministrative","0,45%","Non previste","Non previste","Non previste","Non previste","Non previste","1,24% caricamento sulla rata di rendita; 0,55% costi applicati in funzione della modalità di partecipazione agli utili","Superamento del precedente Benchmark che di fatto viene sostituito dalla nuova garanzia del “capitale minimo garantito”","5,22%","92,79%","02/01/2008","Non promuove caratteristiche ambientali e/o sociali e non ha come obiettivo investimenti sostenibili","2","https://astrifondopensione.it","Autostrade, strade, trasporti e infrastrutture"
"FPN","157","Fondo Pensione Negoziale","FONDO PENSIONE AGRIFONDO","FONDO PENSIONE AGRIFONDO","BILANCIATO","Bilanciato","5.29","1.49","2.42","2.68","","0.85","0.51","0.36","0.23","Sì","Non previste","0,18% (indirettamente a carico dell'aderente, prelevate trimestralmente)","0,18% base annua (di cui 0,022% per banca depositaria)","Non previste","Non previste","Non previste","Non previste","Non previste","0,9% annuale, 1,0% semestrale, 1,2% trimestrale, 1,4% bimestrale, 2,0% mensile","40% JPMorgan EMU 1-3 anni Investment Grade; 25% JPMorgan EMU All Maturities Investment Grade; 25% MSCI EMU Total Return Net dividend; 10% MSCI World Total Return Net dividend","35%","65%","01/04/2011","NO","3","https://fondoagrifondo.it","Agricoltura - Operai, impiegati, contoterzisti, aziende cooperative, consorzi agrari"
"FPN","157","Fondo Pensione Negoziale","FONDO PENSIONE AGRIFONDO","FONDO PENSIONE AGRIFONDO","GARANTITO","Garantito","3.38","0.3","0.65","0.68","","0.94","0.61","0.45","0.33","Sì","Non previste","0,27% (indirettamente a carico dell'aderente, prelevate trimestralmente)","0,27% base annua (di cui 0,022% per banca depositaria)","Non previste","Non previste","Non previste","Non previste","Non previste","0,9% annuale, 1,0% semestrale, 1,2% trimestrale, 1,4% bimestrale, 2,0% mensile","75% JP Morgan Euro Gov Bond 1-5 anni; 20% BoFA Merrill Lynch 1-5y Euro Corporate Index; 5% MSCI Daily Net TR World Index","5%","95%","02/05/2008","NO","2","https://fondoagrifondo.it","Agricoltura - Operai, impiegati, contoterzisti, aziende cooperative, consorzi agrari"
"FPN","164","Fondo Pensione Negoziale","FONDO PERSEO SIRIO","FONDO PERSEO SIRIO","GARANTITO","Garantito","3.23","0.34","0.69","0.91","","0.78","0.57","0.47","0.39","Sì","Non previste","0,46% del patrimonio su base annua, di cui 0,44% per commissioni di gestione base e 0,02% per commissioni di depositario","0,03% per spese amministrative da gestione finanziaria","Non previste","Non previste","Non previste","Non previste","Non previste","1,10% al premio riconosciuto alla Compagnia; 5,00% per opzione rendita LTC","Non presente (gestione total return con obiettivo rendimento TFR)","5,05%","94,26%","01/10/2015","NO","2","https://fondoperseosirio.it","Pubblica Amministrazione, Sanità, Università, Centri Ricerca, Agenzie Fiscali, Federazioni Sportive, Coni"
"FPN","164","Fondo Pensione Negoziale","FONDO PERSEO SIRIO","FONDO PERSEO SIRIO","AZIONARIO","Azionario","12.26","","","","","0.64","0.43","0.34","0.26","Sì","Non previste","0,19% del patrimonio su base annua (0,18% gestione base fino a 70 milioni, 0,16% sopra 70 milioni, 0,02% deposito, 10% overperformance), 0,268% (Fia/Fof pei)","0,03% per spese amministrative da gestione finanziaria","Non previste","Non previste","Non previste","Non previste","Non previste","1,10% al premio riconosciuto alla Compagnia; 5,00% per opzione rendita LTC","70% MSCI World 100% hdg to EUR, Net TR €; 30% MSCI World Net TR €","94,16%","0,00%","01/12/2023","SI","5","https://fondoperseosirio.it","Pubblica Amministrazione, Sanità, Università, Centri Ricerca, Agenzie Fiscali, Federazioni Sportive, Coni"
"FPN","164","Fondo Pensione Negoziale","FONDO PERSEO SIRIO","FONDO PERSEO SIRIO","OBBLIGAZIONARIO","Obbligazionario","1.84","","","","","0.59","0.38","0.28","0.21","Sì","Non previste","0,14% del patrimonio su base annua (0,12% gestione base, 0,02% deposito, 10% overperformance)","0,03% per spese amministrative da gestione finanziaria","Non previste","Non previste","Non previste","Non previste","Non previste","1,10% al premio riconosciuto alla Compagnia; 5,00% per opzione rendita LTC","35% Ice BofA Pan-Europe Govt TR € hdg; 25% Ice BofA US treasury TR € hdg; 10% Ice BofA 1-10y Global infl lkd Govt ex.JAP TR € unhdg; 30% Ice BofA Global Corporate TR € hdg","0,00%","94,08%","01/12/2023","SI","3","https://fondoperseosirio.it","Pubblica Amministrazione, Sanità, Università, Centri Ricerca, Agenzie Fiscali, Federazioni Sportive, Coni"
"FPN","167","Fondo Pensione Negoziale","FONDAEREO","FONDAEREO","GARANTITO - Assistenti di volo","Garantito","","","","","","1.8","1.18","0.92","0.7","Sì","","","","","","","","","","","","","","","3","https://fondaereo.it","Naviganti trasporto aereo, piloti, assistenti di volo"
"FPN","167","Fondo Pensione Negoziale","FONDAEREO","FONDAEREO","GARANTITO - Piloti","Garantito","","","","","","2.68","1.62","1.15","0.77","Sì","","","","","","","","","","","","","","","3","https://fondaereo.it","Naviganti trasporto aereo, piloti, assistenti di volo"
"FPN","167","Fondo Pensione Negoziale","FONDAEREO","FONDAEREO","EQUILIBRIO - Assistenti di volo","Obbligazionario","","","","","","1.36","0.74","0.47","0.26","","","","","","","","","","","","","","","","4","https://fondaereo.it","Naviganti trasporto aereo, piloti, assistenti di volo"
"FPN","167","Fondo Pensione Negoziale","FONDAEREO","FONDAEREO","EQUILIBRIO - Piloti","Obbligazionario","","","","","","2.25","1.18","0.71","0.32","","","","","","","","","","","","","","","","3","https://fondaereo.it","Naviganti trasporto aereo, piloti, assistenti di volo"
"FPN","167","Fondo Pensione Negoziale","FONDAEREO","FONDAEREO","CRESCITA - Assistenti di volo","Azionario","","","","","","1.35","0.73","0.47","0.25","","","","","","","","","","","","","","","","4","https://fondaereo.it","Naviganti trasporto aereo, piloti, assistenti di volo"
"FPN","167","Fondo Pensione Negoziale","FONDAEREO","FONDAEREO","CRESCITA - Piloti","Azionario","","","","","","2.24","1.17","0.7","0.31","","","","","","","","","","","","","","","","3","https://fondaereo.it","Naviganti trasporto aereo, piloti, assistenti di volo"
"FPN","170","Fondo Pensione Negoziale","PREVIDENZA COOPERATIVA","PREVIDENZA COOPERATIVA","BILANCIATO","Obbligazionario Misto","8.27","1.65","3.15","","","0.75","0.47","0.38","0.31","Sì","€ 10 una tantum a carico del datore di lavoro","0,20% del patrimonio su base annua (indirettamente a carico dell'aderente)","0,20% del patrimonio su base annua","€ 15","€ 10","€ 15","Non previste","Non previste","Non previste","83,5% da indici di mercato obbligazionari e azionari e 16,5% Euribor 3 mesi + spread annuo","31%","69%","02/01/2020","NO, non ne tiene conto","3","https://previdenzacooperativa.it","Cooperative e lavoratori addetti sistemi idraulico-forestale"
"FPN","170","Fondo Pensione Negoziale","PREVIDENZA COOPERATIVA","PREVIDENZA COOPERATIVA","DINAMICO","Azionario","11.04","2.26","4.49","","","0.64","0.36","0.27","0.2","Sì","€ 10 una tantum a carico del datore di lavoro","0,17% del patrimonio su base annua (indirettamente a carico dell'aderente)","0,17% del patrimonio su base annua","€ 15","€ 10","€ 15","Non previste","Non previste","Non previste","50% indici obbligazionari e 50% indici azionari","51%","49%","02/01/2020","NO, non ne tiene conto","4","https://previdenzacooperativa.it","Cooperative e lavoratori addetti sistemi idraulico-forestale"
"FPN","170","Fondo Pensione Negoziale","PREVIDENZA COOPERATIVA","PREVIDENZA COOPERATIVA","SICURO","Garantito","2.3","0.91","0.5","0.52","","1.04","0.76","0.67","0.6","Sì","€ 10 una tantum a carico del datore di lavoro","0,55% del patrimonio su base annua (indirettamente a carico dell'aderente)","0,55% del patrimonio su base annua","€ 15","€ 10","€ 15","Non previste","Non previste","Non previste","95,0% JP Morgan GVB EMU, 5,0% MSCI Europe (dati storici)","3%","97%","01/10/2006","NO, non ne tiene conto","2","https://previdenzacooperativa.it","Cooperative e lavoratori addetti sistemi idraulico-forestale"
"PIP","5072","Piano Individuale Pensionistico (PIP)","SARA MULTISTRATEGY PIP - PIANO INDIVIDUALE PENSIONISTICO DI TIPO ASSICURATIVO - FONDO PENSIONE","SARA VITA S.P.A.","FUTURO&amp;PREVIDENZA","Garantito","","","","","","4.57","3.13","2.58","2.16","Sì","Euro 15","2% trattenuto dal rendimento annuo","2% trattenuto dal rendimento annuo","Euro 25","Euro 25","Euro 25","Euro 25","Euro 25","caricamento per spese di gestione della rendita pari all'1,25%, rivalutazione annua con costo pari all'1% di rendimento trattenuto","Tasso di rendimento medio dei titoli di Stato","0,09%","82,02% (Titoli di Stato 58,08% + Obbligazioni 23,94%)","05/12/2007","non adotta una politica di investimento che promuove caratteristiche ambientali o sociali","1","",""
"PIP","5092","Piano Individuale Pensionistico (PIP)","LIBERO DOMANI - PIANO INDIVIDUALE PENSIONISTICO DI TIPO ASSICURATIVO - FONDO PENSIONE","SARA VITA S.P.A.","FUTURO&amp;PREVIDENZA","Garantito","","","","","","4.07","2.5","1.93","1.5","Sì","non previste","1,35% trattenuto dal rendimento annuo","1,35%","non prevista","in cifra fissa: pari a Euro 50 da prelevare alla posizione trasferita al momento dell’operazione","non prevista","non prevista","non prevista","1,25% (caricamento) + 1% (costo annuo su rendimento)","Tasso di rendimento medio dei titoli di Stato","0,09%","82,02%","05/12/2007","NO, non ne tiene conto","2","",""
"PIP","5106","Piano Individuale Pensionistico (PIP)","BG PREVIDENZA ATTIVA PREMIUM - PIANO INDIVIDUALE PENSIONISTICO DI TIPO ASSICURATIVO - FONDO PENSIONE","ALLEANZA ASSICURAZIONI S.P.A.","AZIONARIO PREVIDENZA ATTIVA PREMIUM","Azionario","","","","","","4.47","3.38","2.88","2.46","","","","","","","","","","","","","","","","1","",""
"PIP","5106","Piano Individuale Pensionistico (PIP)","BG PREVIDENZA ATTIVA PREMIUM - PIANO INDIVIDUALE PENSIONISTICO DI TIPO ASSICURATIVO - FONDO PENSIONE","ALLEANZA ASSICURAZIONI S.P.A.","OBBLIGAZIONARIO PREVIDENZA ATTIVA PREMIUM","Obbligazionario","","","","","","3.96","2.86","2.35","1.93","","","","","","","","","","","","","","","","2","",""
"PIP","5106","Piano Individuale Pensionistico (PIP)","BG PREVIDENZA ATTIVA PREMIUM - PIANO INDIVIDUALE PENSIONISTICO DI TIPO ASSICURATIVO - FONDO PENSIONE","ALLEANZA ASSICURAZIONI S.P.A.","RI.ALTO PREVIDENZA","Garantito","","","","","","3.5","2.39","1.88","1.46","Sì","","","","","","","","","","","","","","","2","",""
"FPN","87","Fondo Pensione Negoziale","SOLIDARIETA' VENETO - FONDO PENSIONE","SOLIDARIETA' VENETO - FONDO PENSIONE","GARANTITO","Garantito","2.74","-1.8","-0.52","0.08","","","","","","Sì","","0,55%","0,55%","15","15","15","Non previste","Non previste","1,24%","BBG Barclays Euro Tbills 0-3 m (LEB2TREU) + 0,5%","5,59%","93,80%","31/07/2007","NO, non ne tiene conto","2","https://solidarietaveneto.it","Tutte le categorie (fondo regionale Veneto)"
"FPN","87","Fondo Pensione Negoziale","SOLIDARIETA' VENETO - FONDO PENSIONE","SOLIDARIETA' VENETO - FONDO PENSIONE","PRUDENTE","Obbligazionario Misto","5.19","1.35","1.83","1.77","2.66","","","","","Sì","","0,18%","0,18%","15","15","15","Non previste","Non previste","1,24%","ICE BofA Euro Government 1-3Y, ICE BofA Euro Government all mats, ICE BofA Euro Inflation Linked all mats, ICE BofA US Treasury all mats, ICE BofA Emerging external sovereign US Inv. Grade all mats, ICE BofA Euro Corporate all mats, ICE BofA US Corporate large cap all mats, MSCI World Net TR EUR Index, Private Debt, Real Assets","23,69%","76,31%","01.10.2002","SI, promuove CARATTERISTICHE AMBIENTALI O SOCIALI","3","https://solidarietaveneto.it","Tutte le categorie (fondo regionale Veneto)"
"FPN","87","Fondo Pensione Negoziale","SOLIDARIETA' VENETO - FONDO PENSIONE","SOLIDARIETA' VENETO - FONDO PENSIONE","REDDITO","Bilanciato","7.03","0.68","2.13","2.24","2.93","","","","","Sì","","0,20%","0,20%","15","15","15","Non previste","Non previste","1,24%","ICE BofA Euro Government 1-3Y, ICE BofA Euro Government all mats, ICE BofA Euro Inflation Linked all mats, ICE BofA US Treasury all mats, ICE BofA Emerging external sovereign US Inv. Grade all mats, ICE BofA Euro Corporate all mats, ICE BofA US Corporate large cap all mats, MSCI World Net TR EUR Index, Private Debt, Private Equity, Real Asset","40,39%","59,61%","01/10/2002","SI, promuove CARATTERISTICHE AMBIENTALI O SOCIALI","3","https://solidarietaveneto.it","Tutte le categorie (fondo regionale Veneto)"
"FPN","87","Fondo Pensione Negoziale","SOLIDARIETA' VENETO - FONDO PENSIONE","SOLIDARIETA' VENETO - FONDO PENSIONE","DINAMICO","Azionario","11.43","2.99","5.42","4.88","4.86","","","","","Sì","","0,19%","0,19%","15","15","15","Non previste","Non previste","1,24%","MSCI World Net TR EUR Index, MSCI World Net TR 100% Hedged to EUR Index, MSCI Emerging Markets Net TR EUR Index, Private Debt, Private Equity, Real Asset","37,64%","62,36%","01/10/2002","SI, promuove CARATTERISTICHE AMBIENTALI O SOCIALI","4","https://solidarietaveneto.it","Tutte le categorie (fondo regionale Veneto)"
"FPN","142","Fondo Pensione Negoziale","FONDO PENSIONE FONDEMAIN","FONDO PENSIONE FONDEMAIN","GARANTITO","Garantito","3.2","1.99","1.2","0.82","","","","","","Sì","8 euro una tantum","16 euro (quota associativa annua) + 0,50% del patrimonio annuo","0,06% commissioni finanziarie + 0,39% commissioni di garanzia","12 euro","12 euro","12 euro","non previste","non previste","0,4% del montante iniziale (spese pagamento rendita) + 0,50% rendimento trattenuto","Tasso di rivalutazione del TFR (Strategia non a benchmark)","3,96%","96,04%","15/02/2008","NO, non ne tiene conto","2","https://fondemain.it","Lavoratori territorio Regione autonoma Valle d'Aosta"
"FPN","142","Fondo Pensione Negoziale","FONDO PENSIONE FONDEMAIN","FONDO PENSIONE FONDEMAIN","PRUDENTE","Obbligazionario Misto","7.27","0.93","2.47","2.6","","","","","","Sì","8 euro una tantum","16 euro (quota associativa annua) + 0,15% del patrimonio annuo","0,10% del patrimonio su base annua","12 euro","12 euro","12 euro","non previste","non previste","0,4% del montante iniziale (spese pagamento rendita) + 0,50% rendimento trattenuto","60% Bloomberg Global-Aggregate Total Return Index Value Hedged EUR; 10% Bloomberg Global High Yield Total Return Index Value Hedged EUR; 15% MSCI All Countries Net Return Index USD; 15% MSCI ACWI with Developed Markets 100% hedged to EUR Index","32,93%","67,07%","17/08/2005","NO, non ne tiene conto","3","https://fondemain.it","Lavoratori territorio Regione autonoma Valle d'Aosta"
"FPN","142","Fondo Pensione Negoziale","FONDO PENSIONE FONDEMAIN","FONDO PENSIONE FONDEMAIN","DINAMICO","Azionario","9.3","1.2","3.77","4.11","","","","","","Sì","8 euro una tantum","16 euro (quota associativa annua) + 0,15% del patrimonio annuo","0,10% del patrimonio su base annua","12 euro","12 euro","12 euro","non previste","non previste","0,4% del montante iniziale (spese pagamento rendita) + 0,50% rendimento trattenuto","40% Bloomberg Global Aggregate Treasuries TR Index Hedged EUR; 15% MSCI World Net Total Return EUR Index; 39% MSCI World 100% hedged to EUR TR; 6% MSCI Emerging Markets Daily Net TR EUR","63,26%","33,68%","15/09/2009","NO, non ne tiene conto","4","https://fondemain.it","Lavoratori territorio Regione autonoma Valle d'Aosta"
"FPN","167","Fondo Pensione Negoziale","FONDAEREO","FONDAEREO","GARANTITO","Garantito","2.79","2.04","1.2","0.78","","","","","","Sì","5,16 euro a carico del lavoratore e 5,16 euro a carico dell’azienda una tantum","0,54% (commissioni gestore) + 0,02% (banca depositaria) + 0,036% (spese amministrative)","0,54%","Non previste per l’anno 2026","Non previste per l’anno 2026","Non previste per l’anno 2026","Non specificato come costo extra","Non specificato come costo extra","1,10% della rata di rendita","Non presente","0% - 30%","70% - 100%","01/10/2012","NO","2","https://fondaereo.it","Naviganti trasporto aereo, piloti, assistenti di volo"
"FPN","167","Fondo Pensione Negoziale","FONDAEREO","FONDAEREO","EQUILIBRIO","Obbligazionario Misto","5.32","-0.61","1.58","2.57","","","","","","Sì","5,16 euro a carico del lavoratore e 5,16 euro a carico dell’azienda una tantum","0,0825% (commissioni gestore) + 0,02% (banca depositaria) + 0,036% (spese amministrative)","0,0825%","Non previste per l’anno 2026","Non previste per l’anno 2026","Non previste per l’anno 2026","Non specificato come costo extra","Non specificato come costo extra","1,10% della rata di rendita","40% ICE BofA Pan-Europe Govt., TR € hdg. – 20% ICE BofA US Treasury, TR € hdg - 10% ICE BofA Inflation-Linked Govt. Ex Japan, TR € hdg., 15% ICE BofA Euro Corp., TR € hdg – 15% ICE BofA US Large Corp IG All mats, TR € hdg","0%","100%","01/10/2025","NO","3","https://fondaereo.it","Naviganti trasporto aereo, piloti, assistenti di volo"
"FPN","167","Fondo Pensione Negoziale","FONDAEREO","FONDAEREO","CRESCITA","Azionario","8.98","0.9","3.9","4.36","","","","","","Sì","5,16 euro a carico del lavoratore e 5,16 euro a carico dell’azienda una tantum","0,0625% (commissioni gestore) + 0,02% (banca depositaria) + 0,036% (spese amministrative)","0,0625%","Non previste per l’anno 2026","Non previste per l’anno 2026","Non previste per l’anno 2026","Non specificato come costo extra","Non specificato come costo extra","1,10% della rata di rendita","20% MSCI World, Net Return - 70% MSCI World 100% hedged EUR Total return Net – 10% MSCI Emerging Markets, NTR €","100%","0%","01/10/2025","NO","4","https://fondaereo.it","Naviganti trasporto aereo, piloti, assistenti di volo"